name,mpn,make,article,article_brand
Амортизатор задний VW Golf 97- седан Bora/Octavia,77641229,KEMP,27C06F,Boge
Амортизатор капота VW Passat B5 96-04 310N 722-306,77641543,KEMP,4B0823359A,VAG
Амортизатор  передний VW Transporter T-5  газ.,77641702,KEMP,313327,Sachs
Амортизатор задний  VW Transporter T-5  газ.,77641703,KEMP,313031,Sachs
"Амортизатор  передний VW Passat В5,A4,A6,Superb 96-04 газ",77642034,KEMP,557837,Sachs
Амортизатор  передний VW Golf-2  84-91 газ (стойка),77642116,KEMP,115159,Sachs
Амортизатор задний Аudi-80 78-91   газ,77642183,KEMP,170883,Sachs
Амортизатор задний Аudi-80 B4 91-94   газ,77642184,KEMP,170269,Sachs
Амортизатор  передний VW Passat-B3 88-92  газ. (стойка),77642189,KEMP,170130,Sachs
Амортизатор  передний VW Passat-B4 92-96  газ. (стойка),77642190,KEMP,170160,Sachs
Амортизатор задний  VW Transporter T-4  газ.,77642191,KEMP,345900,Kayaba
Амортизатор  передний VW Transporter T-4   газ.,77642192,KEMP,170880,Sachs
Амортизатор крышки багажника Skoda Octavia  A5 04->H/B 405N  585-246мм,77642764,KEMP,1Z5827550,VAG
Амортизатор крышки багажника VW Transporter T5 03-> 755-210mm 970N,77642769,KEMP,7H0827550B,VAG
Амортизатор крышки багажника Audi A6 94-97 COMBI 647-279mm 450N,77642875,KEMP,4A9827552,VAG
Вкладыш передний аморт.Аudi-80 78-91/ VW Passat В2 80-88  масл.,7764343,KEMP,100786,Sachs
Амортизатор крышки багажника VW Golf 3 350N  27-50см,77643441,KEMP,,VAG
Вкладыш передний аморт. VW Passat B3 88-93 масл,7764345,KEMP,115163,Sachs
Вкладыш передний аморт. Аudi-100 82-94 газ,7764347,KEMP,115476,Sachs
Вкладыш передний аморт. Аudi-100 82-94  масл,7764348,KEMP,115475,Sachs
Амортизатор задний VW Passat B3 88-93/ B4 88-96  масл,7764354,KEMP,105781,Sachs
Амортизатор крышки багажника Skoda Fabia sedan 99->500N  16-28см,77643545,KEMP,31653,Febi
Амортизатор крышки багажника VW CaddY 04->720-183mm 870N,77643548,KEMP,2K0827550,VAG
Амортизатор задний VW Passat B3 88-93/ B4 88-96 газ,7764355,KEMP,105813,Sachs
Амортизатор крышки багажника VW Vento 91-97 260-91mm 690N,77643552,KEMP,1H5827550,VAG
Амортизатор задний Аudi-100 83-94/ A-6 94-97масло (с чашкой),77643915,KEMP,105807,Sachs
Амортизатор задний VW Caddy3 04- газ,77643937,KEMP,313320,Sachs
Амортизатор  передний VW Golf Jetta3 Cadi3 Pasat Octavia A5 Audi A3 04- газ,77643938,KEMP,311863,Sachs
Амортизатор задний  VW Golf Jetta3 Octavia A5 Audi A3 Passat 03- газ,77643939,KEMP,310950,Sachs
Амортизатор задний VW Golf-2 -3 Vento Seat Toledo 184-98 газ (усиленый),77643944,KEMP,105759,Sachs
Амортизатор задний  VW Golf Jetta3 Octavia A5 Audi A3 Passat 03- (усиленный),77644003,KEMP,1T0513029B,VAG
Амортизатор крышки багажника VW Touran770N  505mm,77644359,KEMP,,VAG
"Амортизатор капота Аudi-A-6 94-97,без чехла 380N 50-94 см",77644687,KEMP,4A0823359c,VAG
Амортизатор крышки багажника Audi A6 97-00 278-90mm 630N,77644688,KEMP,4B5827552D,VAG
Амортизатор крышки багажника Audi A6 A4 00-05 298-95mm 650N,77644697,KEMP,4B5827552F,VAG
Амортизатор крышки багажника Audi A6 97-00 COMBI 500-195mm 690N,77644699,KEMP,4B9827552C,VAG
Амортизатор крышки багажника Audi 80 91-94 575-220mm  500N(Avant),77644700,KEMP,8A9827552D,VAG
Амортизатор капота VW Caddy 3 2004->,77644750,KEMP,1409100066,Meyle
Амортизатор капота Аudi-100 -91 465-187mm 320N,77644755,KEMP,443823359B,VAG
Амортизатор крышки багажника Audi A100-A6 90-97 404-160mm 390N,77644758,KEMP,4A5827552,VAG
Амортизатор крышки багажника Audi 100/A6 90-97 COMBI 647-269mm 450N,77644760,KEMP,4A9827552,VAG
Амортизатор крышки багажника Skoda Fabia sedan 01-> 279-95mm 490N,77644800,KEMP,6Y5827550A,VAG
Амортизатор крышки багажника Audi A4 94-00 279-95mm 490N,77644801,KEMP,8D5827552,VAG
Амортизатор крышки багажника VW Passat B5 96-00 Bora98- 279-95mm 490N,77644802,KEMP,3B5827550,VAG
Амортизатор крышки багажника Skoda Fabia HB-Combi 98-> 440-169mm600N,77644803,KEMP,6Y0827550A,VAG
Амортизатор крышки багажника Skoda Octavia sedan 00-10 495-182mm 565N,77644808,KEMP,1U6827550H,VAG
Амортизатор крышки багажника Skoda Octavia combi 98--04 405-150mm 550N,77644809,KEMP,1U9827550A,VAG
Амортизатор крышки багажника VW Passat B5 00- Superb 279-95mm520N,77644810,KEMP,3B5827550E,VAG
Амортизатор крышки багажника VW Passat B5 96-00 Bora98- 279-90mm 530N,77644811,KEMP,3B5827550A,VAG
Амортизатор крышки багажника VW Golf 2  502-200mm 270N,77644812,KEMP,191827550B,VAG
Амортизатор крышки багажника VW Golf 3  500-208mm 350N,77644814,KEMP,1H6827550A,VAG
Амортизатор крышки багажника VW Golf 3 variant 585-235mm 360N,77644815,KEMP,1H9827550A,VAG
Амортизатор крышки багажника VW Golf5 03- 450-168mm 535N,77644817,KEMP,1K6827550D,VAG
Амортизатор крышки багажника VW Passat B3/4 variant 88-97 515-210mm 500N,77644818,KEMP,3A9827550,VAG
Амортизатор крышки багажника VW Passat B5 variant 97-00 500-205mm 470N,77644819,KEMP,3B9827550,VAG
Амортизатор крышки багажника VW Passat Polo 01- 500-200mm 400N,77644820,KEMP,6Q6827550C,VAG
Амортизатор крышки багажника VW Sharan Ford Galaxy 00->  593-200mm 830N,77644821,KEMP,7M0827550G,VAG
Амортизатор капота VW Caddy3 Touran 03- 405*150mm 460N,77644823,KEMP,1T0823359A,VAG
Амортизатор крышки багажника VW Transporter T4 90-92 570-225mm 910N,77644824,KEMP,701829331J,VAG
Амортизатор крышки багажника VW Transporter T4 92- 686-255mm 770N,77644825,KEMP,701829331R,VAG
Амортизатор крышки багажника VW Transporter T4 92- 686-255mm 910N,77644826,KEMP,701829331AB,VAG
Амортизатор капота VW T5 03- 390-150mm 360N,77644827,KEMP,128904,QUINTON HAZELL
Амортизатор крышки багажника VW Transporter T5 03-> 755-210mm 1130N,77644828,KEMP,7H0827550,VAG
Амортизатор крышки багажника VW Transporter T5 03-> 755-210mm 1080N,77644830,KEMP,7H0827550B,VAG
Амортизатор  передний VW Transporter T-4 (усиленный) масло,77645052,KEMP,105819 U,Sachs
Амортизатор задний Аudi-100 83-94/ A-6 94-97  газ(без чашки),77645054,KEMP,170428/341133,Sachs
Амортизатор  передний Audi A6 (C6) 04->,77645310,KEMP,312638,Sachs
Амортизатор задний Audi A6 (C6) 04->,77645311,KEMP,312640,Sachs
Амортизатор задний  VW Crafter 30-50 MB Sprinter (906) 3t 3.5t  06->,77645323,KEMP,314608,Sachs
Амортизатор задний Audi A4 (B7) 04->,77645331,KEMP,313367,Sachs
Амортизатор задний  VW Transporter T-4 (усиленный)  масло,77645332,KEMP,105820 U,Sachs
Амортизатор крышки багажника L425mm высота подема 165mm 390n,7764564,KEMP,3330137,Sachs
Амортизатор капота VW Passat B5 96-04 722*306 280N,7764565,KEMP,3B0823359C,VAG
"Амортизатор капота Аudi-100 91-95 /A-6 95-97, (с чехлом)",7764566,KEMP,27677,Febi
Амортизатор задний Аudi-80 78-91   масл.,7764608,KEMP,105782,Sachs
Амортизатор  передний VW Golf-3 Vento усиленый газ (стойка),77646082,KEMP,170795,Sachs
Амортизатор задний Аudi-100 83-94/ A-6 94-97масло(без чашки),7764610,KEMP,105807,Sachs
Амортизатор задний VW Passat В-2 1.3-1.6-1.8  масло,7764611,KEMP,105723,Sachs
Амортизатор  передний VW Transporter T-4  масло,7764618,KEMP,105819,Sachs
Амортизатор задний  VW Transporter T-4  масло,7764619,KEMP,105820,Sachs
Амортизатор задний VW Golf2 84-91 масл (усиленный),7764620,KEMP,170216,Sachs
Амортизатор задний VW Golf2 84-91 масл,77646420,KEMP,105739,Sachs
Амортизатор задний VW Golf Octavia универсал Pollo (6 RU) газ,77646458,KEMP,556273,Sachs
Амортизатор задний VW Golf 97- седан Bora/Octavia  масло,7764756,KEMP,556271,Sachs
Амортизатор  передний VW Golf IV/Bora /Octavia   масло,7764761,KEMP,200951,Sachs
Амортизатор крышки багажника Audi A4 Avant  A3 HB96-01 500-220 420N,77647688,KEMP,8D9827552,VAG
Амортизатор крышки багажника Audi  A3 HB 03-12 715-306 290N,77647689,KEMP,8P0823359,VAG
Амортизатор крышки багажника Audi  A3 HB 06-12 495-185 490N,77647690,KEMP,8P3827552D,VAG
Амортизатор капота Аudi-A-4 94-01 722-306 310N,77647691,KEMP,8D0823359A,VAG
Амортизатор крышки багажника Audi A4 Avant  01-> 500-200mm 530N,77647692,KEMP,8E9827552E,VAG
Амортизатор крышки багажника Audi A6 04-11 298-85 730N,77647693,KEMP,4F5827552,VAG
Амортизатор крышки багажника Audi 80 79-86 303-115  490N,77647694,KEMP,811827552A,VAG
Амортизатор капота Аudi-Q5 08->306-96 410N,77647695,KEMP,8R0823359A,VAG
Амортизатор капота SKODA SUPERB 01-08  722-306  350N,77647702,KEMP,3U0823359,VAG
Амортизатор крышки багажника Skoda Octavia  A5 04->Combi  492-189 480N,77647703,KEMP,1Z9827550,VAG
Амортизатор крышки багажника Skoda ROOMSTER 06-> 420-151 600N,77647704,KEMP,5J7827550,VAG
Амортизатор капота VW Golf 5 Jetta 3 05->730-308  240N,77647705,KEMP,1K0823359A,VAG
Амортизатор капота VW Passat B6 05-> 730-308  350N,77647707,KEMP,3C0823359A,VAG
Амортизатор капота Аudi-A-4 00-08 713-313 330N,77647708,KEMP,8E0823359A,VAG
Амортизатор крышки багажника VW Touareg 3.0-4.2  10-> 594*190*605N,77647827,KEMP,7P6827550,VAG
Амортизатор капота Аudi-Q7 06->485-192 170N,77647828,KEMP,4L0 823 359,VAG
Амортизатор капота Аudi-100-200  82-86 685*279 260N,77647878,KEMP,443823359D,VAG
Амортизатор крышки багажника Porsche Cayenne 03->  253*67  1900N(пружина газовая,77648082,KEMP,7L5827550J,VAG
Амортизатор задний  VW Crafter 30-50 MB Sprinter (906) 3t 3.5t  06-> (усиленный),77648214,KEMP,314608U,Sachs
Амортизатор  передний VW Passat-B3 88-92 масл (стойка),7764828,KEMP,170129,Sachs
Амортизатор крышки багажника Audi 80 86-91 275-90mm -420N PAS.B 5 96-00,7764829,KEMP,893827552,VAG
"Амортизатор  передний VW Passat В5,A4,A6,Superb 96-04  газ (пакет плохие дороги)",7764844,KEMP,290186,Sachs
Амортизатор задний Audi A4 (B5) 94-00,77648461,KEMP,280560,Sachs
Амортизатор  передний VW Touareg 02-10 R,77648464,KEMP,7L6413032L,VAG
Амортизатор  передний VW Touareg 02-10 L,77648465,KEMP,7L6413031L,VAG
Амортизатор задний  VW Touareg 02-10,77648466,KEMP,314463,Sachs
Амортизатор задний VW Golf 3 универсал92-96  газ,77648467,KEMP,170793,Sachs
Амортизатор задний  VW Transporter T-3  масло,77648468,KEMP,101824,Sachs
Амортизатор задний  VW Transporter T-3 (усиленный) масло,77648469,KEMP,106478,Sachs
Амортизатор  передний VW Transporter T-3 (усиленный) масло,77648470,KEMP,106477,Sachs
Амортизатор  передний VW Transporter T-3  масло,77648471,KEMP,101825,Sachs
Амортизатор  передний VW  LT28-35  масло,77648472,KEMP,101637,Sachs
Амортизатор  передний VW  LT40-55  масло,77648473,KEMP,101932,Sachs
Амортизатор задний  VW  LT28-35  масло,77648474,KEMP,314884,Sachs
Амортизатор задний  VW  LT40-55  масло,77648475,KEMP,101931,Sachs
Амортизатор задний VW Caddy 2 Seat Inca 95-04 газ,77648477,KEMP,311427,Sachs
Амортизатор задний VW Golf-2 84-91 газ,7764971,KEMP,105748,Sachs
"Фланш задний 1,6-2,0 Audi/VW",77641003,KEMP,026121145E,VAG
Помпа водяная А-3/А-4/ VW Passat В5/Golf-4 1.8,7764129,KEMP,06A121021,VAG
"Помпа Audi 100 1,9-2,3 88-91 5цил 29 зубов P534",7764131,KEMP,034121004,VAG
"Помпа Audi 100/A4,A6 95-  2,6-2,8 P544",7764134,KEMP,078121004H,VAG
Мотор печки Audi-100 84 -91 Bosch,7764144,KEMP,443959101A,VAG
Мотор радиатора Audi-80 85-91 под паразитку,7764156,KEMP,811959455R,VAG
"Термостат VW/Audi 1,5-2,0 75-99 4-х целиндровый",776416,KEMP,056121113D,VAG
Мотор радиатора  Audi A3 96-01 1.-1.9/Skoda /VW Golf-4 (диам-290),7764161,KEMP,1J0959455K,VAG
Мотор радиатора  VW Golf-2 83-91/ Passat 80-93  2-х скор. (без крыльчатки),7764198,KEMP,191959455J,VAG
Мотор радиатора Audi-100 84-90/Audi-80 91-94 кондицион (диам-352),7764290,KEMP,443959455N,VAG
Крыльчатка вентилятора Паразитная  Audi /VW (рядом с электродвиг 4 лопасти),7764302,KEMP,811119113,VAG
Мотор радиатора VW Transporter 90-03 (диам-280)450W АКП,77643052,KEMP,701959455J,VAG
Мотор радиатора VW Transporter 90-03 (диам-345)450W,77643054,KEMP,7D0959455K,VAG
Мотор печки  Audi 80 91-94 A4 95-00 г.AC+,77643056,KEMP,8A1820021,VAG
Мотор печки VW Polo (6N) Cadi2 94-04 AC-,77643057,KEMP,6N1819021,VAG
Мотор печки WV Passat B5 Audi A 4 96-04 AC+,77643059,KEMP,8D1820021A,VAG
Мотор печки WV Passat B5 Audi A 4 SuperB 96-04 (автоматический кондиционер),77643060,KEMP,8D1820021,VAG
Мотор печки VW Transporter-4 91-03 AC-,77643063,KEMP,701819021B,VAG
Мотор печки WV Passat B5 Audi A 4 96-04 AC-,77643064,KEMP,8D1819021B,VAG
"Термостат Audi100,A6 92-05 2,6-4,2  6-х целиндровый",77643232,KEMP,077121113D,VAG
Термостат VW/Audi  5-х целиндровый,77643233,KEMP,035121113B,VAG
"Термостат VW/Audi 1,5-2,0 75-99 4-х целиндровый",77643234,KEMP,050121113C,VAG
"Помпа VW /Audi 1,6-2,0 78-04  4-цил  без корпуса P-512",77643235,KEMP,037121005C,VAG
"Помпа VW /Audi 1,6-2,0 4-цил  с корпусом P513",77643239,KEMP,037121010AX,VAG
Мотор печки Audi-100 84 -91,7764333,KEMP,443959101A,VAG
Мотор печки VW Golf 3 AC+,77643340,KEMP,1H1820021,VAG
Мотор печки VW Golf 5 Passat Cadi3 Skoda Octavia 04->AC+(климат контроль),77643343,KEMP,1K1820015,VAG
Мотор радиатора  VW  Passat B3/B4 88-97  (диам-303) под паразит.,77643344,KEMP,357959455F,VAG
Мотор радиатора Audi-80 92-95 / Audi-100 90-94/A6 94-97 280mm,77643345,KEMP,4A0959455B,VAG
Мотор печки  Audi A6 97-05,77643346,KEMP,4B1820021B,VAG
Мотор радиатора Skoda Fabia VW Polo Seat Arosso (диам-345) 250/60W,77643347,KEMP,6N0959455L,VAG
Мотор дополнительной печки VW Transporter-4 91-03,77643350,KEMP,701819167,VAG
Мотор радиатора VW Transporter 90-03 (диам-345)450W,77643351,KEMP,701959455L,VAG
Мотор радиатора VW Transporter 90-03 (диам-345)450W,77643352,KEMP,7D0959455J,VAG
Мотор радиатора  VW  Golf3 Vento 1.9 TDI 2.8 VR6 AC+ 450*250*80W,77643357,KEMP,1H0959455AH,VAG
Мотор печки Skoda Favorit Forman,77643360,KEMP,115972051,VAG
Фланш головки алюминиевый 97->(один датчик 2выхода+отвод),77643366,KEMP,06A121133D,VAG
Фланш головки алюминиевый 97->(один датчик 2выхода+отвод),77643367,KEMP,06A121133J,VAG
Помпа водянаяА-3/ VW Golf-4 Bora Skoda Oktavia 1.9TDI,77643405,KEMP,038121011A,VAG
Помпа водяная А-3/А-4/ VW Passat В5/Golf-4 T5 Cadi Octavia1.8T 2.0,77643406,KEMP,06A121011E,VAG
Помпа водяная А-3/А-4/ VW Passat В5/Golf-4  Cadi Octavia1.6 97->,77643418,KEMP,06B121011A,VAG
Мотор радиатора VW Transporter 90-03 (диам-345)350W,77643433,KEMP,7D0959455M,VAG
Термомуфта VW LT 2.8,77643624,KEMP,062121350,VAG
Фланш датчика (2-вых+1отвод и 1дат) VW Passat В3 Golf 1.9D/TD 88-93,77643833,KEMP,028121132A,VAG
Фланш датчика (2-вых и 1дат) VWPolo 1.7-1.9SDI,77643834,KEMP,028121132C,VAG
Фланш датчика (2-вых+ 1отвод и 1дат) VW/Audi  1.2;1.4;1.9;2.0;2.5TDI,77643962,KEMP,038121132C,VAG
Корпус термостата  VW Golf3 Wento 1.4;1.6,77643963,KEMP,030121117N,VAG
Корпус термостата VW Golf Bora Polo Cadi Octavia 1.4-1.6+датчик,77643964,KEMP,032121111N,VAG
Корпус термостата  VW Golf2 Polo 1.0 1.3,77643965,KEMP,030121117L,VAG
Фланш охлаждающей жидкости 2дат Audi A3 VW  Bora Skoda Octavia 1.8 1.8T,77643966,KEMP,06A121133F,VAG
"Помпа Audi A4,A6 A8  2,4-2,8 VW Passat B5  2.8  V6",77643974,KEMP,078121006,VAG
Термостат VW/Audi A3 3.2V6 VW T4 3.2 LT 2.4 D -TD 2.8 VR6,77644036,KEMP,075121113D,VAG
Мотор радиатора  VW  Passat B3/B4 88-97  (диам-345) под паразит.,7764411,KEMP,3A0959455B,VAG
"Термомуфта VW Passat В5/Audi A4 2,4-2,8 96-04",776443,KEMP,078121350A,VAG
Фланш датчика (1-вых+ 1отвод и 1дат) VW/Audi,77644311,KEMP,06A121133P,VAG
Патрубок радиатора масляного VW Transporter T4,77644372,KEMP,1191210101,Meyle
Патрубок радиатора VW Transporter T4,77644373,KEMP,1191210118,Meyle
"Термомуфта VW Passat В5/Audi A4 2,4-2,8 96-04",77644438,KEMP,058121350,VAG
Мотор радиатора VW Passat B3/B4 86-97 (диам-280) под паразит,7764449,KEMP,327959455,VAG
Мотор радиатора Skoda FabiaVW Polo Seat Cordoba 1.2-1.6  16V,77644727,KEMP,443121321,VAG
Крышкa расширительного бачка VW Golf 1.2./Audi 80 100,7764473,KEMP,7M0959455J,VAG
Мотор радиатора VW Sharan Ford Galaxy,77644742,KEMP,068121132A,VAG
Мотор печки VW Sharan Ford Galaxy Seat Alhambra,77644743,KEMP,7M2819021D,VAG
Фланш датчика (2-вых+1отвод и 1дат) VW Passat В3 Golf 1.9D/TD 88-93,7764475,KEMP,1H0121321B,VAG
Мотор печки VW Golf 3 AC-,7764489,KEMP,1J0121321B,VAG
"Крышка расширительного бачка  VW Golf,Passat B3.4,Transport 86-02",77644900,KEMP,4F0121403N,VAG
Крышка расширительного бачка VW/Audi 96-05г.,77644901,KEMP,1J0121321B,VAG
Крышка расширительного бачкаVW Golf5 Caddy3 Passat Audi A3 Skoda Octavia A5,77644903,KEMP,3B0121321,VAG
Бачек розширительный Audi A6 2.0-3.2 04->,77644905,KEMP,025121321B,VAG
Крышка расширительного бачка  VW Transporter T2,77644912,KEMP,025121403A,VAG
Бачек розширительный VW Transporter T2,77644913,KEMP,327959455А,VAG
"Бачек розширительный Audi-100, ->90г.Audi A80 86-91г.",77644938,KEMP,8A0121403A,VAG
Мотор радиатора  Passat B3  Audi-80 эл.2-х скор.под паразит.,7764494,KEMP,1H0121407,VAG
Бачек розширительный Audi A80 91-94г.,77644943,KEMP,1H0119113,VAG
"Бачек розширительныйVW Golf,Passat,Transport 84-97 (без датчика)",77644950,KEMP,811119113B,VAG
Крыльчатка вентилятора Паразитная  VW Golf 3 Passat B3 B4  (рядом с электродвиг),77644985,KEMP,8D0959455C,VAG
Крыльчатка вентилятора Паразитная  Audi /VW (рядом с электродвиг 6 лопастей),77644986,KEMP,811119113B,VAG
Мотор радиатора Audi-A4 95-00/ A6 97/VW Passat B5 96-00 (круглый разъём),7764503,KEMP,8D0959455C,VAG
Термомуфта VW /Audi,7764505,KEMP,06B121347,VAG
"Помпа VW LTCrafter,(20зубов)",77645064,KEMP,1132200022,Meyle
Фланш задний 1.8 16V GTI 1.8 G60 Audi/VW,77645251,KEMP,027121133E,VAG
Помпа водяная  VW Golf-2-3 Polo 1.0-1.4 86->,77645366,KEMP,030121005L,VAG
Помпа водяная  VW Golf-3 Polo Skoda Felicia Octavia 1.4;1.6,77645367,KEMP,030121005N,VAG
Фланш головки VW Audi Skoda 97->(один датчик 3выхода),77645379,KEMP,06A121132A,VAG
Фланец охлаждающей жидкости Audi A4 A6 VW Passat B5 1.8-2.7,77645380,KEMP,06B121121,VAG
Фланш задний  Audi 80 B4 1.9TD 2.0,77645381,KEMP,048121145B,VAG
Фланец охлаждающей жидкости (крышка термостата ) VW Audi 1.6-2.0,77645382,KEMP,055121121F,VAG
Фланец охлаждающей жидкости (крышка термостата ) VW Audi 2.3;2.4D;2.5TDI,77645383,KEMP,074121121B,VAG
Фланш охлаждающей жидкости 1дат Audi A3 VW  Bora Skoda Octavia 1.8 1.8T,77645384,KEMP,06A121132Q,VAG
Фланец охлаждающей жидкости (крышка термостата ) VW Audi 1.6-2.0 1.9TDI 93->,77645385,KEMP,037121121A,VAG
"Бачек розширительный Audi-100, A6 91-97",7764539,KEMP,4A0121403,VAG
Фланец охлаждающей жидкости Audi A4 A6 VW Passat B5 1.8-1.8T (тройник),77645462,KEMP,058121132B,VAG
Корпус термостата  VW Golf2 Polo 1.0 1.3 83-91,77645463,KEMP,030121117D,VAG
Корпус термостата  VW Golf2 1.387-91 Polo 1.3 86-94,77645464,KEMP,030121117M,VAG
Термостат 2.5TDI VW LT/Crafter,77646058,KEMP,069121113,VAG
"Корпус водяного насоса (помпы) VW Audi 78-96г 1,6-2,0  4 цил.",77647100,KEMP,037121013A,VAG
Мотор радиатора  Audi A6 2.0TDI 2.4-3.2 04-11г. 383мм 400W,77647202,KEMP,4F0959455,VAG
Мотор радиатора  Audi A6 2.0TDI 2.4-3.2 04-11г. 280мм 200W,77647203,KEMP,4F0959455A,VAG
Мотор радиатора  Audi A4 (B6.B7) 1.6-3.0  00-08г. 300мм 200W,77647204,KEMP,8E0959455N,VAG
Мотор радиатора  Audi A4 (B6.B7) 1.6-3.0  00-08г. 380мм 400W,77647205,KEMP,8E0959455K,VAG
Мотор радиатора  Audi A4 .A6.A8 2.4-3.2 97-08г. 380мм 400W,77647206,KEMP,8E0959455A,VAG
Мотор радиатора Skoda Fabia07->VW Polo Seat Cordoba (диам-393)  250*60WAC+,77647207,KEMP,6Q0959455AE,VAG
Мотор радиатора VW Transporter T5 1.9-3.2  03-09г.420мм 450W,77647212,KEMP,7H0959455A,VAG
Мотор радиатора VW Transporter T5 1.9-3.2  03-09г.290мм 300W,77647213,KEMP,7H0959455D,VAG
Мотор радиатора  Audi A4 A5 Q5 1.8-3.2 08-> 400mm 400W,77647228,KEMP,8K0959455K,VAG
Мотор радиатора  Audi A4 A5 Q5 1.8-3.2 08-> 350mm 200W,77647229,KEMP,8K0959455M,VAG
Мотор радиатора  Audi Q7 VW Touareg 06-> 300mm 300W,77647231,KEMP,7L0959455F,VAG
Термостат VW/Audi A100 A6 VW T4 LT 2.4 2.5 TDI,7764725,KEMP,035 121 113 B,VAG
Мотор печки Audi A6 04-11 (автоматический кондиционер),77647250,KEMP,4F0820020,VAG
Мотор печки Audi A4  A5  Q5 07->,77647251,KEMP,8K1820021A,VAG
Мотор радиатора  VW  Golf 392mm 250W,77647258,KEMP,5U0959455B,VAG
Мотор радиатора  VW  Golf 390mm 180W,77647259,KEMP,5U0959455A,VAG
Прокладка помпы VW 1.6-2.0 4 цил.,77647390,KEMP,026121041P,VAG
Мотор радиатора  Audi Q7 VW Touareg 02-> 420mm 450W,77647420,KEMP,7L0959455D,VAG
Мотор радиатора  Audi A3 VW  Golf-5 Cadi 3/Skoda TDI TFSI 0mm,77647421,KEMP,1K0959455CP,VAG
Мотор радиатора  Audi A3 VW  Golf-5 Cadi 3/Skoda  360mm  100W,77647422,KEMP,1K0959455CN,VAG
Мотор радиатора  Audi Q7 3.0V6TDI VW Touareg 2.5R5 3.0 V6 TDI 07-> 420mm 450W,77647423,KEMP,7L0959455G,VAG
Мотор дополнительной печки VW Transporter-T5 Touareg Audi Q7 03->,77647425,KEMP,7H0819021A,VAG
Мотор печки Audi A7  A8  09->,77647426,KEMP,4H1820021B,VAG
Мотор печки Audi A4 A5 07-> (автоматический кондиционер),77647428,KEMP,8T1820021,VAG
Мотор печки Audi-100 84 -91(без крыльчатки),77647481,KEMP,443959101A,VAG
"Помпа VW /Audi 1,8-2,0 TFSI 07->  без корпуса",77647720,KEMP,06J121026G,VAG
"Помпа VW /Audi 1,8-2,0 TFSI 07->  без корпуса",77647770,KEMP,06H121026CQ,VAG
Термостат VW/Audi A6 A7 A8 3.2 FSI 05-08,77647822,KEMP,06E121111G,VAG
Мотор печки VW LT28-46  96-06 (без крыльчатки),77648136,KEMP,2D1959101A,VAG
Корпус термостата (в сборе) VW Audi 1.4 TFSI TSI 08->,77648327,KEMP,03C121026AS,VAG
Мотор радиатора Audi-80 85-91 (без крыльчатки),77648916,KEMP,811959455 R,VAG
Мотор радиатора Audi-100 84-90/Audi-80 91-94 кондицион (без крыльчатки),77648917,KEMP,443959455 N,VAG
Мотор радиатора VW Golf-3 92-98/Passat 90-97(диам-305)250/80Wпод паразит.,7764917,KEMP,1H0959455J,VAG
Фланш датчика (2-вых+ 1отвод и 1дат) VW/Audi,7764938,KEMP,037121133F,VAG
Мотор радиатора VW Transporter 90-03 (диам-280)350W,7764946,KEMP,701959455AM,VAG
Мотор печки Audi-100 91-94  A 6 95-97г.,7764947,KEMP,4A0959101A,VAG
Мотор радиатора Skoda Fabia (диам-290),7764950,KEMP,6Q0959455J,VAG
Мотор радиатора Skoda Fabia (диам-345)VW Polo Seat Arosso,7764951,KEMP,6X0959455,VAG
Мотор радиатора WV Caddy Polo/Seat  (диам-300),7764952,KEMP,6K0959455B,VAG
Мотор радиатора VW Sharan .Saveiro 290mm,7764956,KEMP,377959455G,VAG
Мотор радиатора  Audi A3 96-01 1.6-1.9/VW  Golf-4 /Skoda  (диам-345),7764970,KEMP,6E0959455A,VAG
"Фланш задний 1,6-2,0 Audi/VW",7764997,KEMP,026121144A,VAG
"Радиатор Skoda Oktavia VW Bora G4 А-3 1,6-2,0 652*415",776412,KEMP,1J0121253H,VAG
"Радиатор  Аudi-100,A6 91-97  2,0-2,5 АКПП 632*412",7764177,KEMP,4A0121251C,VAG
"Радиатор  Аudi-100,A6 92-94 2,6-2,8 механика 632*412",7764182,KEMP,4A0121251Q,VAG
"Радиатор  Аudi-100,A6 92 -94 2,6-2,8 АКПП 632*412",7764193,KEMP,4A0121251K,VAG
Радиатор Audi- A6  2.7T 97-05г.631*440  АКП плоские соты,77642041,KEMP,4B0121251AE,VAG
Радиатор Audi- A6  2.5TDI 97-05г.630*450*26 АКП. плоские соты,77642042,KEMP,4B0121251A,VAG
Радиатор Skoda Oktavia VW Cadi Golf Touran А-3 1.4-1.6 2.0 FSI 04->645*405 плоск,77642043,KEMP,1K0121251E,VAG
Радиатор Skoda Oktavia VW Cadi Golf Touran А-3 2.0 TDI TFSI 05-> пл.соты 650*445,77642044,KEMP,1K0121251N,VAG
Радиатор Audi- A6  2.7-3.0 TDI  05г.->675*445 плоские соты,77642045,KEMP,4F0121251P,VAG
Радиатор Audi- A4 1.6 1.8T 2.0FSI 00->г.630*412 плоские соты,77642046,KEMP,8E0121251A,VAG
Радиатор VW Passat 03г.-> Cadi 3 Touran 1.9TDI 04->650*405 плоские соты,77642047,KEMP,1K0121251AK,VAG
Радиатор VW Sharan Seat Alhambra 1.9 2.0 TDI 04->600*445 плоские соты,77642048,KEMP,7M3121253F,VAG
Радиатор VW Passat Jetta 3 1.9-2.0 TDI 05->650*445 плоские соты,77642049,KEMP,1K0121251DP,VAG
Радиатор Audi- A6  2.5TDI 97-05г.630*450* 26 Мех. плоские соты,77642098,KEMP,4B0121251,VAG
Радиатор Audi- A6  2.5TDI 97-05г.630*450*32 АКП. плоские соты,77642108,KEMP,4B0121251A,VAG
Радиатор Audi- A6  2.5TDI 97-05г.630*450* 32 Мех. плоские соты,77642109,KEMP,4B0121251,VAG
"Радиатор печки Audi-100,A6  91-97 275*157",7764211,KEMP,443819031,VAG
"Радиатор Audi- A4, A6 3.0 00г.->3.2 FSI 630*445*32 (плоские соты)",77642133,KEMP,8E0121251C,VAG
Радиатор VW Golf-4 1.8 T 97-05г. 627*378,77642228,KEMP,1E0121253,VAG
Радиатор VW Corado VR6 2.9  91-95г.630*310,77642229,KEMP,535121253E,VAG
"Радиатор VW Golf 2, Corado 1.8 16V 1.8G60 88-93г.430*310",77642230,KEMP,535121251B,VAG
Радиатор VW Golf 2 1.8 G60 Corado 1.8-2.0 16V 88-95г.675*320,77642231,KEMP,535121253B,VAG
Радиатор Skoda Fabia VW Polo (9N) 1.4 16V-2.0 630*412,77642288,KEMP,6Q0121253Q,VAG
Радиатор Skoda Fabia VW Polo (9N)1.0- 1.4 16V AC-430*415(плоские соты),77642289,KEMP,6Q0121253J,VAG
Радиатор печки Skoda Oktavia A5 VWG5 Audi A3 Cadi3 180*187 03->,77642294,KEMP,1K0819031,VAG
Радиатор VW Passat B3 88-96 1.8 G60 2.8 VR6 AC- 630*305,77642796,KEMP,353121253N,VAG
Радиатор печки Skoda Felicia Favorit 255*127,77642797,KEMP,115972071,VAG
Радиатор печки Skoda Felicia 94-98 260*140,77642798,KEMP,6U0819030,VAG
Радиатор VW Passat B3 88-93 1.6 430*322,77642801,KEMP,353121253AA,VAG
Радиатор VW Passat B2 82-88 1.8- 1.6 Dizel TD570*322,77642802,KEMP,321121253BJ,VAG
Радиатор  Аudi-100 86-91  1.8  4цил 600*307 AC+,77642803,KEMP,443121251T,VAG
Радиатор Audi- A6  2.0 TDI/TFSI  05г.->675*445,77643016,KEMP,4F0121251Q,VAG
Радиатор Audi- A6  2.0 TFSI 2.4-3.2  05г.->675*445,77643017,KEMP,4F0121251L,VAG
"Радиатор  Аudi-80  91-94 1.9 TDI 2,0 596*358 АКП",77643018,KEMP,8A0121251A,VAG
Радиатор печки VW Transporter-4 (дополнительная печка)235*157,77643038,KEMP,701819032,VAG
Радиатор  AUDI A4(B9)A5 F5 2.0 TDI 2.0TFSI,7764326,KEMP,8W0121251AK,VAG
Радиатор кондиционера  Audi A6 04-11г.627*390  (без осушителя),77643668,KEMP,4F0260401E,VAG
Радиатор кондиционера  Audi A6 97-05г.618*421(без осушителя),77643669,KEMP,4B0260403F,VAG
Радиатор кондиционера  Audi A100 90-94 A6 94-97г.572*388(без осушителя),77643670,KEMP,4A0260401AB,VAG
Радиатор кондиционера  Audi A4 04-08г.575*388(без осушителя),77643671,KEMP,8E0260403H,VAG
Радиатор кондиционера VW Polo Caddy 2 95-04 Seat Cordoba 605*370(без осушителя),77643672,KEMP,6K0820413A,VAG
Радиатор кондиционера VW Polo Skoda Fabia Romster  01-> 510*361(без осушителя),77643674,KEMP,6Q0820411,VAG
Радиатор кондиционера VW Caddy 3 Touran 04-> 550*445   (с осушителем),77643677,KEMP,1T0820411A,VAG
Радиатор кондиционера VW Passat 88-96г. 710*330(без осушителя),77643678,KEMP,357820413C,VAG
Радиатор кондиционера VW Golf 3 Vento 92-99  557*371(без осушителя),77643679,KEMP,1H0820413,VAG
Радиатор кондиционера VW Passat B5  Audi A4  96-00г. 565*420(без осушителя),77643683,KEMP,8D0260403H,VAG
"Радиатор VW Golf-3  92-99 1,6 ac- (без кондиционера) 525*322",7764376,KEMP,6N0121253J,VAG
Радиатор VW Passat B2 80-88 1.6 Dizel 700*322,7764379,KEMP,321121251AL,VAG
"Радиатор VW Passat B3 88-93  1,9 Dizel/2,0 632*322",7764380,KEMP,353121253E,VAG
"Радиатор VW Passat B5/Audi A4,A6 96-04  механика 2,5-2,8 630*412",7764386,KEMP,8D0121251N,VAG
"Радиатор  Аudi-80  87-91 1,6 430*322",7764387,KEMP,893121253,VAG
"Радиатор  Аudi-100 84-91  5 цил. 1,9-2,4 570*310",7764389,KEMP,431121251K,VAG
Радиатор печки VW Transporter-4 92-03 306*157,7764390,KEMP,701819031A,VAG
Радиатор печки Audi-100   84-91 272*150,7764392,KEMP,443819031E,VAG
"Радиатор печки Audi 80,A4 VW Passat B5 86-95 190*155",7764393,KEMP,8D1819030A,VAG
Радиатор кондиционера VW Touareg  Audi Q7 02-> 700*390*16(с осушителем),77644347,KEMP,4L0260401,VAG
Радиатор кондиционера VW Sharan 97-> 520*363*16(с осушителем),77644348,KEMP,7M3820411,VAG
Радиатор кондиционера VW Polo Skoda Fabia Rapid  08-> 615*334*16 (с осушителем),77644349,KEMP,6R0820411A,VAG
"Радиатор Skoda Oktavia VW Bora G4 А-3  1,4-1,6 мех(без кондиционера) 432*415",7764454,KEMP,1J0121253G,VAG
Радиатор VW Transporter-4 97-03 2.5 TDI,77645084,KEMP,7D0121253A,VAG
Радиатор VW  LT Crafter 30-50 Sprinter (906) 2006->,77645085,KEMP,2E0121253B,VAG
Радиатор Skoda Oktavia VW Cadi Golf Touran А-3 2.0 TDI TFSI 05->  650*445,77645088,KEMP,3C0121253K,VAG
Радиатор печки VW LT 28-45 МВ Sprinter 96->,77645101,KEMP,2D0819031,VAG
Радиатор VW Passat B7 Jetta 4 1.6:2.0:2.5 2010г.->,77645150,KEMP,5C0121251F,VAG
Радиатор Audi A1 VWPolo1.2-1.6 Skoda Fabia 1.2-1.6TDI 2010-> 650*340*32,77645151,KEMP,6R0121253,VAG
"Радиатор  Аudi-80  91-94 1.9 TDI 2,0 596*358 AC+",77645182,KEMP,8A0121251,VAG
Радиатор Audi- A4 1.9TDI 1.8T 2.0FSI 02->г.Seat Exeo 632*399 АКПП,77645183,KEMP,8E0121251L,VAG
"Радиатор Audi- A4  Seat Exeo 1,6, 1.9TDI 1.8T 2.0FSI 632*414 мех 02->г.",77645184,KEMP,8E0121251,VAG
Радиатор Audi- A6  2.0 TDI 04-11г.->677*439 АКП  AC+,77645186,KEMP,4F0121251R,VAG
Радиатор Audi- A6  2.0 TFSI 2.4-3.2  05г.->677*439  АКП AC+,77645187,KEMP,4F0121251M,VAG
Радиатор Audi-A4 A5 A6 Q5 1.8- 2.0 TFSI./TDI 08г.->720*469 АКП(плоские соты),77645188,KEMP,8K0121251T,VAG
"Радиатор Skoda Oktavia, VW Cadi, Golf Touran А-3 1.8-2.0 1.9 TDI 05-> 650*439",77645189,KEMP,1K0121251L,VAG
Радиатор VW Sharan Tiguan Seat Alhambra 1.4-1.8TSI 2.0 TDI 07->600*445,77645190,KEMP,5N0121253F,VAG
"Радиатор VW CADDY Golf-3, 1,9 Dizel, POLO,, SEAT,625*359",77645226,KEMP,6K0121253L,VAG
Радиатор VWPolo Lupo 1.0-1.6 94-00 430*377,77645227,KEMP,6N0121253K,VAG
Радиатор VW Transporter T5 03-> 1.9 TDI (плоские соты),77645838,KEMP,7H0121253F,VAG
"Радиатор VW Transporter T5 03-> 2,5 TDI (плоские соты)",77645839,KEMP,7H0121253G,VAG
Радиатор Audi A3 VWGolf7 Skoda Oktavia 1.2TFSi1.6TDI 2012->,77645846,KEMP,5Q0121251EB,VAG
Радиатор VW Transporter T5 03-> 1.9 TDI (круглые соты),77645848,KEMP,7H0121253H,VAG
"Радиатор VW Transporter T5 03-> 2,5 TDI  (круглые соты)",77645849,KEMP,7H0121253J,VAG
"Радиатор VW CADDY Golf-3, 1,9 Dizel, POLO,, SEAT,627*377",77645927,KEMP,6K0121253AA,VAG
"Радиатор VW CADDY 2,  POLO,, SEAT1.4-1.6.16V,627*377",77645931,KEMP,6K0121253AS,VAG
"Радиатор Audi- A4, A6 VW Passat B5 2.4 2.5 Tdi 00-05 632*399",77645950,KEMP,4B0121251AF,VAG
"Радиатор  Аudi-80  91-94 1.9 TDI 2,0 620*322",77645951,KEMP,893121251H,VAG
Радиатор Skoda Oktavia VW Cadi Golf Touran А-3 1.2-1.4 TSI 07->625*408(доп.охл.д,77645952,KEMP,1K0121251BN,VAG
Радиатор VW Bora G4 Seat 1.9 TDI 01-06  650*415,77646183,KEMP,1J0121253AC,VAG
Радиатор печки VW Transporter T3 79-92 212*138,77646187,KEMP,867819121A,VAG
Радиатор кондиционера  Audi A4 00-04г.A6  00-05г.567*402(без осушителя),77646201,KEMP,8E0260403B,VAG
Радиатор кондиционера  Audi A3 VW Golf 7 Skoda Octavia  2012г.->  (с осушителем),77646203,KEMP,5Q0816411N,VAG
Радиатор кондиционера VW Transporter T5 09-> (с осушителем),77646218,KEMP,7E0820411B,VAG
Радиатор печки Audi A6 97-05  272*157,77646223,KEMP,4B1819031,VAG
Радиатор печки Audi A6 05->  295*144,77646229,KEMP,4F0820031A,VAG
Радиатор Audi Q7 Porsc Cayenne VW Tuareg 710*549  (плоские соты),77646461,KEMP,7L0121253,VAG
Радиатор  VW Tuareg 2.5 TDI 710*549 (плоские соты),77646462,KEMP,7L6121253,VAG
"Радиатор VW,  POLO Clfssic 1.6,1.8,, SEAT1.6i 1.8i,528*320",77646562,KEMP,6K0121253h,VAG
"Радиатор VW,  POLO Classic 1.7.1.9SDI,, SEAT1.0-1.9SDi  AC- 433*299",77646563,KEMP,6K0121253C,VAG
"Радиатор VW CADDY 2,  POLO,, SEAT1.0-1.9SDI  AC+ 645*372",77646564,KEMP,6K0121253AG,VAG
Радиатор Skoda Oktavia VW Golf 7Audi  А-3 1.4- 2.0 TDI 12->  650*410,77646567,KEMP,5Q0121251EM,VAG
"Радиатор VW Passat B4 93-96 АКПП 1,6;20;1,9D (без кондиционера) 525*377",7764662,KEMP,3A0121253AA,VAG
"Радиатор VW Passat B4 93-96 АКПП 1,6-2,0 (c кондиционером)  722*377",7764663,KEMP,3A0121253AB,VAG
Радиатор Skoda Fabia VW Polo (9N) Seat 1.8 GTi 1.9TDI 632*403,77646738,KEMP,6Q0121253AD,VAG
Радиатор VW Transporter-4 97-03 1.9- 2.5 TDI АКП  720*414 AC+/-,77646739,KEMP,7D0121253,VAG
"Радиатор Audi- A4, A6 3.0 00г.->3.2 FSI 630*445*32 (круглые соты)",77646741,KEMP,8E0121251C,VAG
Радиатор Audi- A6  2.5TDI 97-05г.630*450 мех.. круглие соты,77646764,KEMP,4B0121251,VAG
"Радиатор Skoda Fabia Rapid VW Polo (9N)  1,2-1.4 430*414",77646765,KEMP,6Q0121201HA,VAG
Радиатор Skoda Fabia 1.4TFSI 10-> VW Polo (6R)  1.4 1.6TDI 650*400,77646766,KEMP,6R0121253D,VAG
"Радиатор Audi- A4, A6 3.0 00г.->3.2 FSI АКП 630*445*32(круглые соты)",77646767,KEMP,8E0121251M,VAG
"Радиатор Audi- A4,2,4 00->г АКП 630*400 (круглые соты)",77646768,KEMP,8E0121251P,VAG
Радиатор VW Sharan Tiguan Seat Alhambra 1.4-1.8TSI 2.0 TDI 08->650*448,77646936,KEMP,5N0121253N,VAG
Радиатор Skoda Oktavia VW Cadi Golf Touran А-3 2.0 TDI TFSI 05-> кр.соты 650*445,77647086,KEMP,1K0121251N,VAG
Радиатор печки VW Sharan Ford Galaxi 152*266,77647087,KEMP,7M1819030A,VAG
Радиатор кондиционера VW Touareg 3.0-4.2 10-> 721*458,77647288,KEMP,7P0820411A,VAG
"Радиатор Audi- A4, A6 3.0 00г.->3.2 FSI 630*445*32 (круглые соты)несоотв.пос.раз",77647405,KEMP,8E0121251C,VAG
"Радиатор Audi- A4, A6 3.0 00г.->3.2 FSI АКП 630*445*32 (2 сорт крепление тр.кпп)",77647473,KEMP,8E0121251M,VAG
Радиатор кондиционера  Audi  A6 A7  11г.->650*325,77647489,KEMP,4G0260401A,VAG
Радиатор кондиционера VW Transporter T4 96-> 625*310,77647493,KEMP,7D0820413,VAG
Радиатор кондиционера  Audi A4 94-01г.615*421(без осушителя),77647494,KEMP,8D0260401H,VAG
Радиатор кондиционера  Audi Q3 2.0TDI TFSI 11-> 645*340,77647500,KEMP,8U0260401B,VAG
Радиатор кондиционера VW Passat B5  Audi A4 1.9- 2.5TDI 96-01г. 565*420,77647502,KEMP,8D0260403G,VAG
Радиатор кондиционера  Audi A80 B4 91-95   605*350,77647508,KEMP,8A0260403AA,VAG
Радиатор кондиционера VW LT28-46 2.5TDI 96-> 610*377,77647509,KEMP,2D0820413A,VAG
Радиатор кондиционера VW UP 1.0 Skoda  Citigo1.0 11-> 415*346,77647514,KEMP,1S0820411B,VAG
Радиатор кондиционера VW Passat CC Pas.B61.6-2.0 TDI 10-> 575*440(с осушителем),77647517,KEMP,3C0820411G,VAG
"Радиатор VW CADDY 2,  POLO,, SEAT1.6-2,0,628*322",77647522,KEMP,6K0121253A,VAG
"Радиатор VW CADDY 2,  POLO,, SEAT1.6-1,9 TDI,630*299",77647523,KEMP,6K0121253AC,VAG
Радиатор Audi- A4 2.6-2.8 97-00 мех.AC+/AC-,77647524,KEMP,8D0121251D,VAG
"Радиатор  Аudi-100 91-92 2,8 механика 632*412",7764753,KEMP,4A0121251G,VAG
Радиатор VW New Beetle 1.4-2.0  AC+/- 00->,77647531,KEMP,1C0121253A,VAG
Радиатор VW Sharan Seat Alhambra 1.8T1.9TDI 2.0i 96-10 635*377,77647532,KEMP,7M3121253B,VAG
Радиатор Skoda Oktavia VW Golf 7Audi  А-3 1.4- 2.0 TDI 12->пл.соты  650*410,77647534,KEMP,5Q0121251GD,VAG
Радиатор Skoda Fabia VW Polo (9N)1.0- 1.4 16V AC-430*415(круглые соты),77647990,KEMP,6Q0121253J,VAG
Радиатор  Аudi-100 83-91  5-ти цил турбо/AC+  617*310,77648,KEMP,443121251K,VAG
"Радиатор  Аudi-100 91-92 2,8 АКПП 632*412",7764800,KEMP,4A0121251H,VAG
Радиатор VW Golf 2 83-91  1.6TD 675*322,7764801,KEMP,191121253A,VAG
Радиатор VW Passat B2  80-88 1.8ac+(c кондиционером) 700*300,7764803,KEMP,321121253BL,VAG
"Радиатор VW Golf-3  92-99  2,0 16V 625*300",7764804,KEMP,1H0121253H,VAG
"Радиатор VW Passat B3  92-94 1,9 Dizel 625*377",7764805,KEMP,1H0121253AE,VAG
"Радиатор VW Golf-3  92-99 2,8 VR6, AROSA, LUPO 625*380",7764806,KEMP,1H0121253BE,VAG
"Радиатор VW Golf-3,4  92-99 1,9 Dizel, POLO,CADDI, SEAT,625*379",7764807,KEMP,1H0121253P,VAG
"Радиатор печки VW Golf1, Passat2, Audi 80  81-84 234*157",7764814,KEMP,171819031D,VAG
Радиатор кондиционера VW Jetta 4 :2.0:2.5 2011г.->,77648233,KEMP,5C0820411G,VAG
Радиатор кондиционера  Audi A4 A5 07-16г.A6 A7  11-19г.672*341,77648250,KEMP,4G0260403N,VAG
Радиатор кондиционера  Audi A4 2.7-3.0 TDI 04-08  610*388,77648508,KEMP,8E0260403J,VAG
Радиатор кондиционера VW Transporter T4 92-03> 635*310,77648525,KEMP,7D0820413B,VAG
Радиатор кондиционера VW Amarok 10-> 650*452,77648526,KEMP,2H0820411,VAG
Радиатор кондиционера VW Golf 7 1.8 TSI (USA),77648604,KEMP,5QD820411J,VAG
"Радиатор Audi- A4,A5 A6 1.8-2.0 08г.-> 720*469*26 (плоские соты)",77648645,KEMP,8K0121251R,VAG
"Радиатор VW Transporter T5 09-> 2,0 TDI  (круглые соты)",77648652,KEMP,7E0121253A,VAG
Радиатор Audi A3 VWGolf7 Skoda Oktavia 1.6TDI 2012->,77648653,KEMP,5Q0121251EC,VAG
Радиатор Skoda Oktavia Fabia VW Golf 7 12->,77648654,KEMP,5Q0121251T,VAG
"Радиатор Audi A3 VWGolf7 Skoda Oktavia 1.2-1,4TFSi1.6-2,0TDI 2012->(плоск.соты)",77648657,KEMP,5Q0121251EN,VAG
Радиатор  Аudi-80  91-96 2.6-2.8 AC+/- 596*409,77648662,KEMP,8A0121251B,VAG
"Радиатор кондиционера VW Jetta, Beetle 2015- USA",77648688,KEMP,5C0820411K,VAG
Радиатор кондиционера VW Jetta 4 :2.0:2.5 2011г.->USA,77648691,KEMP,5C0816411,VAG
Радиатор кондиционера VW Passat B8 USA,77648692,KEMP,561820411C,VAG
Радиатор Skoda Oktavia VW Golf 7Audi  А-3 2.0 TDI 19->  650*440 (USA),77648694,KEMP,5Q0121251GR,VAG
Радиатор кондиционера  Audi A3 VW Golf VW Jetta  Skoda Octavia  2019г.->,77648704,KEMP,5QM816411A,VAG
Радиатор кондиционера VW Passat B7 до 2015г USA,77648712,KEMP,561820411,VAG
Радиатор  VW Touareg 4.2 10->,77648719,KEMP,7P6121253,VAG
"Радиатор доп. охл. двиг. (620x414x16) / VW Golf, AUDI A3, SKODA Octavia, 13->",77648720,KEMP,5Q0121251EJ,VAG
"Радиатор Audi- A4,A5 A6 1.8-2.0 08г.-> 720*469*26 (круглые соты)",77648725,KEMP,8K0121251L,VAG
Радиатор печки Skoda Fabia Audi A1 VW Polo 175*180 (круг.соты),77648726,KEMP,6R0 819 031,VAG
Радиатор VW Jetta 4  Passat B7 2010г.-> плоские соты,77648734,KEMP,5C0121251K,VAG
Радиатор Skoda Felicia1.6-1.9D 95-00г. 590*285,77648908,KEMP,6U0121253A,VAG
"Радиатор  Аudi-80  86-94  1,6-2.0 590*310",77649,KEMP,893121253A,VAG
Радиатор VW Transporter-4  90-91 720*300,7764929,KEMP,701121253,VAG
Радиатор VW Sharan 2.0 95-00 645*377*34,7764930,KEMP,7M0121253C,VAG
Радиатор печки VW Transporter-4 92-03  230x155x42 с кондиц.,7764945,KEMP,701820031,VAG
"Радиатор Skoda Oktavia, VW Cadi, Golf Touran А-3 1.9 TDI 04-> 650*405",7764977,KEMP,1K0121253AA,VAG
Радиатор Skoda Favorit 1.2 -1.3 85-91г.490*285,7764984,KEMP,64010,Nissens
Подшипник задней ступ. колеса Audi 100 (сокращенный комплект.),77641026,KEMP,713610240,FAG
Ступица задняя Skoda Fabia VWpolo Audi A2 01г.->(801191E) к-кт,77641317,KEMP,713610490,FAG
Ступица передняя Skoda Fabia 99г.-> (для авто.без Г.У),77641318,KEMP,6Q0407621AB,VAG
Ступица задняя VW Caddi 95-04г.Seat Inca 95->г.,77641325,KEMP,713610660,FAG
Подшипник ступеци передней VW Polo Derby 77-90 г. 34*62*37,77641330,KEMP,861407625,VAG
Подшипник ступ.пер.внутр.VWT2. MB124 F.Tran. O.Rec.Combo 59*32*17LM67048/LM6701,77641349,KEMP,LM67048,SKF
Ступица передняя Skoda Fabia 99г.->Romster 06-> Audi A2 с Г/У,77641355,KEMP,713610470,FAG
Ступица задняя VW Passat B5 Audi A6 97-05 Skoda Super B 02->,77641356,KEMP,8E0501611,VAG
Подшипник конический  40*17*14,77641409,KEMP,30203F,NSK
Ролик паразитный поликлинового ремня VW LT28-46 T4 2.5TDI (25*90*8),77641560,KEMP,532016910,VAG
Ступица задняя Audi A3 VW Golf 5    04г.->,77641580,KEMP,713610690,FAG
"Ступица передняя VW Cadi 3 Golf 5 Octavia  04г.-> вар.оснащения 1ZC,1ZF к-кт",77641581,KEMP,713610770,FAG
Подшипник ступеци задней наружный Audi 84 -91,776418,KEMP,LM11749,FAG
Подшипник верхний опорн  Audi-100 76-91,7764183,KEMP,441412249A,VAG
Подшипник верхний опорн  Audi-100 91-94/A6 94-97,7764184,KEMP,4A0412249,VAG
Колпачок задней ступицы VW/ Audi,7764191,KEMP,823501249,VAG
Ролик натяжения VW 1.9 TDI,77641976,KEMP,531025130,INA
Подшипник ступ. зад. мал. VW Passat/Golf/A80/Ford/Opel/Skoda/Alfa/Daewoo/Mazda/M,776420,KEMP,LM11749,FAG
Ролик натяжения VW Audi G3 A80 Pas B4 1.9 TDI,77642052,KEMP,028109243B,VAG
Ступица VW T4 пер/зад 91-03 г.,77642069,KEMP,7D0501647,VAG
Ступица передняя Skoda Felicia 94-06,77642070,KEMP,6U0407615A,VAG
Ось задней ступицы VW 79-97 (барабан 4 отверстия) без ABS,77642110,KEMP,357501117A,VAG
Ролик натяжной ремня ГРМ Audi A3 A4 1.6 Skoda Octavia 1.6-2.0 VW G5 00->,77642381,KEMP,06A109479C,VAG
Ролик натяжной ремня ГРМ Audi A3 Skoda Octavia Fabia VW G4 1.9 SDI/TDI,77642383,KEMP,531044030,INA
Ролик паразитный ремня ГРМ VW T5 Pas.G5 Cadi 1.4-2.0 TDI (36*40),77642385,KEMP,532034910,INA
Ролик паразитный ремня ГРМ VW Pas.G5 Cadi 1.9-2.5 TDI (29*80),77642386,KEMP,532011110,INA
Ролик паразитный ремня ГРМ VW Golf4 Cadi2 Octavia 1.9SDI/TDI(29*28.5*47.2),77642387,KEMP,532016510,INA
Ролик паразитный ремняГРМ VW Golf4 Cad.2 Oct.1.9SDI.TDI Crafter 2.5 (29*28.5),77642388,KEMP,532016110,INA
Ролик паразитный ремня ГРМ VW Audi 1.9 TDI 91-00г. (29*28.5),77642389,KEMP,532012210,INA
Ролик натяжной поликлинового ремня с механизмом VW Audi 1.6-2.0 95-00г.,77642390,KEMP,058903133D,VAG
Ролик натяжной поликлинового ремня с механизмом VW Audi 1.9TDI 96-06г.,77642391,KEMP,038903315C,VAG
Ролик натяжной поликлинового ремня с механизмом VW Audi 1.9TDI 00-05г.,77642392,KEMP,038903315P,VAG
Механизм натяжной поликлинового ремня VW Audi 1.9 TD/TDI 93-99г.,77642394,KEMP,028903315R,VAG
Подшипник ступицы передней Audi-100 -88  82 мм 37*82*42,776424,KEMP,713610260,FAG
Ось задней ступици VW abs L барабан  (грушевид),7764256,KEMP,191501117D,VAG
Ролик паразитный ремня ГРМ  Audi 1.9-2.3 5цил (27.4*68.7*8),7764272,KEMP,074109243,VAG
"Ролик натяжения Audi- А4, А6, А8, 2,6-2,8",7764273,KEMP,078109243K,VAG
"Ролик натяжения  Audi-100 91-94/ A- 6/A-8  2,6-2,8",7764274,KEMP,078109243C,VAG
Ролик натяжения Audi-100 /А-6/LT/T-4 2.5 TDi,7764275,KEMP,074109243F,VAG
"Ролик натяжения Audi-80 -96 /Audi-100 -94 2,6-2,8",7764276,KEMP,078903341J,VAG
"Ролик натяжения VW 1,6-1,9D/1,6-1,9TD",7764277,KEMP,068109243F,VAG
"Ролик натяжения генер Audi- 80 А4, А6 2,4 2,6-2,8 95-05г. (с кронштейном)",7764278,KEMP,078903133AB,VAG
Ролик натяжной поликлинового ремня с механизмом VW Audi 1.9TDI 00-05г.,77642906,KEMP,038903315AE,VAG
Ролик натяжной поликлинового ремня с механизмом VW Audi 1.4-1.6 16V 97->,77642907,KEMP,534012320,INA
"Ролик натяжения Audi-80 -96 /Audi-100 -94 2,6-2,8",77642909,KEMP,532013210,INA
"Ролик натяжения Audi- А4, А6, А8, 2,6-2,8",77642910,KEMP,531010320,INA
Ролик натяжения,77642911,KEMP,532016310,INA
"Ролик натяжения  Audi-100 91-94/ A- 6/A-8  2,6-2,8",77642912,KEMP,531008420,INA
Ролик натяжения ГРМ паразитный Audi 2.6-2.8,77642913,KEMP,078109244F,VAG
Ролик натяжной поликлинового ремня VW Passat B5 Audi A4 1.9TDI 95-00,77642915,KEMP,531074510,INA
Ролик паразитный поликлинового ремня VW Golf Cadi Octavia 1.9SDI TDI (25*65*8),77642916,KEMP,532033010,INA
Ролик натяжной  ремня Г.Р.М. Audi A3 TT VW Golf Skoda Octavia 1.8 1.8T 20V,77642917,KEMP,531039920,INA
Ролик паразитный ремня ГРМ  Audi 1.9-2.3 5цил (27.4*68.7*8),77642918,KEMP,532005210,INA
Ролик натяжной  ремня Г.Р.М. Audi A4 A6 Skoda Superb 2.0 1.8T 20V,77642920,KEMP,531053120,INA
Ролик паразитный ремня ГРМ VW Audi 1.2-2.0 TDI00->(34*28.5),77642925,KEMP,532019710,INA
"Ролик натяжения ремня ГРМ VW/Audi  1,3-2.0 73-01",77642926,KEMP,531006310,INA
"Ролик натяжения Audi- А4, А6, А8, VW Passat B5 2.4 2.7T 2.8V6 97-05",77642927,KEMP,531047720,INA
"Ролик паразитный ремня ГРМ  Audi-А4,А6, А8, VW Pass.B5 2.4 -2.8V6 97-05(31*59*8)",77642928,KEMP,532015910,INA
Ролик натяжной  ремня Г.Р.М. Audi VW Golf 5 Skoda Octavia Fabia 04->1.4-1.6 16V,77642947,KEMP,036109243AC,VAG
Ролик натяжной  ремня Г.Р.М. Audi A3 TT VW Golf Skoda Octavia 1.8 1.8T 20V,77643015,KEMP,06B109243,VAG
Ступица VW T5 пер/зад 03 г.->Touareg 2.5 R5 TDI ->10г.,77643315,KEMP,7H0498611,VAG
"Ролик натяжения ремня ГРМ VW/Audi  1,3-2.0 73-01",77643375,KEMP,026109243G,VAG
"Ролик натяжения Audi  A4, A6 / VW Passat B5 95-00 1.8-1.8T",77643390,KEMP,531049920,INA
Ролик натяжения Audi / VW ransporter T4 LT28-35 Crafter 2.5TDI CDI 96- 06-,77643402,KEMP,531034230,INA
Ступица передняя VW Golf-4  Bora ABS,77643404,KEMP,1J0407613C,VAG
Подшипник ступицы передней VW Passat В2  80-88 37*68*39,7764356,KEMP,540733BA,FAG
Подшипник ступицы передней Audi-100  89 -95 37*82*45/43,7764361,KEMP,567519A,FAG
"Подшипник ступицы передней Audi-80  91-95 Passat B5 37*75*38,7/41",7764363,KEMP,567447B,FAG
Подшипник ступицы передней/задней VW Transporter T4 91-04 80*45*45,7764364,KEMP,564725AB,FAG
Ролик натяжной поликлинового ремня с механизмом  Audi A4 A5 A A8 2.4-3.2FSI 05->,77643815,KEMP,534037510,INA
Ролик натяжной ремня ГРМ Audi A4 A5 A6 Skoda VW G5 2.0TDI 05->,77643816,KEMP,531080910,INA
"Ролик ремня ГРМ  Audi- А4, А6, А8, VW Passat Skoda 2.0 TDI 05->(34*80*10)",77643817,KEMP,532035510,INA
Ролик натяжной ремня ГРМ Audi A4 A5 A6 Skoda VW G5 2.0FSI 05->,77643818,KEMP,531077710,INA
Ролик паразитный ремняГРМ Audi- А4 VWPass.Golf5 Skoda A5 2.0FSI05-(29*28.5*8.15),77643819,KEMP,532031010,INA
Ролик натяжной ремня ГРМ  VW LT28-46 VW T4 ;T5 2.5 TDI 96-06г.,77643821,KEMP,531034330,INA
Ролик натяжения ремня ГРМ VW Golf Vento Polo Caddi2 1.4-1.6  92-00,77643822,KEMP,531025230,INA
Ролик натяжной  ремня Г.Р.М. Audi VW Golf Skoda Octavia Fabia00->1.9TDI,77643825,KEMP,531043620,INA
Ролик паразитный поликлинового ремня Audi A3; TT VW Bora 2.5 TFSI 06->,77643827,KEMP,531058510,INA
Ролик паразитный поликлинового ремня Audi A3 RS3; TT VW Bora 2.5 TFSI 05->,77643828,KEMP,531058520,INA
Ролик натяжной поликлинового ремня с механизмом Fabia Pollo 1.2;1.4TDI 00->г.,77643829,KEMP,045903315A,VAG
Ролик паразитный ремня ГРМ VW Golf5Cadi3 Octavia 5 1.4  1.6 16v 01->(21.7*56),77643845,KEMP,532016710,INA
Ролик натяжения поликлиновой ремень VW Audi Scoda  70*24mm без механизма,77643960,KEMP,533007630,INA
Ролик паразитный ремня ГРМ VW Golf Cadi3 OctaviaFabia 1.4  1.6 16v 01->(29*28.5),77643975,KEMP,532018510,INA
Ролик паразитный ремня ГРМ VWAudi 1.8;1.8T;2.0   00-> (28.5*27),77643976,KEMP,532031220,INA
Подшипник задней ступ. колеса Audi A4 94-01 VW Caddy 2 (сокращенный комплект.),77644004,KEMP,713610370,FAG
Ступица задняя VW Caddi 3 04->,77644019,KEMP,1T0598611A,VAG
Подшипник ролика промеж (термомуфты) Audi-100 91-97,77644147,KEMP,077115136A,VAG
Подшипник верхний опорн  Audi-100 76-91,77644571,KEMP,431412249D,VAG
Подшипник верхний опорн  Audi-100 91-94/A6 94-97,77644572,KEMP,4A0412249,VAG
"Подшипник ступицы передней Fiat, Skoda, 68*35*37",7764458,KEMP,541153A,FAG
Подшипник ступицы передней/задней  VW Sharan 80*43*38,7764459,KEMP,579943B,FAG
Подшипник верхний опорн VW Golf-5/А-2:3/ Skoda Оktav.Fab. Caddy3 Passat 03->,77644664,KEMP,1K0412249,VAG
"Ролик натяжения Audi-80 -96 /Audi-100 -94 2,6-2,8  (90*25)",77644871,KEMP,078903341J,VAG
Ступица задняя Skoda Fabia VWpolo Audi A2 01г.->,77644960,KEMP,6Q0598611,VAG
"Ступица передняя VW Cadi 3 Golf 5 Octavia 04г.-> вар.оснащения 1ZC,1ZF",77644962,KEMP,713610770,FAG
Ступица VW Sharan Ford Galaxi пер/зад,77644964,KEMP,7M0501655D,VAG
Ступица передняя Skoda Fabia 99г.->Romster 06-> Audi A2 с Г/У,77644968,KEMP,6Q0407621,VAG
Ступица задняя VW Golf-4 Skoda Oktavia Audi A3 TT.97->г.,77644982,KEMP,1J0598477,VAG
Ступица передняя VW Polo Seat Arosa ABS,77644983,KEMP,6N0407613,VAG
"Ролик натяжения Audi  A4, A6 / VW Passat B5 96-04  1.8-1.8T",7764502,KEMP,058109243B,VAG
Ось задней ступици VW abs R  барабан (грушевид),7764514,KEMP,191501118C,VAG
Ось задней ступици  VW /Audi  L  диск  (подковооб),7764515,KEMP,333501117,VAG
Ролик натяжения поликлиновой ремень Scoda Octavia VW Pas.B5 1.6--2.0,7764534,KEMP,06A903315D,VAG
Ролик натяжения Audi-100 82-90 1.9-2.3/A-80 87-91 2.0-2.2/LT-28/Passat B2/ T-4,7764535,KEMP,069109243B,VAG
Ролик натяжения,7764536,KEMP,531075130,INA
Подшипник ступицы передней Audi A4/5/6/7/8(B8) Q5  07->,77645698,KEMP,4H0498625A,VAG
Ступица задняя Audi A4 (B6 B7) 00-08,77645699,KEMP,8E0598611A,VAG
Подшипник ступицы передней Audi A6(C6) 04-11,77645700,KEMP,4F0498625B,VAG
Подшипник ступицы передней/задней  Audi A6 (C6) A8 R8  Quattro 00->,77645701,KEMP,4E0498625B,VAG
Ступица задняя Audi A6(C6) 04-11,77645702,KEMP,4F0598611B,VAG
Ступица передняя VW LT Crafter 30-50 MB Sprinter  (906),77645703,KEMP,713668010,FAG
Ступица задняя VW Pollo (6N) Lupo Seat Arossa  96->,77645705,KEMP,6X0501477,VAG
Ступица задняя VW Pollo 10-> Scoda Fabia 11-> d30mm D120mm,77645706,KEMP,SK-WB-12879,Moog
Ступица задняя Audi A3 VW Golf 5    04г.->,77645796,KEMP,1K0598611,VAG
Ступица задняя VW Caddi 95-04г.Seat Inca 95->г.,77645798,KEMP,6K9501477,VAG
Ступица передняя Skoda Fabia 99г.->Romster (Украинская сборка) с Г/У,77645801,KEMP,6Q0407621BT,VAG
Ось задней ступици  VW /Audi  R диск  (подковооб),7764598,KEMP,333501118,VAG
Ступица передняя Skoda Fabia 99г.->Romster (Украинская сборка) с Г/У(D121mm),77646121,KEMP,713610820,FAG
Ролик натяжения,7764623,KEMP,078109244G,VAG
Ролик натяжения ГРМ паразитный Audi 2.6-2.8,7764624,KEMP,078109244F,VAG
"Ступица передняя Audi А4 А6 B-5 1,6-1,8-2,8",7764634,KEMP,8D0407615E,VAG
Ступица передняя Audi 80 89-94,7764635,KEMP,893407615B,VAG
"Ступица передняя Audi 100 91-94 А6 А4 B5 2,3-2,8",7764636,KEMP,4A0407615D,VAG
Ступица передняя Audi А4 А6 B5,7764637,KEMP,8D0407615A,VAG
Ступица передняя VW Golf- 83-88,7764639,KEMP,191407615,VAG
Ступица задняя VW Golf-4 Skoda Oktavia Audi A3 TT.97->г.,7764644,KEMP,713610220,FAG
Ось задней ступицы VW Golf-4 /Bora/ Oktavia,7764646,KEMP,1J0501117B,VAG
Ступица передняя Audi 100 88-92 (подшипник 37*82*45/43),7764653,KEMP,443407615B,VAG
Ролик натяжной поликлинового ремня без механизма VW Audi 1.6-2.0 95-00г.,77647406,KEMP,058903133D,VAG
Ступица задняя Audi A4 A5 A6 1.8-3.0  07->,77647544,KEMP,8K0598611,VAG
Подшипник ступицы задней  Audi Q7 VW Touareg 03-> 51*96*50 ABS,77647561,KEMP,713610640,FAG
Подшипник задней ступ. колеса Audi 100 (сокращенный комплект.),77647571,KEMP,713610240,FAG
Подшипник задней ступ. колеса VW комплект,77647572,KEMP,713610230,FAG
Подшипник ступицы задней  Audi Q7 VW Touareg 03-> 51*96*50 ABS,77647609,KEMP,713610640,FAG
Подшипник ступицы передней Audi-100  89 -95 37*82*45/43,77647610,KEMP,567519A,FAG
Подшипник ступицы передней Audi-100 -88  82 мм 37*82*42,77647611,KEMP,713610260,FAG
"Подшипник ступицы передней Fiat, Skoda, 68*35*37",77647612,KEMP,541153A,FAG
"Подшипник ступицы передней Skoda Oktavia W G4 A3,Fiat, Seat,Volvo 74*40*40",77647614,KEMP,801136,FAG
"Подшипник ступицы передней VW Golf-2  84-88 1,6-1,8 37*66*35",77647615,KEMP,713610310,FAG
Подшипник ступицы передней VW Passat В2  80-88 37*68*39,77647616,KEMP,540733BA,FAG
Подшипник ступицы передней VW Passat В3  88-93 37*72*40,77647617,KEMP,566719,FAG
Подшипник ступицы передней/задней  Audi A6 (C6) A8 R8  Quattro 00->,77647618,KEMP,713610480,FAG
Подшипник ступицы передней/задней  VW Sharan 80*43*38,77647619,KEMP,579943B,FAG
Подшипник ступицы передней/задней VW Transporter T4 91-04 80*45*45,77647620,KEMP,564725AB,FAG
Ступица задняя Audi A3 Q3 VW Passsat Golf 5 Octavia A5 04г.->136.4*32*69.2,77647624,KEMP,713610620,FAG
Ступица задняя Audi A4 A5 A6 1.8-3.0  07->,77647625,KEMP,713610890,FAG
Ступица VW T5 пер/зад 03 г.->Touareg 2.5 R5 TDI ->10г.к-кт,77647637,KEMP,713610760,FAG
"Ролик натяжения генер Audi- 80 А4, А6 2,4 2,6-2,8 95-05г. (с кронштейном)",77647722,KEMP,534011620,INA
"Ролик натяжения генер Audi- 80 А4, А6 2,4 2,6-2,8 95-05г. (без механизма) 76*25*",77647842,KEMP,1009030003,Meyle
Подшипник КПП VW Audi Skoda Seat 1.2-1.6 (задний) 04->,77647849,KEMP,02T311206E,VAG
Подшипник пер.ступицы VW.T2-3 82-86г.комплект,77648093,KEMP,713611430,FAG
Ступица зад VWTouareg Porsc Cayenne 10г.->,77648137,KEMP,713612300/VKBA6735,FAG
Подшипник пер.ступицы VW.T2-3 82-86г.комплект,77648177,KEMP,713611430,FAG
"Подшипник ступицы передней Audi-80  91-95 Passat B5 37*75*38,7/41",77648189,KEMP,567447B,FAG
Ступица зад VWTouareg Porsc Cayenne 10г.->,77648190,KEMP,713612300,FAG
Ступица передняя Skoda Fabia 99г.->Romster (Украинская сборка) с Г/У (D121mm),77648206,KEMP,713610820,FAG
Подшипник задней ступ. колеса Audi A4 94-01 VW Caddy 2  (сокращенный комплект.),77648207,KEMP,713610370,FAG
Подшипник ролика промеж (термомуфты )VW LT 95->,776488,KEMP,568 350,FAG
Подшипник задней ступ. колеса VW комплект,7764960,KEMP,713610230,FAG
"Ручка двери VW Golf 78-91,Passat -88  перед. L",77641588,KEMP,191837205A,VAG
"Ручка двери VW T4 наружная, передняя L",77641589,KEMP,701837205,VAG
Ексцентрик замка двери. VW G3 Vento(крючок),77641596,KEMP,1H0837223B,VAG
Курок ручки двери VW G2 Passat B2 L,77641604,KEMP,305837213L,VAG
Курок ручки двери VW G2 Passat B2 R,77641605,KEMP,305837213R,VAG
"Ручка регулятора спинки сидения VW Passat В2,Golf 2 80-91/Audi-80,100",7764231,KEMP,191881671,VAG
Ручка двери Audi-80 87-91/Audi-100 88-94 задн. L,7764242,KEMP,893839207,VAG
Ручка двери Audi-80 87-91/Audi-100 88-94 задн. R,7764244,KEMP,893839208,VAG
Ручка двери Audi-100 84-90 передн. L,7764245,KEMP,443837205C,VAG
Ручка двери Audi-80 87-91/Audi-100 88-94 передн. R,7764248,KEMP,893837208,VAG
"Ручка двери VW Golf 78-91,Passat -88  задн.  L",7764249,KEMP,193839205,VAG
"Ручка двери VW Golf 78-91,Passat -88  задн. R",7764250,KEMP,193839206,VAG
"Ручка двери VW Golf 78-91,Passat -88  перед. R",7764252,KEMP,191837206A,VAG
Ручка двери VW Passat В3 88-93 передн. R  с ц.з,7764253,KEMP,357837208A,VAG
Ручка двери внутренняя VW LT передняя R (без троса),77643267,KEMP,2D0837086,VAG
Ручка двери внутренняя VW LT передняя L (без троса),77643268,KEMP,2D0837085,VAG
Ручка двери внутренняя VW T4 передняя R,77643269,KEMP,7D0837020A,VAG
Ручка двери внутренняя VW T4 передняя L,77643270,KEMP,7D0837019A,VAG
"Ручка стеклоподъемника VW Passat B4,Transp T4 96- Golf3",77643896,KEMP,1H0837581,VAG
Ручка двери VW Golf-4 Lupo 97-05 передн+задн L+R крашеная белая,77643983,KEMP,3B0837207F,VAG
"Ручка двери VW T4 наружная, сдвижная дверь R",77643990,KEMP,7D0843704A,VAG
Ручка двери внутренняя  VW T4 передняя L (черная),77644234,KEMP,701837019A,VAG
Ручка двери внутренняя  VW T4 передняя R (черная),77644235,KEMP,701837020A,VAG
Замок бардачка VW Golf 3 Vento (механизм),77644236,KEMP,1H1857131,VAG
Ручка открывания моторного отсека VW Golf Caddi  Skoda Octavia Seat,77644237,KEMP,1J1823533B,VAG
Накладка внутреней ручки двери VW Transporter T5,77644238,KEMP,7H0867171B,VAG
Ручка двери внутренняя VW Passat B4 передняя L,77644239,KEMP,3A0837235,VAG
Ручка двери внутренняя VW Passat B4 передняя R,77644240,KEMP,3A0837236,VAG
Кронштейн ручки капота с мех.VW Transporter T5,77644248,KEMP,7H1823633B,VAG
Кронштейн ручки капота с мех.VW Bora Golf Skoda Octavia Fabia Seat,77644249,KEMP,1J1823633A,VAG
Личинка дверных замков  WV LT 28-46 MB Sprinter Vito,77644502,KEMP,2D0837217,VAG
Ручка двери Audi-80 78-86 передн. R,7764542,KEMP,813837206C,VAG
Ручка двери Audi-80 78-86 задн. L,7764543,KEMP,813839205B,VAG
Ручка двери Audi-80 78-86 задн. R,7764544,KEMP,813839206B,VAG
Ручка двери VW Golf-3 92-97 задняя L/R,77645584,KEMP,1H4839205,VAG
Ексцентрик замка двери VWPollo Seat Ibiza Cordoba  95->,77645586,KEMP,6K4837223A,VAG
Ексцентрик замка двери VWPollo (6N)  95-01г.,77645587,KEMP,6N0837223A,VAG
Ексцентрик замка двери Seat Ibiza Cordoba  93-02г.,77645588,KEMP,6K3837223A,VAG
Ексцентрик замка двери VW Caddy2 Pollo (6K)  95-01г.,77645589,KEMP,6K4837223B,VAG
Механизм ручки двери внутрений VW Golf 4 Passat B5 Audi A3 (передний) L,77645736,KEMP,3B0837885D,VAG
Механизм ручки двери внутрений VW Golf 4 Passat B5 Audi A3 (передний) R,77645737,KEMP,3B0837886D,VAG
Ручка двери VW T1 LT28-45 пер.L/R (черная),77645740,KEMP,211837205,VAG
"Ручка двери VW Golf 78-91, Passat -88  перед. L(без  личинки)",77646631,KEMP,191837207,VAG
"Ручка двери VW Golf 78-91, Passat -88  перед. R(без  личинки)",77646632,KEMP,191837208,VAG
Ручка двери VW Passat B3 88-93 задн R,776468,KEMP,357839206,VAG
Ручка бардачка Golf 3,7764792,KEMP,1H6857147,VAG
Сальник задней ступицы VW/Audi,7764103,KEMP,321501641,VAG
Пружина передняя VW Passat B3 88-92г.1.9-2.0d 12.3*385mm,77641253,KEMP,950 280,K+F
Пружина задняя VW Passat В3 седан 88-94 г. d11.5h412mm.,77641258,KEMP,950277,K+F
Пружина задняя VW Passat В3 variant 88-94 г. усиленная  d14h365mm.,77641259,KEMP,950290,K+F
Шаровая опора VW T4 91-г. верхняя,77641545,KEMP,VO-BJ-7192,Moog
Стойка стабилизатора переднего VW Golf 2-3 Polo Cadi2 Toledo Cordoba,77641676,KEMP,191411315A,VAG
Стойка стабилизатора переднего VW Golf 2-3 Vento 82-99г.16мм (к-кт),77641677,KEMP,191411315B,VAG
"Стойка стабилизатора переднего VW Passat B3,В4 88-94 19мм диаметр",77641678,KEMP,357411315,VAG
Шаровая опора VW T4 91-г. нижняя,77641848,KEMP,701407361B,VAG
Шаровая опора VW T4 91-г. верхняя,77641849,KEMP,701407187B,VAG
Шаровая опора Audi 80 B4 91-95г.L,77641877,KEMP,8A0407365,VAG
Шаровая опора Audi 80 B4 91-95г.R,77641878,KEMP,8A0407366,VAG
"Пружина передняя VW Passat B5 d14,8h353mm.",77642078,KEMP,4095056,KME
Пружина задняя VW Passat B5 d14.1h290mm.,77642079,KEMP,4B0511115B,VAG
Пружина задняя VW Passat В3 B4variant 88-96г. .,77642084,KEMP,4295011,KME
Пружина передняя VW Passat B3 B4 92-96г. d12.9h370mm.,77642090,KEMP,950287,K+F
"Стойка стабилизатора переднего VW Passat B3,В4 88-94 24мм диаметр",77642209,KEMP,357411315B,VAG
Пружина передняя Skoda Fabia 1.2-1.4 16V 99-> 11.5*380mm.,77642259,KEMP,4082927,Lesjofors
Пружина передняя Skoda Octavia 1.8T 1.9TDI 96->  12.5*360mm.,77642260,KEMP,4085706,KME
Пружина задняя VW Golf 3 Vento 91-98 г.,77642262,KEMP,4295003,Lesjofors
Пружина передняя VW Passat B3 88-92г.1.9-2.0d  12.8*355mm,77642263,KEMP,4095021,Lesjofors
Пружина задняя VW Passat В3 variant 88-96 г. 13*375mm,77642264,KEMP,4295026,Lesjofors
Пружина задняя VW Transporter 92-04г.,77642265,KEMP,4295020,Lesjofors
Пружина задняя VW Transporter 92-04г.18*245,77642266,KEMP,4295019,Lesjofors
Пружина задняя VW Passat В3 variant 88-94 г. d13.5h360mm.,77642269,KEMP,77642269,VAG
Пружина передняя VW Golf 2 Jetta 2 1.6-1.8 84-92г.,77642361,KEMP,95020000,K+F
Пружина передняя Audi 80/90 1.8-2.3 86-91г. 12.7*360mm.,77642362,KEMP,950260,K+F
Пружина задняя Audi 80/90 1.8-2.0 86-91г.10.5*420,77642363,KEMP,893511115A,K+F
Пружина задняя VW Passat  B4variant 92-96г. .,77642365,KEMP,950294,K+F
Пружина задняя VW Passat В3 B4 variant 91-96г. .13.6*363mm.,77642366,KEMP,95029500,K+F
Пружина задняя Audi 80 B4 91-94г.,77642367,KEMP,950614,K+F
Пружина задняя VW Golf 3 Vento 91-98 г.,77642368,KEMP,95065200,K+F
Пружина передняя Skoda Octavia 1.8T 1.9TDI 96-> 12.5*330mm.,77642373,KEMP,1J0411105BG,VAG
Пружина задняя Skoda Octavia   96->  11.4*350mm,77642374,KEMP,950717,K+F
Пружина задняя Skoda Octavia Combi  98->VW Golf 4 variant 11.5*357,77642375,KEMP,1J0511115AE,VAG
Пружина задняя VW Passat B5 Variant,77642419,KEMP,4295037,Lesjofors
Пружина передняя VW Passat B5 1.9-2.0TDI 2.3VR 2.8V6  14*357mm.,77642420,KEMP,4004237,Lesjofors
Пружина передняя VW Golf Plus  Golf5 Touran,77642421,KEMP,950129,K+F
Пружина передняя VW Caddy 3 1.4-1.6  13.5*385mm.,77642423,KEMP,4095074,Lesjofors
Пружина передняя VW Jetta 3 1.9TDI-2.0FSI,77642424,KEMP,4095079,Lesjofors
Пружина передняя VW Passat B6 2.0TFSI,77642425,KEMP,4095084,Lesjofors
"Пружина задняя VW Passat B6 1,9TDI 2.0TFSI сед  12.5*353mm.",77642426,KEMP,4295074,Lesjofors
Пружина задняя Skoda Octavia  98->VW Golf 4 Bora Toledo 2,77642427,KEMP,1J0511115AK,VAG
Пружина задняя VW Transporter 92-04 18*245*5.25,77642428,KEMP,701511105,VAG
Пружина задняя VW Transporter T5 (прог.завивка)с утоншением  d14*20h285mm.,77642429,KEMP,950714,K+F
Пружина передняя Audi 100 2.0-2.3 90-94г.,77642430,KEMP,4A0411105,VAG
Пружина задняя Audi A6 94-97г. сед  13*340mm,77642431,KEMP,4204214,Lesjofors
Пружина задняя Skoda Octavia  98->VW Golf 4 Bora 98-06.  11.3*357mm.,77642436,KEMP,950678,K+F
Пружина передняя Audi A6 2.0TDI 2.4 3.2FSI  14.8*341mm,77642437,KEMP,4004267,Lesjofors
Пружина задняя VW Passat В4 Variant/sedan 91-97г.,77642438,KEMP,3A9511105,VAG
Рычаг подвески передней  VW Golf 2 84-91г.L/R,77642443,KEMP,191407151A,VAG
Стойка стабилизатора переднего VW Golf5 Cadi 3Pas.B6 Octavia A5 Audi A3 03->,77642463,KEMP,1K0411315B,VAG
Шаровая опора VW Polo Skoda Fabia 00-> L.,77642472,KEMP,6Q0407365A,VAG
Шаровая опора VW Polo Skoda Fabia 00-> R.,77642473,KEMP,6Q0407366A,VAG
Шаровая опора VW Cadi 3.Golf 5 Touran Octavia A5 L.,77642474,KEMP,1K0407365B,VAG
Шаровая опора VW Cadi 3.Golf 5 Touran Octavia A5 R.,77642475,KEMP,1K0407366B,VAG
Стойка стабилизатора заднего  Audi A3 VW Touran Golf 5 Pas.B6 Octavia A5 03->,77642477,KEMP,1K0505465C,VAG
Стойка стабилизатора переднего VW Transporter T5,77642481,KEMP,7H0411317,VAG
Стойка стабилизатора переднего VW Polo (9N) Fabia Combi Practic Audi A2,77642482,KEMP,6Q0411315D,VAG
Стойка стабилизатора переднего VW Polo (9N) Fabia Romster  Audi A2,77642483,KEMP,6Q0411315N,VAG
"Рычаг подвески передней  VW Golf-4, Bora, Scoda Octavia.L/R",77642490,KEMP,1J0407151A,VAG
"Стойка стабилизатора переднего Audi A6,A8 Alroad 95-05 L/R",77642492,KEMP,4D0411317J,VAG
Шаровая опора VW T4 95-03г. нижняя,77642501,KEMP,7D0407361,VAG
Пружина задняя VW Passat В2 80-88  (VW Golf-2 усиленная),7764254,KEMP,331511115F,VAG
Рычаг подвески передней  VW Golf 2 84-91г.L/R,77642580,KEMP,191407153A,VAG
Шаровая опора Audi-80 86-91 19 мм L   с Г.У.,77642654,KEMP,AU-BJ-7168,Moog
Шаровая опора Audi-80 86-91 19 мм R   с Г.У.,77642655,KEMP,AU-BJ-7172,Moog
Шаровая опора VW T2-T3 84- 91г. нижняя,77642658,KEMP,251407187,VAG
Шаровая опора VW LT28-35 82-96г. нижняя,77642659,KEMP,VO-BJ-3245,Moog
Шаровая опора VW Polo Skoda Fabia 00->  L.,77642662,KEMP,SK-BJ-0413,Moog
Шаровая опора VW Polo Skoda Fabia 00->  R.,77642663,KEMP,SK-BJ-0414,Moog
Шаровая опора Skoda Felicia Favorit VW Cadi2,77642664,KEMP,SK-BJ-8223,Moog
Шаровая опора VW Cadi 3.Golf 5 Touran Octavia A5  L.,77642665,KEMP,VO-BJ-1860,Moog
Шаровая опора VW Cadi 3.Golf 5 Touran Octavia A5  R.,77642666,KEMP,VO-BJ-1859,Moog
Стойка стабилизатора переднего VW LT28-46 MB Sprinter L,77642681,KEMP,2D0411051,VAG
Стойка стабилизатора переднего VW LT28-46 MB Sprinter R,77642682,KEMP,2D0411052,VAG
"Рычаг VW Passat В5,/Audi A4,A6,A8 Skoda 00-05г. передн. низ. L+R конус 16mm",77642693,KEMP,AU-TC-0723,Moog
"Стойка стабилизатора переднего Audi A6,A8 Alroad 95-05 L/R",77642702,KEMP,VO-LS-0157,Moog
Рычаг подвески передней  VW Passat 05-> Tiguan 07-> L,77642828,KEMP,3C0407151,VAG
Рычаг подвески передней  VW Passat 05-> Tiguan 07->R,77642829,KEMP,3C0407152,VAG
Шаровая опора VW Golf-2  88-99/ Passat B3 88-95  19 мм,77642886,KEMP,191407365,VAG
Опорный диск VW Golf-2 84-91 /Golf-3 92-97 задн. пружины верх,7764291,KEMP,191512113,VAG
"Стойка стабилизатора переднего Audi A6,A8 L/R 04->",77642919,KEMP,4E0411317E,VAG
"Рычаг VW Passat В5,/Audi A4,A6,A8 Skoda 00-05г. передн. низ. L+R конус 16mm",77642924,KEMP,4B3407151A,VAG
Отбойник амморт.VW Passat B3 Golf 2-3 88-99 передн.,7764293,KEMP,357412303E,VAG
Отбойник амморт. Audi-100 83-91 заднего (усиленный),7764294,KEMP,443512131,VAG
Шаровая опора VW T2-T3 84- 91г. верхняя,77642948,KEMP,251407361,VAG
Стойка стабилизатора переднего VW Golf4 Bora Skoda Octavia,77642949,KEMP,VO-LS-0475,Moog
Отбойник амморт. VW Golf-2 84-91/Golf-3 92-97 заднего,7764295,KEMP,191512131B,VAG
Стойка стабилизатора переднего VW Transporter T5,77642950,KEMP,VO-LS-2311,Moog
Отбойник амморт. Audi-100 84 -91  переднего,7764297,KEMP,443412131A,VAG
Отбойник амморт.VW Passat В2 80-88/Audi-80 86-91 передн.,7764298,KEMP,811412131B,VAG
Пружина передняя VW Passat B3 88-92г.1.9-2.0 Усиленная  d13*355mm,77642983,KEMP,950280,K+F
"Стойка стабилизатора переднего VW Passat B3,В4 88-94 21мм диаметр",7764310,KEMP,357411315D,VAG
"Стойка стабилизатора переднего VW Passat В5,B6/Audi A4,A6,A8 Skoda 95-05 R",7764311,KEMP,8D0411318D,VAG
"Стойка стабилизатора переднего VW Passat B3,В4 88-94 21мм диаметр  комплект",77643224,KEMP,357411315DS,VAG
Шаровая опора VW Golf-2 84-91 17 мм,77643379,KEMP,191407365A,VAG
Шаровая опора VW Polo Skoda Fabia 04-> R,77643497,KEMP,6R0407366A,VAG
Шаровая опора VW T5    03-г.,77643633,KEMP,7H0407361,VAG
"Рычаг VW Passat В5,/Audi A4,A6,A8 Skoda 95-03 передн. низ.  L+R",77643643,KEMP,4D0407151J,VAG
Шаровая опора VW Golf-2 84-91 17 мм,77643830,KEMP,191407 365C,VAG
Стойка стабилизатора переднего VW Golf4 Bora Skoda Octavia AudiA3 TT L 99->,77643875,KEMP,1J0411315D,VAG
Стойка стабилизатора переднего VW Golf4 Bora Skoda Octavia AudiA3 TT R 99->,77643876,KEMP,1J0411316D,VAG
Рычаг подвески передней  VWGolf 5 Golf+Caddy 3  Oktavia A5 Audi A3,77643955,KEMP,1K0407151M,VAG
Рычаг подвески передней  Audi A3 Seat Altea Leon Toledo3 VW  L,77643956,KEMP,1K0407151BC,VAG
Рычаг подвески передней  Audi A3 Seat Altea Leon Toledo3 VW  R,77643957,KEMP,1K0407152BC,VAG
Рычаг подвески передней  VW Passat 05->  Tiguan 07-> L/R (алюминий),77643958,KEMP,3C0407151E,VAG
Пружина передняя Audi 80/90 82-91 VW Pasat B2 ->86 13*366mm,77643984,KEMP,4004211,Lesjofors
Пружина передняя Audi 100 2.0-2.4 D TD 82-91г. 14.5*425mm,77643985,KEMP,950741,K+F
Пружина задняя Audi A100 82-90г. сед,77643986,KEMP,443511115J,VAG
Шаровая опора VW Golf-2  88-99/ Passat B3 88-95  19 мм,7764421,KEMP,357407365,VAG
Пружина задняя VW Passat B5 .Audi A6 97-05г. сед,77644210,KEMP,4204225,Lesjofors
Пружина задняя Audi 80/90 1.8-2.0 86-91г.,77644211,KEMP,4204207,Lesjofors
Пружина передняя Skoda Octavia 1.8-2.0  04-> (A5),77644221,KEMP,4085711,Lesjofors
Пружина задняя Skoda Octavia (A5) 04-> 11.2*350,77644222,KEMP,4285718,Lesjofors
Пружина задняя Skoda Octavia Combi VW Golf 4 Variant 11.5*360,77644223,KEMP,4295043,Lesjofors
Пружина задняя VW Transporter T5 усиленная 22*248mm.,77644224,KEMP,4295060,Lesjofors
Пружина задняя VW Transporter T5 20*252mm,77644225,KEMP,4295050,Lesjofors
Пружина задняя VW Transporter T5 20*252mm  (2 сорт),77644276,KEMP,4295050,Lesjofors
"Стойка стабилизатора переднего VW Passat В5,B6/Audi A4,A6,A8 Skoda 95-05 L",7764450,KEMP,8D0411317D,VAG
Стойка стабилизатора переднего VW Golf 2-3 Polo Cadi2 Toledo Cordoba (к-кт),77644544,KEMP,191411315AS,VAG
Стойка стабилизатора переднего VW Polo CaddY2 Seat Toledo Cordoba,77644592,KEMP,6K0411315,VAG
Стойка стабилизатора переднего VW Polo CaddY2 Seat Toledo Cordoba к-кт,77644593,KEMP,6K0411315S1,VAG
Стойка стабилизатора переднего VW Polo Lupo Seat Arosa 17mm к-кт.,77644594,KEMP,6N0411315AS1,VAG
"Рычаг VW Passat В5,B6/Audi A4,A6,A8 Skoda 95-05 задн. верх L",7764466,KEMP,8D0407509G,VAG
"Рычаг VW Passat В5,B6/Audi A4,A6,A8 Skoda 95-05 задн. верх R",7764467,KEMP,8D0407510G,VAG
Стойка стабилизатора переднего VW Polo Lupo Seat Arosa 16mm к-кт.,77644679,KEMP,6N0411315S1,VAG
"Стойка стабилизатора переднего VW Passat B3,В4 88-94 19мм диаметр комплект",77644682,KEMP,357411315C,VAG
"Стойка стабилизатора переднего VW Passat B3,В4 88-94 21мм диаметр  комплект",77644683,KEMP,VO-LS-1165,Moog
"Стойка стабилизатора переднего VW Passat B3,В4 88-94 24мм диаметр комплект",77644684,KEMP,357411315D,VAG
Стойка стабилизатора переднего VW Golf 2-3 Polo Cadi2 Toledo Cordoba,77644685,KEMP,191411315A,VAG
"Рычаг VW Passat В5,/Audi A4,A6,A8 Skoda 95-03 передн. низ. L+R",77645128,KEMP,4D0407151J,VAG
Отбойник амморт. Audi-100 A6 90 -97 переднего,77645360,KEMP,4A0412131,VAG
Отбойник амморт. Audi A4 A6 VW PassatB5 переднего,77645361,KEMP,8D0412131F,VAG
Отбойник амморт. Audi-100 A6  90-96 заднего,77645362,KEMP,4A0512129,VAG
Отбойник амморт. Audi A4 A6 VW Passat B5 96-05 заднего,77645363,KEMP,4B0512131N,VAG
Рычаг подвески передней Audi-100 89 -91 передн. L  19 мм,776457,KEMP,AU-TC-7163,Moog
"Рычаг подвески передней Audi-100,A6 91-97   передн.  L",776458,KEMP,4A0407151,VAG
Пружина передняя VW Passat B3 B4 92-96г.14*340mm,77645831,KEMP,357411105AB,VAG
Пружина передняя VW Passat B3 B4 92-96г. d12.5h372mm.,77645832,KEMP,950289,K+F
Пружина задняя Audi A6 94-97г.Avant  13.5*341mm,77645833,KEMP,4204204,Lesjofors
Рычаг подвески передней Audi-100 84-91 передн. R,776459,KEMP,437407152A,VAG
Шаровая опора VW T4 91-г. верхняя,77645998,KEMP,10155,Lemforder
Шаровая опора VW T4 91-г. нижняя,77645999,KEMP,10164,Lemforder
Рычаг подвески передней Audi-100 89 -91 передн. R 19 мм,776460,KEMP,AU-TC-7164,Moog
Пружина передняя Audi 100 2.0-2.3 90-94г.,77646018,KEMP,950741,K+F
Пружина задняя Audi A100 82-90г. сед  13*340mm,77646019,KEMP,950617,K+F
Пружина задняя VW Passat B5 Variant Skoda SuperB 01-08  14.1*290mm.,77646020,KEMP,4B0511115B,VAG
Пружина задняя VW Passat В2 80-88 11.2*400mm. (VW Golf-2 усиленная),77646021,KEMP,4295001,Lesjofors
Пружина задняя VW Passat В3 variant 88-94 г. d13h388mm.,77646023,KEMP,95027800,K+F
Пружина задняя Audi A6 94-97г.Avant  14*341mm,77646175,KEMP,4204213,Lesjofors
Шаровая опора VW Passat В2 80-88 /Audi-80 78-86,776464,KEMP,823407365E,VAG
Пружина передняя VW Passat B5 d14h353mm.,77647658,KEMP,950701,K+F
Пружина задняя Skoda Fabia 99->,77647668,KEMP,4285707,Lesjofors
Пружина задняя Skoda Octavia (A5) Combi 04->,77647672,KEMP,4285719,Lesjofors
Пружина передняя VW Golf Plus  Golf5 Touran Passat  1.4 EcoFuel,77647673,KEMP,4095068,Lesjofors
Пружина передняя Skoda Fabia 1.4-1.9 TDI Skoda Roomster,77647675,KEMP,4085709,Lesjofors
Пружина задняя Audi A4 94-00,77647681,KEMP,950232,K+F
Пружина задняя VW Transporter T5(прог.завивка)с утоншением  d14*20h260mm.,77647686,KEMP,950712,K+F
Отбойник амморт. Audi A3 VW SKODA SEAT 04-> переднего,77647779,KEMP,1K0412303M,VAG
Отбойник амморт.  VW Polo SKODA Fabia 99-> переднего,77647782,KEMP,6Q0412301,VAG
Отбойник амморт. Audi A4 A6 VW PassatB5 переднего,77647783,KEMP,8D0412131E,VAG
Отбойник амморт. Audi A4 A5 A6 A7 07-> переднего,77647786,KEMP,8K0412131F,VAG
Отбойник амморт. Audi A4 A5 A6 Q5 07->заднего,77647787,KEMP,8K0512131,VAG
Шаровая оппора MBSprinter VW Crafter 06->,77647865,KEMP,2E0407151L,VAG
Шаровая опора Audi-80 86-91 17 мм L   с Г.У.,7764854,KEMP,855407365A,VAG
Шаровая опора Audi-80 86-91 17 мм R  с Г.У.,7764855,KEMP,855407366A,VAG
Пружина задняя VW Transporter 92-04  (прог.завивка)с утоншением 10*20*280,7764861,KEMP,KF950672,K+F
Пружина задняя VW Transporter 92-04 18*260,7764862,KEMP,95067300,K+F
Пыльник амморт. VW Passat B3 передн,7764936,KEMP,357412135,VAG
Сайлентблок рычага  VW Passat В2/Audi 80 81-91г.,77641006,KEMP,811407181A,VAG
Втулка стабилизатора передняя (внеш.) VW T4,77641537,KEMP,7D0411045,VAG
Подушка двигат. Audi-80/VW Passat 72-88,7764163,KEMP,893199381D,VAG
"Подушка двигателя задняя VW Golf-2,Passat В3 1,6-1,8 84-93г.",77641661,KEMP,191199262A,VAG
"Подушка двигат. Audi-100 2.0 2.0 16V 90-94г.,А-6 1.8-2.0 94-97",77641662,KEMP,4A0199379C,VAG
"Подушка КПП  VW Golf3,Passat 1.6-1,8 88-97",77641663,KEMP,357199402B,VAG
"Подушка КПП  VW Golf 1-3, 1.0-1.4 Passat 1.6 83-97",77641664,KEMP,191199381A,VAG
Подушка верхняя опорная VW Golf-3/Passat B4 92-97г.,77641667,KEMP,357412331A,VAG
Сайлентблок рычага задний VW Golf Jeta 83-91г.60*41*12mm,77641668,KEMP,191407181G,VAG
Сайлентблок рычага задний VW Golf3 Passat B3-4 87-97(+втулка)60*41*17,77641669,KEMP,191407181ES,VAG
"Подушка карбюр  Audi-80,100 Passat B2 Golf 1-2  1.6-1.8",7764167,KEMP,026129761A,VAG
"Сайлентблок рычага (стабилизатор) Audi-100,83-91г.",77641671,KEMP,431407181F,VAG
Сайлентблок передней балки  Audi-80 B4 91-94г.(передний),77641675,KEMP,8A0199415B,VAG
Сайлентблок задней балки Audi-100 A6 91-97,77641680,KEMP,4A0511247,VAG
Подушка моноинжектора VW/Audi 84-02,7764171,KEMP,050129761H,VAG
"Подушка КПП  VW Passat В5, Audi A-4 96-04 R",7764172,KEMP,8D0399151H,VAG
"Подушка КПП  VW Passat В5, Audi A-4 96-04 L",7764173,KEMP,8D0399151P,VAG
"Подушка КПП Audi-100,A6 2,0-2,5 91-94",7764174,KEMP,4A0399151D,VAG
"Подушка карбюр  Audi-80,100 VW Pas.B2 1,6-1,8 78-88г.",77642152,KEMP,050129761C,VAG
Подушка двигат. Audi-80/VW Passat 72-88 (зеленая),77642207,KEMP,893199381B,VAG
Подушка двигат.VW Transporter T4   R,77642842,KEMP,7D0199132D,VAG
Сайлентблок рычага задний VW Golf 4 Bora Skoda Octavia D60*d13*h41,77642894,KEMP,1J0407181,VAG
Сайлентблок передней балки  Audi-80 86-94г..(задний),77643042,KEMP,893199419,VAG
Сайлентблок передней балки  Audi-80 B4 91-94г.(задний),77643043,KEMP,8A0199419,VAG
Сайлентблок задней балки VW Golf-3  92-97 Variant,77643044,KEMP,1H9501541,VAG
Втулка стабилизатора переднего рычага Audi 80 84-94г.с Г.У.,77643049,KEMP,857407474,VAG
Сайлентблок рычага задний VW Golf Jeta 83-91г. 62*41*17mm (бурт),77643077,KEMP,191407181B,VAG
"Сайлентблок передней балки в кузове Audi-100,A6 91-97  зад R",7764313,KEMP,4A0399420E,VAG
Втулка стабилизатора заднего (сред.) VW T5 23mm,77643263,KEMP,7H5511413B,VAG
Втулка стабилизатора заднего (наруж.) VW T5 23mm,77643266,KEMP,7H5511414,VAG
Сайлентблок рычага  Audi A3 VW Cadi 3 Golf  Plus  Oktavia A5  L  04->,77643361,KEMP,1K0199231G,VAG
Сайлентблок рычага  Audi A3 VW Cadi 3 Golf  Plus Oktavia A5  R 04->,77643362,KEMP,1K0199232G,VAG
Подушка верхняя опорная Audi-A4 A5 Q5 07->,77643378,KEMP,8K0412377D,VAG
Подушка верхняя опорная VW Golf-3/Passat B4 92-97г.,77643384,KEMP,357412331A,VAG
"Подушка КПП  VW Passat В5, Audi A4,A6 2.4-2.8 96-00",77643553,KEMP,8D0399151M,VAG
Подушка двигат. Audi-100 86-91  1.8  4цил,776438,KEMP,443199381,VAG
Втулка стабилизатора передняя (сред.) VWGolf Bora Skoda Octavia Audi A3 TTф21mm,77643857,KEMP,1J0411314T,VAG
Подушка двигателя  VW Passat В4 93-95/ Golf-3 92-97,7764395,KEMP,1H0199262A,VAG
"Подушка двигат. Audi-100,200,90 84-91  1.9-2.4  5 цил",776440,KEMP,443199381C,VAG
"Подушка двигат. Audi-100,А-6 91-97 R  2.6-2.8  6 цил",776442,KEMP,4A0199352A,VAG
"Подушка VW Passat В5/Audi А6,А4  АКПП",7764430,KEMP,8D0399415E,VAG
Подушка карбюр  Passat B2 Golf 1-2  1.6-1.8 ->88,77644305,KEMP,026129761E,VAG
Сайлентблок рычага задний VW Polo Skoda Fabia Romster,77644316,KEMP,6Q0407183,VAG
Подушка двигат. Audi-80 B4 1.6-2.0 1.9TDI 91-94 г.L(АКПП),77644327,KEMP,8A0199381A,VAG
Подушка двигат.VW Transporter T2 82-91,77644339,KEMP,070199231A,VAG
Подушка двигат.VW Transporter T2 82-91,77644340,KEMP,070199231,VAG
"Подушка карбюр Keihen Audi-100,80 (четыре шпильки)",77644376,KEMP,050129761D,VAG
Сайлентблок задней балки VW Golf-2 83-91,776444,KEMP,191501541,VAG
"Подушка КПП  VW Passat В5, Audi A4,A6 1,6-2,0 96-04",7764441,KEMP,8D0399419N,VAG
"Сайлентблок передней балки  Audi-100,A6 91-97 ( передний)",7764442,KEMP,4A0399415B,VAG
Сайлентблок задней балки Audi-80 91-94,7764444,KEMP,8A0501541,VAG
Сайлентблок рычага VW Transporter T-4 92-03 (низ. задний),7764445,KEMP,7D0407140A,VAG
Втулка сайлентблока поперечного рычага VW Golf Seat (металическая),77644511,KEMP,191407190A,VAG
Подушка двигателя  VW Passat В4 93-95/ Golf-3 92-97 Corado VR6 2.9,77644512,KEMP,1H0199262K,VAG
Сайлентблок рычага задний VW Golf 4 Bora Skoda Octavia,77644515,KEMP,1J0407181,VAG
Сайлентблок рычага VW Transporter T2  79-92 пер. верхнего,77644516,KEMP,251407077,VAG
Сайлентблок рычага пер. Audi A3 VW G2-4 Pasat3-4,77644517,KEMP,357407182,VAG
Подушка верхняя опорная VW /Passat B3 88-93 г.,77644518,KEMP,357412329,VAG
Сайлентблок задней балки VW Passat B3-В4 88-95 (комплект),77644519,KEMP,3A0501541S,VAG
"Подушка КПП Audi-100,A6 2,0-2,5 91-94",77644522,KEMP,4A0399151D,VAG
Подушка двигат.VW Polo Scoda Fabia Seat Ibiza 1.4-1.6 16V (задняя),77644525,KEMP,6Q0199851AB,VAG
Подушка верхняя опорная VW Polo Skoda Fabia Seat Cordoba Ibiza,77644526,KEMP,6Q0412331B,VAG
Подушка КПП  VW Passat B2 .Audi A80 B2 ->86г,77644529,KEMP,811399151B,VAG
Подушка двигат. Audi-80/VW Passat 72-88 (зеленая),77644531,KEMP,893199381C,VAG
Подушка верхняя опорная Audi   A4 00->,77644534,KEMP,8E0412377,VAG
Втулка стабилизатора передняя (сред.) VWPassat B2 Audi 80 B2,77644536,KEMP,811411327A,VAG
Сайлентблок передней балки  Audi A3 VW Golf4 Skoda Octavia,77644547,KEMP,1J0199429,VAG
Подушка двигат.VW Bora/Audi A3 Skoda Octavia 1.4-1.6 96-05 L,77644550,KEMP,1J0199555AK,VAG
Подушка верхняя опорная VW G4 Bora Skoda Fabia Octavia Audi A3,77644552,KEMP,1J0412331C,VAG
Подушка двигат.VW Bora/Audi A3 Skoda Octavia A5 1.4-1.6 04-> R,77644553,KEMP,1K0199262AJ,VAG
Сайлентблок рычага задний VW Passat Caddy3 Skoda Octavia A5 Seat,77644554,KEMP,1K0407183A,VAG
Сайлентблок рычага пер. VW Passat Caddy3 Skoda Octavia A5 Seat,77644555,KEMP,1K0407182,VAG
Сайлентблок заднего рычага нижний VW Passat Touran Skoda Octavia A5 Seat,77644557,KEMP,1K0505553,VAG
Сайлентблок рычага VW Passat Tiguan L/R 05->,77644566,KEMP,3C0199231D,VAG
"Сайлентблок рычага (стабилизатор) Audi-100,83-91г.",77644570,KEMP,431407181F,VAG
Втулка стабилизатора переднего (сред. 25mm) Audi  A4 A8 VW Passat B5,77644577,KEMP,4D0411327G,VAG
Втулка стабилизатора переднего (сред. 27mm) Audi  A4 A6 A8 VW Passat B5,77644578,KEMP,4D0411327H,VAG
"Подушка двигателя задняя VW Golf-2,Passat В3 Corado 1.8-2.0 GTI 84-93г.",77644584,KEMP,535199262,VAG
Сайлентблок задней балки VW Polo Classic Variant Seat  Ibiza Cordoba,77644606,KEMP,6N0501541E,VAG
Подушка двигат.VW Polo Skoda Fabia Seat Ibiza Cordoba1.4-1.6 16V(без кронштейна),77644607,KEMP,6Q0199167,VAG
Втулка стабилизатора переднего (сред. ) VW Polo Skoda Fabia Seat Cordoba Ibiza,77644608,KEMP,6Q0411314M,VAG
Подушка верхняя опорная VW Polo Skoda Fabia Seat Cordoba Ibiza,77644609,KEMP,6Q0412331B,VAG
Подушка верхняя опорная VW Passat B2 80-88 /Audi-80 80-94,7764461,KEMP,8A0412323D,VAG
Подушка КПП Audi A80 89-96г,77644626,KEMP,893399151,VAG
Подушка КПП Audi A80 B3 1.6-1.8 86-91,77644627,KEMP,893399151A,VAG
Подушка двигат. Audi-80 B4 1.6-2.3 1.9TDI 91-94 г.L(мех.КПП),77644628,KEMP,8A0199379E,VAG
Сайлентблок задней балки VW Passat B5 Audi  A6  L (с кронштейном),77644631,KEMP,8E0501521L,VAG
Сайлентблок задней балки VW Passat B5 Audi  A6 R  (с кронштейном),77644632,KEMP,8E0501522L,VAG
Сайлентблок рычага  Audi A3 VW Cadi 3 Golf Plus Oktavia A5  L  04->,77644656,KEMP,1K0199231H,VAG
Сайлентблок рычага  Audi A3 VW Cadi 3 Golf Plus Oktavia A5  R  04->,77644657,KEMP,1K0199232H,VAG
Сайлентблок рычага задний VW Golf Jeta 83-91г.60*41*12mm усиленный,77644659,KEMP,191407181BG,VAG
Сайлентблок рычага задний VW Golf3 Passat B3-4 87-97 60*41*17,77644661,KEMP,357407181,VAG
Сайлентблок рычага задний VW Golf Jeta 83-91г.60*41*17mm (бурт),77644662,KEMP,191407181A,VAG
Подушка двигателя  VW Passat В4 93-95/ Golf-3 92-97 (передняя),77644663,KEMP,1H0199609B,VAG
Подушка двигат. Audi-80 B4 1.6-2.0 1.9TDI 91-94 г.R(мех.КПП),77644672,KEMP,8A0199382A,VAG
Подушка двигат. Audi-80 B4 1.6-2.0 1.9TDI 91-94 г.R(АКПП),77644673,KEMP,8A0199382B,VAG
Втулка стойки стабилизатора переднего VW Passat B3  B4 D19mm,77644676,KEMP,357411327B,VAG
Втулка стойки стабилизатора переднего VW Passat B3  B4 D21mm,77644677,KEMP,357411327D,VAG
Втулка стойки стабилизатора переднего VW Passat B3  B4 D24mm,77644678,KEMP,357411327C,VAG
"Сайлентблок рычага пер. (151J) мал VW Passat В5/Audi A4,A6  96-04",776448,KEMP,4D0407181H,VAG
Сайлентблок передней балки  Audi-80 B2 Passat ->88,77644976,KEMP,823199415B,VAG
"Сайлентблок передней балки в кузове  Audi-100,A6 91-97  зад L",7764509,KEMP,4A0399419E,VAG
Сайлентблок рычага VW Transporter T2  79-92 пер. верхнего,776451,KEMP,251407077,VAG
Сайлентблок рычага VW Sharan Ford Galaxy Seat Alhambra,776452,KEMP,7M0407181A,VAG
Сайлентблок задней балки VW Passat B3-В4 88-95,776455,KEMP,3A0501541,VAG
"Подушка двигателя  VW Golf-2,Passat В3 1,6-2,0 83-97 (резин. корпус)",7764683,KEMP,357199279C,VAG
"Подушка двигателя  VW Golf-2,Passat В3 1,6-1,8 88-96 (железн. корпус)",7764684,KEMP,191199279E,VAG
"Подушка КПП  VW Golf,Passat 1.6-1,8 83-97",7764687,KEMP,191199402B,VAG
Подушка двигателя AUDI A6 2.4-3.2 L 04-11г.,77647739,KEMP,4F0199379BF,VAG
Подушка двигателя AUDI A6 2.4-3.2 R 04-11г.,77647740,KEMP,4F0199382BH,VAG
Подушка двигателя AUDI A6 2.0 TFSI R 04-11г.,77647777,KEMP,4F0199382BJ,VAG
Подушка двигателя AUDI A6 2.0 TFSI L 04-11г.,77647778,KEMP,4F0199379BG,VAG
Подушка двигателя (отбойник) Audi A4 A6 A8  00-11,77647784,KEMP,8E0199339,VAG
Подушка двигателя (отбойник) Audi A4 A6 A8  07-11,77647785,KEMP,4F0199339,VAG
Сайлентблок рычага пер. верхнего VW  LT-28,7764856,KEMP,281407077,VAG
"Тяга рулевая VW Passat B5, Audi A4, A6, A8  96-04",7764106,KEMP,4D0419801B,VAG
"Рейка рулевая VW Golf 2 .3, Passat 3 .4. гидро (крупный шлиц 22)",77641334,KEMP,191422065M,VAG
Рейка рулевая VW Transporter T4 91-03г. с Г/У,77641402,KEMP,701422061,VAG
"Рейка рулевая Audi A4, Passat B5 с Г/У 95-01г.1022mm",77641403,KEMP,8D1422069G,VAG
"Рейка рулевая Audi A6, Passat B5 с Г/У 95-01г. с серво  датч.",77641410,KEMP,8D1422052BX,VAG
Рейка рулевая Audi A6 с Г/У 95-01г. без  серво  датч.1060mm,77641411,KEMP,4B1422052,VAG
Наконечник рулевой тяги VW T4 96-L,77641516,KEMP,VO-ES-0368,Moog
Наконечник рулевой тяги VW T4 96-R,77641517,KEMP,VO-ES-0369,Moog
Насос гидроусилителя  Audi 100 82-90г.4 цил.,77641634,KEMP,026145155D,VAG
Насос гидроусилителя  Audi 100 5ц 84-91,77641635,KEMP,035145155D,VAG
Насос гидроусилителя  Audi 80 B3  1.6-2.3 86-92,77641636,KEMP,2856301,ZF Parts
Насос гидроусилителя  Audi 80 2.0 16V,77641637,KEMP,026145155G,VAG
Насос гидроусилителя  VW G4 Bora Skoda Octavia 1.6-1.8T1.9D 98г.->,77641656,KEMP,1J0422154H,VAG
Насос гидроусилителя  Audi A3 VW G4 Bora Skoda Octavia 1.6-1.8T1.9D 98г.->,77641657,KEMP,06A145157,VAG
Насос гидроусилителя  VW LT 28-46 2.5 TDI 96г.->,77641658,KEMP,2D0422155,VAG
Насос гидроусилителя  VW Transporter T-4 96-03,77641659,KEMP,7D0422155,VAG
Рейка рулевая VW Golf-2  84-91/Passat B3 88-93 без г/у,7764178,KEMP,191419063B,VAG
Тяга рулевая  VW T4 (без наконечника),77641850,KEMP,701419821C,VAG
Наконечник рулевой тяги VW T4  96-L,77641851,KEMP,701419811C,VAG
Наконечник рулевой тяги VW T4  96-R,77641852,KEMP,701419812B,VAG
Наконечник рулевой тяги VW G4 Bora Scoda Oktavia R ->00,77641864,KEMP,1J0422812,VAG
Наконечник рулевой тяги VW G4 Bora Scoda Oktavia L ->00,77641865,KEMP,1J0422811,VAG
Тяга рулевая  VW Golf-3  91-98  под г/у,77641872,KEMP,1H0422821,VAG
"Тяга рулевая VW G4, Bora, Scoda Octavia, Audi A3  00->",77641873,KEMP,1J0422807B,VAG
"Тяга рулевая VW G4, Bora, Scoda Octavia, Audi A3  ->00",77641874,KEMP,1J0422807,VAG
Рейка рулевая VW Polo 94-99г.(мех) пыл.+тяги,77642141,KEMP,6N1419063,VAG
Рейка рулевая Audi A80 84-91г.(гидравлическая),77642142,KEMP,893422066,VAG
"Рейка рулевая VW Golf 2 .3, Passat 3 .4. гидро (крупный шлиц 22)пыл.+тяги",77642143,KEMP,1H1422055,VAG
"Тяга рулевая VW Cadi 3, Golf 5, Passat B6. Octavia A5",77642476,KEMP,1K0423810A,VAG
Тяга рулевая VW Polo (9N) Scoda Fabia,77642491,KEMP,6Q0423803B,VAG
Тяга рулевая  VW T5  03- (без наконечника) L/R,77642495,KEMP,7H0419803C,VAG
Наконечник рулевой тяги VW T4.96-L,77642510,KEMP,701419811E,VAG
Наконечник рулевой тяги VW T4.96-R,77642511,KEMP,701419812D,VAG
"Наконечник рулевой тяги VW Cadi 3, Golf 5, Passat B6, Oktavia A5 L.",77642516,KEMP,1K0423811A,VAG
"Наконечник рулевой тяги VW Cadi 3, Golf 5, Passat B6, Oktavia A5 R.",77642517,KEMP,1K0423812A,VAG
Наконечник рулевой тяги VW Polo Lupo 94 01 Seat Arossa 97-04 L,77642612,KEMP,VO-ES-0511,Moog
Наконечник рулевой тяги VW Polo Lupo 94 01 Seat Arossa 97-04 R,77642613,KEMP,VO-ES-0510,Moog
Наконечник рулевой тяги VW Sharan Ford Galaxi Seat Alhambra 97-> L,77642616,KEMP,VO-ES-8259,Moog
Наконечник рулевой тяги VW Sharan Ford Galaxi Seat Alhambra 97-> R,77642617,KEMP,VO-ES-8258,Moog
"Наконечник рулевой тяги VW Cadi 3, Golf 5, Passat B6, Oktavia A5  L.",77642618,KEMP,VO-ES-1868,Moog
"Наконечник рулевой тяги VW Cadi 3, Golf 5, Passat B6, Oktavia A5  R.",77642619,KEMP,VO-ES-1869,Moog
Наконечник рулевой тяги VW LT 28-46 MB Sprinter  L/R,77642642,KEMP,ME-ES-6344,Moog
Тяга рулевая  VW Golf-3 Vento 92-98  без г/у,77642643,KEMP,VO-AX-7181,Moog
Тяга рулевая  VW Passat B3 88-93  без г/у,77642644,KEMP,VO-AX-7157,Moog
"Тяга рулевая VW Cadi 3, Golf 5, Passat B6. Octavia A5",77642645,KEMP,VO-AX-1867,Moog
Бачок г/у  руля VW Passat В3-B4 88-95,776428,KEMP,330422371,VAG
"Наконечник рулевой тяги VW Golf 84-91,Passat 88-96 L",7764280,KEMP,191419811,VAG
"Шкив гидроусилителя VW Golf-2, Passat B3, Audi 80  84-94",7764319,KEMP,027145255,VAG
Наконечник рулевой тяги  Skoda Felicia Favorit Forman,77643229,KEMP,115500440,VAG
Рейка рулевая VW LT 28-35 96-06г. с Г/У (без тяг),77643453,KEMP,2D1422055A,VAG
Шкив гидроусилителя VW T4 LT Crafter 96->,77643467,KEMP,074121031,VAG
Пыльник рулевой рейки VW T4,77643523,KEMP,701419831,VAG
"Тяга рулевая VW Passat B5, Audi A4, A6, A8  96-04",77643540,KEMP,8D0419801B,VAG
Наконечник рулевой тяги VW T-5 03-   L,77643629,KEMP,7H0422817C,VAG
Наконечник рулевой тяги VW T-5 03-   R,77643630,KEMP,7H0422818C,VAG
Наконечник рулевой тяги VW T4  91- L (конус 16 ),77643634,KEMP,701419811A,VAG
Наконечник рулевой тяги VW T4  91- R (конус 16 ),77643635,KEMP,701419812A,VAG
Насос гидроусилителя  Audi A6 2.4;2.8 97-05,77643877,KEMP,4B0145156,VAG
Насос гидроусилителя  VW Golf-3/G-4 Passat B3 (выносн. шкив),77644002,KEMP,028145157D,VAG
Насос гидроусилителя  VW Transporter T-5 03-09 2.5TDI (AC-),77644227,KEMP,7E0422153,VAG
Насос гидроусилителя  VW Transporter T-5 03-09 2.5TDI (AC+),77644233,KEMP,7H0422153A,VAG
"Наконечник рулевой тяги VW Golf 84-91,Passat 88-96 R",7764425,KEMP,191419812,VAG
Наконечник рулевой тяги VW Passat 81-87/Audi-80 79-96,7764434,KEMP,811419812A,VAG
Наконечник рулевой тяги VW G4 Bora Scoda Oktavia R 00->,77644343,KEMP,1J0422812B,VAG
"Наконечник рулевой тяги  Audi-100,A6 86-96 16 мм L",7764476,KEMP,443419811D,VAG
"Наконечник рулевой тяги  Audi-100,A6 86-96 16 мм R",7764477,KEMP,443419812D,VAG
Тяга рулевая  VW Golf-3 Vento 92-98  без г/у,77645082,KEMP,VO-AX-7181,Moog
Тяга рулевая  VW Golf-2  84-91  без г/у,7764519,KEMP,191419821,VAG
"Насос гидроусилителя  Audi 100,A4,А6 91-97 (без гарантии)",7764522,KEMP,048145155F,VAG
Наконечник рулевой тяги   Audi-100  14 мм   L,77645272,KEMP,443419811C,VAG
Наконечник рулевой тяги   Audi-100  14 мм   R,77645273,KEMP,443419812C,VAG
Насос гидроусилителя  VW LT 28-46 2.8TDI 99-06 г. (косой зуб),77645578,KEMP,062145165,VAG
Насос гидроусилителя  Audi Q7 3.0-6.0TDI VW Toureg 3.0-3.6 T5 3.2 V6,77645580,KEMP,7L6422154A,VAG
Рейка рулевая VW Transporter T4 91-03г.механика ( без тяг и пыльников),77645685,KEMP,701419061D,VAG
Рейка рулевая VW Transporter T5 03г.-> с Г/У,77645686,KEMP,7H1422061HX,VAG
Насос гидроусилителя  VW Caddy3 Skoda Octavia Seat Leon 00->,77646080,KEMP,1J0422154,VAG
"Насос гидроусилителя  Audi 100,A4,А6 91-97",77646599,KEMP,048145155CX,VAG
Насос гидроусилителя Audi A4 A6 2.6:2.8 VW Passat B5/ 1.6-2.8 97-05,77646600,KEMP,8D0145156,VAG
Насос гидроусилителя  Audi A4 A6 VW Passat B5 1.6-2.0 00-05  110bar,77646601,KEMP,4B0145155T,VAG
Насос гидроусилителя  Audi A6 2.0 00-05 (6p *  132mm),77646602,KEMP,4B0145153,VAG
Насос гидроусилителя  Audi A6 2.7 3.0TDI 04-11 (130bar),77646603,KEMP,4F0145155A,VAG
Насос гидроусилителя  VW Caddy3 1.4-2.0TDI 04-> (95bar),77646616,KEMP,2K0422154A,VAG
Насос гидроусилителя  VW CRAFTER 2.0TDI 11г.->,77646617,KEMP,2E0422145B,VAG
Наконечник рулевой тяги VW G4 Bora Scoda Oktavia R 00->,77646648,KEMP,1J0422812B,VAG
Наконечник рулевой тяги VW G4 Bora Scoda Oktavia L 00->,77646649,KEMP,1J0422811B,VAG
Наконечник рулевой тяги Audi Q7 VW Amorok Toureg  L,77646667,KEMP,2H0422817,VAG
Наконечник рулевой тяги Audi Q7 VW Amorok Toureg R,77646668,KEMP,2H0422818,VAG
Насос гидроусилителя  VW Transporter T-4 -96,7764671,KEMP,044145157A,VAG
Насос гидроусилителя  VW Golf-3/Golf-2/Passat B3/Polo,7764672,KEMP,357422155G,VAG
Наконечник рулевой тяги  Audi-100  18 мм   L,7764674,KEMP,4A0419811A,VAG
Наконечник рулевой тяги  Audi-100  18 мм   R,7764675,KEMP,4A0419812A,VAG
Наконечник рулевой тяги  Audi-100  14 мм   L,7764676,KEMP,AU-ES-7146,Moog
Пыльник рулевой рейки VW Golf 84-99/Passat 88-97 без г/у,7764686,KEMP,191413831,VAG
"Шланг гидроусилителя руля Audi-100, A6 92-97 2.6-2.8",7764692,KEMP,4A1422893AA,VAG
Насос гидроусилителя  VW LT 28-46 2.8TDI 99-06 г. (прямой зуб),77647292,KEMP,062145165D,VAG
Насос гидроусилителя  Audi A4 A5 Q7 TOUAREG 2.0 TDI 07->,77647314,KEMP,8K0145154B,VAG
Насос гидроусилителя  Audi A6  2.0 TDI 06-11,77647315,KEMP,4F0145155T,VAG
Насос гидроусилителя  Audi A6 2.5TDI 97-05,77648232,KEMP,4B0145155R,VAG
"Рейка рулевая VW Bora, Octavia, A3 гидро",7764905,KEMP,1J1422060JX,VAG
"Рейка рулевая VW Golf 2, Passat 3 гидро пыльник тяга",7764906,KEMP,191422055,VAG
Тяга рулевая  VW Passat B3  88-94 375mm (без наконечника) под г/у,7764909,KEMP,357422803,VAG
Насос гидроусилителя  Audi 80 86-92,7764931,KEMP,050145155A,VAG
Насос гидроусилителя  Audi 100 5ц 84-91(без гарантии),7764932,KEMP,034145155,VAG
Насос гидроусилителя  VW Passat B5/Audi A4 1.6-2.0 97-05/Pas.B 3 87-93,7764940,KEMP,8D0145156K,VAG
Рейка рулевая Audi-100 89-94 A6 94-97 гидравличеслая,7764998,KEMP,4A1422065AL,VAG
"Колектор выпускной Audi 80 84-91г.1,6-1,8k",77641244,KEMP,026129591D,VAG
"Прокладка впускного коллектора VW Golf 2,3/VW Passat B3,В4/A80 2,0  88-97",77641469,KEMP,048129717B,VAG
Вкладыш коренн..VW LT 2.4/2.4D  STD (6 цил) (+0.50) к-т,77641494,KEMP,87460620,Kolbenschmidt
Вкладыш коренн..VW T-4 2.4/2.4D/TD  Audi-100 (5 цил)  (+0.25) к-т,77641496,KEMP,87461610,Kolbenschmidt
Вкладыш коренн..VW T-4 2.4/2.4D/TD  Audi-100 (5 цил)  (+0.50) к-т,77641497,KEMP,87461620,Kolbenschmidt
Кольца поршней VW T2 1.9  (94.0mm)  (1.75*2*4)   STD на 1цилиндр к-т,77641501,KEMP,50011 601,Kolbenschmidt
Сальник клапана 6 мм 1 шт.VW Audi Opel BMW,77641547,KEMP,036109675,VAG
Прокладка клап крыш  Audi-V6 2.6-2.8 (шт),77642054,KEMP,078103483L,VAG
"Прокладки гол. блока Audi-100 89-94  2,3  5ц",77642055,KEMP,054103383G,VAG
Бензонасос  Audi 80-100  VW G1-2 Pas.B2 B3 1.6-1.8  механ 4 цил,77642145,KEMP,026127025A,VAG
Кольца поршней VW/Audi (76.5mm) (1.75*2*3) 1.6 2.0 2.4 D STD на 1цилиндр к-т,77642158,KEMP,50011549,Kolbenschmidt
Поршень Audi-100 91-94  5ц 1ШТУКА(80.985),7764216,KEMP,0347400,Mahle Original
Кольца поршней VW (79.5mm)  (1.75*2*4) на 1цилиндр к-т,77642175,KEMP,800000941000,Kolbenschmidt
Кольца поршней VW T2 1.9 (94.0mm) (1.75*2*4) STD на 1цилиндр к-т,77642176,KEMP,50011601,Kolbenschmidt
Кольца поршней VW/Audi (75mm)  (1.75*2*3) 1.0-1.3 81- STD на 1цилиндр к-т,77642178,KEMP,800025041000,Kolbenschmidt
Кольца поршней VW/Audi (79.5mm)  (1.75*2*3)  1.7 D/1.9D/TD/2.4D STD на 1цилиндр,77642179,KEMP,50011288,Kolbenschmidt
Кольца поршней 4ц  VW  Аudi STD комплект 81 (1.5*1.75*3) на 1цилиндр к-т,77642182,KEMP,50011817,Kolbenschmidt
Форсунка топливная (бензиновая) VW Audi 87-95г. (мелкая резьба),77642210,KEMP,0437502043,Bosch
Вкладыш шатун VW/Audi  5-ти цил +0.25,77642217,KEMP,034105707,VAG
Ремень зубчатый ГРМ Audi A4 A6 A8 2.4-3.7 2.7T 98-05г.,77642380,KEMP,078109119H,VAG
Вкладыш коренн..VW /Audi  4-х цил  STD 88->,7764239,KEMP,77152600,Kolbenschmidt
Фильтр топливный VW  Audi 1.9-2.0TDI VW LT 2.5TDI,77642399,KEMP,1J0127401A,VAG
Фильтр топливный Skoda Fabia VW Polo Ibiza 1.4-1.9TDI,77642400,KEMP,6Q0127401A,VAG
Фильтр топливный Skoda Octavia A5 1.9-2.0 TDI(вставка) 1.9/2.0 tdi/sdi caddy iii,77642402,KEMP,1K0127434,VAG
Фильтр топливный  VW Skoda   1.9-2.0 TDI(вставка),77642403,KEMP,1K0127177B,VAG
Фильтр топливный  VW Audi   1.6-2.0 TDI (вставка),77642404,KEMP,3C0127177,VAG
Гидрокомпенсатор VW Audi  1шт 33.5mm,77642448,KEMP,034109309AD,VAG
Прокладка прием трубы VWBora Cadi Octavia Fabia Audi- А-2 1.4-1.9 97->,77642451,KEMP,155253115,VAG
Фильтр топливный VW Polo Lupo Arosa 1.4-1.9 TDI/SDI,77642453,KEMP,6N0127401H,VAG
Фильтр масла (дизель),7764281,KEMP,068115561B,VAG
Фильтр масла VW/Audi 1.9-2.5TDI (вставка),77642818,KEMP,,VAG
Фильтр топливный VW  Audi Fiat Opel 1.6-2.5D TD,77642819,KEMP,H70WK02,Hengst
Фильтр топливный VW  Audi Ford Opel 1.6-2.4D TD,77642820,KEMP,H70WK04,Hengst
Фильтр топлива безин VW/Audi Skoda Octavia VW T5,77642821,KEMP,1J0201511A,VAG
Фильтр топлива  VW/Audi 03-> 1.2TFSI-2.0-3.2V6   6.4bar,77642824,KEMP,1K0201051C,VAG
Фильтр топливный VW Polo Skoda Fabia Audi A3 00->,77642840,KEMP,6Q0201511,VAG
Фильтр масла VW/Audi  1.4 FSI 1.4-1.6 16V  04->,77642891,KEMP,03C115577A,VAG
Фильтр масла VW/Audi  1.2  1.4 FSI TFSI TSI 03->,77642892,KEMP,03C115561B,VAG
Фильтр масла VW/Audi  1.0-1.6 FSI 1.4 16V 96->,77642893,KEMP,030115561AB,VAG
Успокоитель  ремня Г.Р.М. Audi A4 A6 Skoda Superb 2.0 1.8T 20V,77642921,KEMP,06B109477A,VAG
Фильтр масла VW/Audi 2.3VR5; 2.8V6 VR6; 4.2;3.7; 3.2V6; (вставка),77642940,KEMP,021115562A,VAG
Радиатор масляный двигательное масло VW/Audi 1.8T2.0 1.9TDI 97->,77642941,KEMP,028117021B,VAG
Радиатор масляный двигательное масло VW/Audi 1.9TDI 2.4 2.7T 2.8;2.3V5 97->,77642943,KEMP,028117021E,VAG
Радиатор масляный Skoda Octavia A5 VW Golf 5 Passat B6 1.6-2.0 (AKП 6и ступ.)04-,77642944,KEMP,09G409061,VAG
Радиатор масляный Skoda  VW AUDI  1.6-2.0 (AKП 4 ступ.)98-,77642945,KEMP,096409061E,VAG
Радиатор масляный Skoda  VW AUDI  1.6-2.0 (AKП 4 ступ.)98-,77642946,KEMP,096409061G,VAG
Пласмаска щупа VW Passat В5  96-04,7764309,KEMP,06A103663A,VAG
Шайба разбега коленвала(дистанционная шайба) VW Audi 1.4-2.0 94->к-кт 4 шт,7764322,KEMP,78635600,Kolbenschmidt
"Прокладки гол. блока VW Audi   1,6-1,8  4 цил",77643237,KEMP,026103383K,VAG
Прокладки гол блока Audi-100 91-94  6 цил  (1 шт),77643238,KEMP,078103383C,VAG
Поддон VW Golf Bora Skoda Octavia 1.6-2.0 (с отв.под датчик),77643368,KEMP,038103603NA,VAG
Радиатор масляный двигательное масло VW/Audi 1.9;2.0 TDI 00->,77643373,KEMP,038117021B,VAG
"Шланг вентиляции картера W Passat,Golf 94-97 2.0 89-96(без пластика)",77643377,KEMP,037103493AK,VAG
Шкив коленвала VW T5 Octavia Sharan 03 -> 1.9TDI,77643469,KEMP,1000530006,Meyle
Радиатор интеркулер VW  Golf 4 Bora Skoda Octavia 1.9 TDi    00->,77643622,KEMP,1J0145803AB,VAG
Клапан обратки топливного фильтра,77643627,KEMP,1000340003,Meyle
Сальник распредвала VWT4 LT 1.9-2.5 D-TDi (32*48**10),77643652,KEMP,C020026413B,Corteco
Сальник  коленвала передний VWT4 LT -2.5 D-TDi (35*48**10),77643653,KEMP,12010739B,Corteco
Сальник  коленвала задний VWT5 2.5 TDi (85*105*12),77643654,KEMP,20033872B,Corteco
Сальник  коленвала задний VWT5 1.9 TDi (85*131/152*15.7),77643655,KEMP,20020383B,Corteco
Фильтр топлива VW Toureg 3.0 V6 TDi Audi Q7 3.0:4.2 V6 TDI 07-10г. (вставка),77643807,KEMP,7L6127177C,VAG
Успокоитель  ремня Г.Р.М. Audi A4 A6 VW Passat B5 1.8 ;1.8T 20V 96-00,77643823,KEMP,058109479,VAG
"Натяжитель-уcпокоитель цепи ГРМ Audi A4;A6;WV Passat B5 1.8,196-00",77643824,KEMP,058109217D,VAG
Радиатор масляный двигательное масло VW/Audi  2.0 FSI  TFSI 04->,77643838,KEMP,06D117021C,VAG
Радиатор масляный двигательное масло VW/Audi  1.8 2.0  TFSI 06->,77643839,KEMP,06J117021E,VAG
Радиатор масляный двигательное масло Audi  A4;A6;A8 VW Passat  2.5TDI  00->,77643840,KEMP,059117021B,VAG
Поддон AUDI A4 A-6 A8 2.6-2.8  (нижняя часть),77643843,KEMP,078103604H,VAG
Поддон AUDi 100 A80 A6 A8 2.6-2.8  92-97  (нижняя часть),77643844,KEMP,078103604B,VAG
Фильтр топливный VW  Audi A4 A6 A8 VW Passat  2.5TDI 97-05,77643848,KEMP,057127401A,VAG
Фильтр масла Audi A4 A6 A8  2.8-3.2 FSI 05->,77643850,KEMP,06E115562A,VAG
Пласмаска щупа VW Passat В5  Golf 4 Bora Skoda Octavia  Audi A3 A4 1.9 TDI,77643853,KEMP,038103663,VAG
Пласмаска щупа VW Polo  Golf 4 Bora Skoda Octavia  Audi A3  1.6-2.0 97->,77643854,KEMP,06A103663C,VAG
Пласмаска щупа VW Polo  Golf 4 Bora Skoda Octavia  Audi A3 TT  1.6-1.8 T 97->,77643856,KEMP,06A103663B,VAG
Пласмаска щупа Audi A4A6 VW Passat B5   1.6-1.8 T-2.0  00->,77643970,KEMP,06B103663B,VAG
"Натяжитель-уcпокоитель цепи ГРМ Audi A4;A6;WV Passat B5 1.8,T 99->",77643996,KEMP,058109088K,VAG
"Прокладки двигателя VW /Audi 1,8 ;1.8T 20V (комплект полный)",77643998,KEMP,50158600,Ajusa
Клапан (вп.) VW Audi Skoda 1.8 20V 1шт.,77643999,KEMP,058109601C,VAG
Клапана (вп. вып.) VW Audi Skoda 1.8T 20V к-кт.20шт.,77644000,KEMP,058109601С,VAG
Кольца поршней VW Golf  81диам   +0.25 на 1цилиндр к-т,7764409,KEMP,800001013025,Kolbenschmidt
Поршень VW/ Audi  1.8 (80.985)  4ц 1ШТУКА STD,7764413,KEMP,93928600,Kolbenschmidt
Направляющее клапанов VW/Audi SM  (1 шт.),7764414,KEMP,049103419,VAG
Ремень клиновидный 11.5*528,77644306,KEMP,11.2X528,Dongil
Ремень клиновидный 10*730,77644308,KEMP,10X730,Contitech
"Ремень клиновидный 11,2*866",77644309,KEMP,054903137,VAG
Вкладыш шатун .VW /Audi  4-х цил 0.25,77644310,KEMP,87200610,Kolbenschmidt
"Кольца поршней 4ц  VW, Audi +0.25 (1.5*1.75*3) на 1цилиндр к-т",77644331,KEMP,800001043025,Kolbenschmidt
"Прокладка прием трубы VW Audi-100, А-6-97 / А-80 91-",7764451,KEMP,443253115A,VAG
"Фильтр топлива безин VW/Audi 86-03  transporter iii,iv scudo/jumpy/expert",7764464,KEMP,1H0201511A,VAG
Шланг вентиляции картера VW Audi  2.0 TFSi: GTI 04->,77644897,KEMP,06F103221E,VAG
Шланг вентиляции картера VWPassat  Audi A4 A6 2.4 2.8 96-00,77644898,KEMP,078103223B,VAG
Шланг вентиляции картера VWPassat  Audi A4 A6 2.4 2.8 96-00,77644899,KEMP,078103224R,VAG
Клапан обратки топливного фильтра,77644910,KEMP,1J0127247A,VAG
Шланг вентиляции картера VW  Audi 96->,77644911,KEMP,078103213B,VAG
Шланг вентиляции картера VW  Audi Skoda,77644926,KEMP,078103235K,VAG
Поддон VW  Passat B2 80-88,7764511,KEMP,048103601,VAG
Поддон VW Golf-2 84-91,776453,KEMP,051103601,VAG
"Поддон Audi A3 VW Golf 4 Bora Seat Toledo2 1,8 20V с отв. под датчик  (турбо)",77645394,KEMP,038103603M,VAG
"Поддон Audi A3 VW Golf 4 Bora Octavia Toledo 1,8 20V с отв. под датчик (не турб)",77645395,KEMP,038103603L,VAG
Фильтр масла Audi A3A4A6 VW Caddy3 Golf Skoda 00->,77645396,KEMP,06A115561E,VAG
Ремень поликлиновой Audi A6 3.0 Opel Vectra C3.0CDTI  Ford Escort 6PK1920,77645473,KEMP,06C903137D,VAG
Ремень поликлиновой Audi A6 1.8 20V VW Passat B5 1.6 -2.0 Mercedes A;B Class,77645474,KEMP,5PK1300,Contitech
Ремень поликлиновой Audi Q7 3.0V6 V8 4.2 VW Tuareg 3.0V6  Mercedes E Class,77645475,KEMP,077903137L,VAG
Ремень поликлиновой Audi A4 A6 2.5TDI Q5Q7  VW Passat B5 1.9 2.5 TDI,77645476,KEMP,06E903137AC,VAG
Ремень поликлиновой Audi 100 A6 Porsc.911 Mercedes Sprinter (906) Vito (639),77645477,KEMP,06E903137AA,VAG
Ремень поликлиновой Audi A5 A6 A7 Q5 Mercedes E Class R129,77645478,KEMP,06E903137T,VAG
Ремень поликлиновой Audi A4 S4 A8 Q7 4.2 VW Touareg 4.2 V8,77645479,KEMP,079903137AA,VAG
Прокладки поддона  Audi-100 84 -91 6ц 1шт верх,7764548,KEMP,078103609E,VAG
Ремень поликлиновой Audi A1 A2 A3 VW Golf 7 Skoda 1.0-1.4  2011->,77645480,KEMP,04E145933A,VAG
Ремень поликлиновой Audi A4 A6 1.8 2.0 Seat Exeo 1.6 1.8T 2.0 02->,77645482,KEMP,06B903137J,VAG
Ремень поликлиновой Audi A3 TT VW Golf 5;6 Scirocco 2.0 GTI  TFSI 04->,77645483,KEMP,06F903137L,VAG
Ремень поликлиновой Audi A6 Q3 Q5 VW Caddy3 Octavia A5 Golf,77645484,KEMP,06J260849F,VAG
Ремень поликлиновой Audi A4 A5A6 2.5TDIVW Passat B5  2.5 TDI,77645485,KEMP,059903137H,VAG
Ремень поликлиновой Audi A4 A5A6 A8 Q7 2.7 3.0TDI VW Toureg 3.0TDI,77645486,KEMP,059903137T,VAG
Ремень поликлиновой Audi A4 A5A6 A7 Q5 3.0TDI3.2TFSI Mercedes Vario,77645487,KEMP,06E903137J,VAG
Ремень поликлиновой Audi  A4 A5 A6 Q5 1.8-2.0 T;TFSI VW Transporter T4 2.0,77645488,KEMP,06B903137D,VAG
Ремень поликлиновой Audi A6 2.0TFSI VW Transporter T5 2.0 TDI  Opel Ford,77645489,KEMP,06D903137F,VAG
Ремень поликлиновой Audi A1 A3 VW Golf Caddy3 Skoda 1.2 TSI 09->,77645490,KEMP,03F903137A,VAG
Ремень поликлиновой Audi  A1 A3 VW Golf Polo(9N) Skoda  1.4 1.6  06->,77645492,KEMP,6Q0903137A,VAG
Ремень поликлиновой Audi  A3 TT VW Golf Passat Transporter T5 Skoda 1.6-2.0 98,77645493,KEMP,06A145933D,VAG
Ремень поликлиновой Audi  VW Skoda  1.4 TFSI TSI GTI 06->,77645494,KEMP,03C903137A,VAG
Ремень поликлиновой Audi A3 VW Golf Caddy3 Skoda  Octavia Fiat Ducato,77645495,KEMP,06F903137E,VAG
Ремень поликлиновой Audi A100 A80 A6 A8 2.6-2.8 91-97 AC+,77645497,KEMP,078903137AJ,VAG
Ремень поликлиновой Audi  VW Golf Caddy2 Skoda Octavia 1.9 TDI SDI Pas. 2.3VR5,77645498,KEMP,038903137J,VAG
Ремень поликлиновой Audi A3 VW Golf Skoda  Octavia 2.0TFSI  Fiat Doblo 1.9 D-JTD,77645499,KEMP,06F260849L,VAG
Ремень поликлиновой Audi A4 A6 A8 VW Pas.Pollo Opel Vectra C,77645500,KEMP,078903137BC,VAG
Ремень поликлиновой Audi  A80 A100 A4 A6 A8VW Passat B5  Citroen Berlingo,77645501,KEMP,06B260849A,VAG
Ремень поликлиновой Audi A4 A6 2.5TDI  VW Passat B5 2.5 TDI,77645502,KEMP,059260849B,VAG
Ремень поликлиновой Audi A4 A6 1.9TDI  2.0TDI,77645504,KEMP,03G903137E,VAG
Ремень поликлиновой Audi A4 A6 1.9TDI  2.0TDI VW Crafter 2.0TDI Pas 3.2-3.6,77645505,KEMP,022145933AP,VAG
Ремень поликлиновой Audi A4 A6 A8 VW Pas.Pollo Opel Vectra C Signum,77645506,KEMP,078903137BJ,VAG
Ремень поликлиновой VW Golf Transporter T5 1.9 TDI Skoda  Octavia 1.6-2.0,77645507,KEMP,06A260849C,VAG
Фильтр масла (бензин),7764553,KEMP,06A115561B,VAG
"Поддон A-6 97-05, 2,4-2,8 /VW Passat 96- 2.8 без отв. под даnчик (нижняя часть)",7764557,KEMP,078103604AC,VAG
Вкладыш шатун .VW /Audi  4-х цил STD,7764596,KEMP,87200600,Kolbenschmidt
Вкладыш коренн..VW /Audi  4-х цил 0.25 88->,7764597,KEMP,77152610,Kolbenschmidt
Клапан (вп) VW Audi Skoda 1.4-1.6 16V 1шт.,77646190,KEMP,036109601S,VAG
Клапан (вып.) VW Audi Skoda 1.8 20V 1шт.,77646191,KEMP,058109611E,VAG
Прокладки поддона  Audi-100 84 -91 6ц низ 1шт,77646193,KEMP,078103610A,VAG
Вкладыши коренные STD VW Caddy III/T5/Crafter,77646284,KEMP,77553600,Kolbenschmidt
Фильтр топливный  VW Crafter 2.5 TDI (вставка),77646286,KEMP,2E0127159,VAG
Радиатор масляный VW Caddy/Crafter/T5,77646468,KEMP,03L117021C,VAG
Патрубок интеркулера VW T5,77646501,KEMP,7H0145709B,VAG
"Кольца поршней 4ц  VW, Audi +0.5 (1.5*1.75*3) на 1цилиндр к-т",776469,KEMP,800001043050,Kolbenschmidt
Шланг вентиляции картера W Pass 2.0 89-96,7764691,KEMP,037103493AB,VAG
Радиатор интеркулер VW Passat Caddy3Touran Octavia A5  2.0 TDI 08-> (патруб низ),77646935,KEMP,1K0145803,VAG
"Прокладка впускного коллектора VW Golf 2,3/VW Passat B2,В3/A80 1,6-1,8",776472,KEMP,026129717D,VAG
Карбюратор Keihen  VW/Audi 1.6-1.8,7764723,KEMP,026129016H,VAG
"Шланг вентиляции картера W Passat,Golf 94-97 2.0 89-96+037103211(пластик)",7764724,KEMP,037103211,VAG
Фильтр масла VW/Audi 2.4-2.8 97-05,7764726,KEMP,078115561J,VAG
Прокладка выпускного коллектора VW/Audi,776473,KEMP,026129589A,VAG
"Вкладыши коренные 0,25 VW Caddy III/T5/Crafter",77647388,KEMP,77553610,Kolbenschmidt
Вкладыш шатун VW/Audi  5-ти цил,776474,KEMP,77206600,Kolbenschmidt
"Ремень клиновидный 9,5*950",7764749,KEMP,10X950,Contitech
Ремень клиновидный 12.5*950,7764751,KEMP,13X950,Contitech
"Прокладки гол. блока Audi-100 84 -94  2,3  5ц",776476,KEMP,035103383J,VAG
Вкладыш коренн..VW /Audi  4-х цил    STD ->90,77647711,KEMP,87722600,Kolbenschmidt
Вкладыш коренн..VW /Audi  4-х цил  +0.25 ->90,77647712,KEMP,87722610,Kolbenschmidt
Вкладыш коренн..VW /Audi  4-х цил  +0.50 ->90,77647713,KEMP,87722620,Kolbenschmidt
Вкладыш шатун .VW /Audi  4-х цил +0.50,77647714,KEMP,87200620,Kolbenschmidt
Вкладыш шатун VW LT 28-46 2.5 TDI 96-06 T4 2.5 TDI  STD 95-03г.,77647715,KEMP,77554600,Kolbenschmidt
Кольца поршней 4ц  VW  Аudi 1.6 96->STD комплект 81 (1.2*1.5*2) на 1цилиндр к-т,77647725,KEMP,800039410000,Kolbenschmidt
Фильтр топлива VW AMAROK 2.0 BITDI TDI 10->,77647728,KEMP,2H0127401A,VAG
Фильтр топлива Audi A6 2.7 TDI 04-11,77647729,KEMP,4F0127435,VAG
Фильтр топлива  VW/Audi 09-> 2.0 TDI(вставка),77647730,KEMP,7N0127177,VAG
Фильтр топлива  VWTiguan Skoda Octavia 2.0 TDI 10->,77647731,KEMP,3C0127434A,VAG
"Фильтр топлива VW Toureg 5,0 TDi  07-10г. (вставка)",77647732,KEMP,7L6127434A,VAG
Фильтр масла VWSkoda 3.6 V6 FSI 08->,77647733,KEMP,03H115562,VAG
"Фильтр масла VW2,8VR6 2,9VR (вставка)",77647734,KEMP,021115562,VAG
Гидрокомпенсатор VW Audi Skoda 1.0-1.4; 1.4-1.6 16V 99-> 1шт,77647736,KEMP,030109423A,VAG
Успокоитель цепи VW Audi Skoda 1.2-1.4 1.4TSI TFSI 08->,77647738,KEMP,03C109509P,VAG
Прокладка ГБЦ  VW Audi Skoda  2.0  99-> (металопакет),77647741,KEMP,235.831,Elring
Вкладыш шатун VW LT 28-46 2.5 TDI 96-06 T4 2.5 TDI+025 95-03г.,77647742,KEMP,77554610,Kolbenschmidt
Вкладыш шатун VW LT 28-46 2.5 TDI 96-06 T4 2.5 TDI+050 95-03г.,77647743,KEMP,77554620,Kolbenschmidt
"Вкладыши коренные 0,50 VW Caddy III/T5/Crafter",77647744,KEMP,77553620,Kolbenschmidt
Фильтр топлива VW/Audi Skoda 1.6-2.0 TDI 12-> (вставка),77647772,KEMP,5Q0127177,VAG
Успокоитель цепи VW Audi Skoda 1.2-1.4 1.4TSI TFSI 08->,77647776,KEMP,03C109469K,VAG
Сальник коленвала задний  VW/Audi 2.4-2.8 V6 97-05,77647788,KEMP,078103171L,VAG
Сальник коленвала перед VW/Audi Skoda 1.4-2.0  35*48*10,77647790,KEMP,038103085E,VAG
Сальник распредвала перед VW/Audi Skoda 1.4-1.6  27*42*8,77647791,KEMP,036103085A,VAG
Прокладка ГБЦ  VW Audi 3.2 V6 02-09 (металопакет),77647792,KEMP,022103383M,VAG
Сальник коленвала задний  VW/Audi Skoda 85*105*11,77647793,KEMP,021103051C,VAG
Фильтр топлива Audi A4 A6 A8 Q5 Q7 2.0-3.0 TDI 07->,77647821,KEMP,8T0127401A,VAG
Фильтр топлива VW Toureg  Audi Q7 3.2-6.0  07-10г.,77647824,KEMP,7L5919679,VAG
Фильтр топлива VW Toureg  Audi Q7 3.0 4.2 FSI TFSI 10г.->,77647825,KEMP,7L8919679,VAG
Фильтр топлива VW Toureg  3.6 4.2 FSI 10г.->,77647826,KEMP,7P0919679,VAG
Сальник коленвала перед VW/Audi Skoda 1.4-1.6  32*42*8,77647838,KEMP,036103085H,VAG
"Шланг вентиляции картера VWPassat  Audi A4 1,8T 1.8 20V  00-08",77647839,KEMP,06B103221G,VAG
"Натяжитель цепи ГРМ Audi;WV 1,4 1,6 FSI TFSI 07->",77647841,KEMP,03C109507R,VAG
Прокладка кл.крышки VW Audi 3.2 V6 02-09,77647847,KEMP,022103483E,VAG
Регулятор давления топлива VW Audi 3bar  (клапан обратки)Б.У.,77647851,KEMP,037133035C,VAG
Прокладка клап крыш  Audi-1.8 20V 1.8T к-кт,77647852,KEMP,058198025A,VAG
Прокладка впускного коллектора VW Audi  Skoda  1.6 2.0   94-05,77647858,KEMP,037129717C,VAG
Клапан впускной VW/Audi Skoda 7mm (1 шт.),77647868,KEMP,078109601B,VAG
Клапан выпускной VW/Audi Skoda 7mm (1 шт.),77647869,KEMP,078109611C,VAG
Прокладка корпуса масляного фильтра VW Audi Skoda 2.0 05->,77647870,KEMP,06F115441,VAG
Прокладка корпуса масляного фильтра VW Audi Skoda 2.0 05->,77647871,KEMP,06D117070,VAG
Поршень VW/ Audi Skoda 1.8T20V (81) 1ШТУКА STD(поршень+палец),77647872,KEMP,06B107065N,VAG
Вкладыш шатун .VW /Audi Skoda 1.6-2.0 1.8T 4-х цил STD 96->,77647873,KEMP,06B105701E,VAG
Вкладыш коренн..VW /Audi Skoda 1.8-2.0 20v 2.0TFSI  4-х цил  STD 96->,77647874,KEMP,06B105561,VAG
Промежуточный вал двигателяVW /Audi 1.6 D 1.6-1.8,7764791,KEMP,053115017,VAG
Прокладки клап крыш VW Golf-2/Audi 1.6-1.8   (резин),776480,KEMP,051103483A,VAG
Прокладка карбюратора центральная,77648061,KEMP,049129281F,VAG
"Прокладки клап крыш  VW Passat В5 1,8-1,8Т",776481,KEMP,476020,Elring
"Прокладка впускного коллектора VW Golf 2,/VW Passat B2,TransporterT3/A80 1,6D TD",77648114,KEMP,068129717E,VAG
"Натяжитель-уcпокоитель ремня ГРМ Audi/WV 1.8,1.8T96-",7764823,KEMP,06B109479,VAG
Натяжитель-уcпокоитель ремня ГРМ Audi/WV 2.4 2.7 2.8 96-,7764824,KEMP,078109479E,VAG
Ремень зубчатый VW Audi 1.8T.1.8-2.0 20V 98-05г.,7764826,KEMP,06B109119A,VAG
Прокладки поддона  Audi-100 84 -91 5ц,776483,KEMP,054103609,VAG
Гидрокомпенсатор VW Audi 1.6-2.8 92-05  35*26mm (1шт),77648326,KEMP,050109309,VAG
Клапан выпускной VW/Audi  (1 шт.),7764838,KEMP,053109611,VAG
Прокладки поддона VW Passat В5 1.6E/1.8T Golf 4/Bora 1.6E/1.8T SK Octavia,776485,KEMP,06A103609C,VAG
Прокладка прием трубы VW Audi- А-6-97,7764858,KEMP,8D0253115,VAG
Распредвал Audi 100 A6 VW T4 LT 28-46 2.5TDI,77648583,KEMP,074109101J,VAG
Распредвал Audi 80 VW G3 Passat 3;4 Caddy2 T4 1.9D/TD,77648584,KEMP,028109101G,VAG
Распредвал Audi 80 A4 A6 VW G3 Passat  Caddy2 T4 1.9 TDI,77648585,KEMP,028109101F,VAG
Распредвал Audi  A3 Scoda Octavia  VW G4 Polo Caddy2  1.9 TDI 98->,77648586,KEMP,038109101K,VAG
Распредвал Audi 1002.0 D;TD 2.4 D VW T4 2.4D,77648587,KEMP,074109101B,VAG
Распредвал Audi  A3 A4 A6 Scoda Octavia  VW G5 Polo Caddy3 VW T5 1.9 TDI,77648601,KEMP,038109101R,VAG
Распредвал  Scoda Octavia  VW G4 Polo Caddy2  1.9 SDI,77648602,KEMP,038109101E,VAG
Радиатор интеркулер Audi A6 2.0 TDi  04->,77648667,KEMP,4F0145805AA,VAG
Радиатор интеркулер VW T5 2.0 BITDi  2.0 TSI 09->715*226,77648668,KEMP,7E0145804A,VAG
"Прокладка прием трубы VW Audi-100, / А-80 84-91G 1-2",7764969,KEMP,841253115B,VAG
Маслонасос Audi 80.A.100  VW Pas.B2 1.6-1.8.78-93г.,7764995,KEMP,026115105,VAG
Фонарь наружный   VW Caddy3 2003-> L,7764100,KEMP,2K0945095G,VAG
Кронштейн сдвижной двери VW Transporter 91-95 нижний,77641000,KEMP,701843406,VAG
Фонарь наружный VW Crafter  30-50 2006-> L,7764101,KEMP,2E0945095,VAG
Противотуманка   Audi-100 91-94  L,7764116,KEMP,4A0941699,VAG
"Замок двери VW Golf-2 84-91,Passat  B2 передн. L (торцевой)",7764119,KEMP,327837015B,VAG
Замок багажника (личинка)  AUDI 100 92-96г.,77641590,KEMP,4A5862055,VAG
Замок багажника VW Jeta 2 (личинка+кнопка),77641591,KEMP,165827571F,VAG
Замок багажника VW Golf 3 (личинка+кнопка),77641592,KEMP,1H6827571EB41,VAG
Замок багажника  VW Passat  B3 87-93г. (личинка),77641593,KEMP,357827571,VAG
"Замок двери VW Golf-2 84-91,Passat  B2 передн. R (торцевой)",77641595,KEMP,321837016,VAG
"Замок багажника (личинка) под ц/з AUDI 80 86-,100 88-91",7764204,KEMP,893862055,VAG
Замок багажника VW Golf 2 (личинка+кнопка),7764205,KEMP,191827571E,VAG
Зеркало VW Golf-2 88-91  L,7764209,KEMP,191857507A,VAG
Зеркало VW Golf-2 88-91  R,7764210,KEMP,191857508A,VAG
Зеркало VW Passat 88-95 механика-- L,77642212,KEMP,357857521A,VAG
Решотка бампера нижняя Audi-A6 95-97г.комплект (3 шт.),77642214,KEMP,4A0807683A,VAG
Молдинги Audi 100 A6 91-97г. нижние к-кт. (двери+крылья) 8шт.+клипсы,77642215,KEMP,4A0 853 959 01C,VAG
Молдинги Audi 100  91-95г. верхние к-кт. (двери+крылья) 8шт.,77642216,KEMP,4A0 853 951,VAG
Рамка крепления противотуманной фары VW T4 L 96-03,77642609,KEMP,7D0941801,VAG
Рамка крепления противотуманной фары VW T4 R 96-03,77642610,KEMP,7D0941804,VAG
Кронштейн сдвижной двери VW Transporter 92-03 верхний,77643279,KEMP,701843436,VAG
Кронштейн сдвижной двери VW Transporter T5 03-> нижний,77643280,KEMP,7H0843398H,VAG
Указатель поворота на зеркале VW Passat B5 B6 Golf 5;Plus Sharan Eos L 00г.,77643333,KEMP,1K0949101,VAG
Указатель поворота на зеркале VW Passat B5 B6 Golf 5;Plus Sharan Eos R 00г.,77643334,KEMP,1K0949102,VAG
Замок (Защелка)  двери задней VW Passat 01-02 с Ц/З L,77643831,KEMP,3B4839015A,VAG
Замок (Защелка)  двери задней VW Passat 01-02 с Ц/З R,77643832,KEMP,3B4839016A,VAG
Кронштейн сдвижной двери VW Crafter 06->верхний,77643884,KEMP,2E1843436,VAG
Кронштейн сдвижной двери VW Crafter 06-> средний,77643885,KEMP,2E1843336,VAG
Кронштейн сдвижной двери VW Crafter 06-> нижний,77643886,KEMP,2E1843398C,VAG
Кронштейн сдвижной двери VW Transporter T5 03-> средний,77643887,KEMP,7H0843336D,VAG
Кронштейн сдвижной двери VW Transporter T5 03-> верхний,77643888,KEMP,7H0843436B,VAG
Кронштейн сдвижной двери VW Cadi3 нижний  R,77643889,KEMP,2K0843398,VAG
Кронштейн сдвижной двери VW Cadi3 средний,77643890,KEMP,2K0843336,VAG
Кронштейн сдвижной двери VW Cadi3 верхний,77643891,KEMP,2K0843436,VAG
Кронштейн сдвижной двери VW Cadi3 нижний  L,77643892,KEMP,2K0843397,VAG
Кронштейн сдвижной двери VW Transporter 96-00нижний (р/к ролики без кронштейна),77644066,KEMP,701843406 B,VAG
Фонарь наружный   VW T5  R  желтый  поворотник(ляда),77644067,KEMP,7H0945096F,VAG
Фонарь наружный   VW T5 R белый поворотник (ляда),77644069,KEMP,7H0945096H,VAG
Фонарь наружный   VW Caddy3 2003-> R,77644070,KEMP,2K0945096G,VAG
"Кронштейн крепления бампера передн/задн VW Golf, Passat 88-99",77644077,KEMP,1H0807193,VAG
"Клык зад. бампера, VW T4 L",77644079,KEMP,701807321,VAG
"Клык зад. бампера, VW T4 R",77644080,KEMP,701807322,VAG
Зеркало VW T4 механика-- R,77644082,KEMP,701857508F 01C,VAG
Зеркало VW T4 электрическое-- R,77644083,KEMP,701857508H 01C,VAG
Зеркало VW T4 электрическое-- L,77644084,KEMP,701857507H 01C,VAG
Вставка зеркала VW T4 без подогрева  L (мех.),77644086,KEMP,701857521J,VAG
Вставка зеркала VW T4 с подогревом  R,77644088,KEMP,701857522G,VAG
Фонарь противотуманный задний VW T4,77644092,KEMP,701945729,VAG
Противотуманка  VW T5  L,77644097,KEMP,7E0941699,VAG
Противотуманка  VW T5  R,77644098,KEMP,7E0941700,VAG
Решотка бампера средняя VW T5,77644100,KEMP,7H0807719,VAG
Решотка бампера под противотуманки VW T5  L,77644101,KEMP,7H5807489,VAG
Решотка бампера под противотуманки VW T5  R,77644102,KEMP,7H5807490,VAG
"Замок двери VW ,Passat  B3 B4 задний. L (торцевой)",77644241,KEMP,357839015B,VAG
"Замок двери VW ,Passat  B3 задний. R (торцевой)",77644242,KEMP,357839016B,VAG
"Замок двери VW Golf-2 84-91,Passat  B2 задний L (торцевой)",77644243,KEMP,327839015B,VAG
"Замок двери VW Golf-2 84-91,Passat  B2 задний R (торцевой)",77644244,KEMP,327839016B,VAG
Замок двери Audi A100 передн. L (торцевой)  ->88г,77644245,KEMP,443837015P,VAG
Замок двери Audi A100 передн. R (торцевой) ->88г,77644246,KEMP,443837016Q,VAG
Замок (Защелка)  двери передн VW Passat 01-02 с Ц/З L,7764427,KEMP,3B1837015A,VAG
Замок (Защелка)  двери передн VW Passat 01-02 с Ц/З R,7764428,KEMP,3B1837016A,VAG
Решотка бампера нижняя   Audi-A6 95-97г.средняя,77644312,KEMP,4A0807683A01C,VAG
Решотка бампера нижняя  Audi-A6 95-97г.L,77644313,KEMP,4A0807345A,VAG
Решотка бампера нижняя  Audi-A6 95-97г.R,77644314,KEMP,4A0807346A,VAG
Замок двери AUDI 80 B3/B4 передн. R (торцевой),77644602,KEMP,8A1837016A,VAG
Замок капота VW Transporter T5,77644907,KEMP,7H0823480C,VAG
Противотуманка  VW Passat B4 94-96 L,7764500,KEMP,3A0941699,VAG
Противотуманка  VW Passat B4 94-96 R,7764501,KEMP,3A0941700,VAG
Зеркало  Audi-100 91-94  L (мех),77645406,KEMP,4A1857501F,VAG
Зеркало  Audi-100 91-94  R  (мех),77645407,KEMP,4A1857502F,VAG
Зеркало  Audi-100 91-94 R (электро),77645408,KEMP,4A1857502H,VAG
Зеркало  Audi-100 91-94 L (электро),77645409,KEMP,4A1857501H,VAG
Зеркало  Audi-A6 94-97 R (электро),77645410,KEMP,4A1858532,VAG
Зеркало  Audi-A6 94-97 L (электро),77645411,KEMP,4A1858531,VAG
Зеркало  VW Golf 3 Vento   R  (мех),77645414,KEMP,1H1857508,VAG
Зеркало  VW Golf 3 Vento   L  (мех),77645415,KEMP,1H1857507,VAG
Зеркало  VW Golf 3 Vento  R  (электро),77645416,KEMP,1H1857508A,VAG
Зеркало  VW Golf 3 Vento  L  (электро),77645417,KEMP,1H1857507A,VAG
Решотка радиатора Audi-100 91-94,77645467,KEMP,4A0853651,VAG
Зеркало VW T5 электрическое-- R,77645468,KEMP,7H1857508A,VAG
Зеркало VW T5 электрическое-- L,77645469,KEMP,7H1857507A,VAG
Шина (Усилитель)бампера передн. Audi-100 84-91,7764547,KEMP,443807089A,VAG
Замок багажника  VW Passat  B4 93-96г. (личинка),77645585,KEMP,3A0827571D,VAG
Кронштейн сдвижной двери VW LT 28-46 MB Sprinter (901)верхний,77645661,KEMP,2D1843436A,VAG
Решотка нижняя VW Passat В4 93-95,7764567,KEMP,3A0853677,VAG
Молдинг  Audi-100 91-94 задний  нижн. R,7764571,KEMP,4A0853970 01C,VAG
Молдинг  Audi-100 91-94 задний  нижн. L,7764572,KEMP,4A0853969 01C,VAG
Защита над  радиатором Audi-100 84-91,7764573,KEMP,447121293A,VAG
Значок решотки VW Golf2 -88,7764580,KEMP,191853601,VAG
Вставка зеркала VW T4 без подогрева  L  (електропривод),77646234,KEMP,701857521A,VAG
Молдинг Audi-100 91-94 передн. нижн. L крыло,7764666,KEMP,4A0853989 01C,VAG
Молдинг Audi-100 91-94 передн. нижн. R крыло,7764667,KEMP,4A0853990 01C,VAG
Молдинг Audi-100 91-94 задний  нижн. L крыло,7764668,KEMP,4A0853699 01C,VAG
Молдинг Audi-100 91-94 задний  нижн. R крыло,7764669,KEMP,4A0853700 01C,VAG
Зеркало VW Passat 88-95 электро L,7764693,KEMP,357857507D,VAG
Зеркало VW Passat 88-95 электро R,7764695,KEMP,357857508D,VAG
Молдинг  Audi-100 91-94 передн. верхн. R,7764700,KEMP,4A0853952,VAG
Молдинг Audi-100 91-94 задний  верхн. L крыло,7764701,KEMP,4A0853983,VAG
Молдинг Audi-100 91-94 задний  верхн. R крыло,7764702,KEMP,4A0853984,VAG
Молдинг Audi-100 91-94 передн. верхн. L крыло,7764703,KEMP,4A0853971,VAG
Молдинг Audi-100 91-94 передн. верхн. R крыло,7764704,KEMP,4A0853972,VAG
Замок багажника VW Golf 1 (личинка+кнопка),77647479,KEMP,171827539A,VAG
Значок решотки (эмблема) Skoda Octavia 2,77647717,KEMP,3U0853621,VAG
"Вставка зеркала лев с подогр, асферич,  SKODA OCTAVIA (1996-04), FABIA 99- L",77647795,KEMP,1U1857521E,VAG
"Вставка зеркала прав. с подогр, асферич,  SKODA OCTAVIA (1996-04), FABIA 99- R",77647796,KEMP,1U1857522H,VAG
Зеркало левое электро с обогревом PASSAT B6 05- (в сборе под покраску),77647797,KEMP,3C1857507CJ,VAG
Зеркало правое электро с обогревом PASSAT B6 05- (в сборе под покраску),77647798,KEMP,3C1857508CJ,VAG
Указатель поворота на зеркале VW Touareg R 07-11г.,77647830,KEMP,7L6949102C,VAG
Указатель поворота на зеркале VW Touareg L 07-11г.,77647831,KEMP,7L6949101C,VAG
Фара Skodf Octavia A5 L (6 pin ),77647843,KEMP,1Z1941017P,VAG
Фара Skodf Octavia A5 R (6 pin ),77647844,KEMP,1Z1941018P,VAG
Значок решотки (эмблема) VW BORA,77647855,KEMP,1J5853601,VAG
Фонарь наружный   SKODA OCTAVIA 96->R,77647856,KEMP,1U6945096,VAG
Фонарь наружный   SKODA OCTAVIA 96->L,77647857,KEMP,1U6945095,VAG
Зеркало  левое электро с обогревом Skoda Octavia A5 04-> (в сборе под покраску),77647859,KEMP,1Z0857537A,VAG
Решотка радиатора VW Passat В5 96-00  тюнинг хром,7764786,KEMP,3B0853653C,VAG
Зеркало  правое электро с обогревом Skoda Octavia A5 04-> (в сборе под покраску),77647860,KEMP,1Z0857538A,VAG
Фонарь наружный   SKODA OCTAVIA A5 04->R,77647862,KEMP,1Z5945112,VAG
"Кронштейн крепления бампера передн/задн VW Golf, Passat 83-99",7764787,KEMP,165807193A,VAG
Фонарь наружный   VW T5 R   желтый поворотник (ляда),77647876,KEMP,7H0945096G,VAG
Фонарь наружный   VW T5  L желтый поворотник (ляда),77647877,KEMP,7H0945095G,VAG
Накладки арки (комплект 4-штуки) VW Golf 2,7764790,KEMP,191853717A,VAG
Молдинг  Audi-100 91-94 клипсы крепления ниж.молд компл10шт,7764842,KEMP,443853909AS,VAG
Стекло фары  VW Passat B3  88-94 L,7764934,KEMP,357941115,VAG
Стекло фары  VW Passat B3 88-94 R,7764935,KEMP,357941116,VAG
"Фонарь наружный  Audi-100, A-6 94-  малиновый R",7764966,KEMP,4A5945218B,VAG
Фонарь наружный   VW T5 L желтый поворотник(ляда),776498,KEMP,7H0945095F,VAG
"Суппорт задний Audi-100, 80 83-94-  L  (без скобы)",7764 3734,KEMP,443615423A,VAG
Суппорт передний  VW Crafter 30-50 06-> L,7764 7180,KEMP,2E0615101F,VAG
Суппорт передний  VW Crafter 30-50 06-> R,7764 7181,KEMP,2E0615102F,VAG
Суппорт задний VW CC VW Passat10->  L(эл.привод ст.торм.),7764 8353,KEMP,3C0615403C,VAG
Суппорт задний VW CC VW Passat10-> R(эл.привод ст.торм.),7764 8354,KEMP,3C0615404C,VAG
Диск выключения сцепления VW Golf 1.6-1.8 74-00г.(к-кт с бортовым кольцом),77641004,KEMP,055141124J,VAG
"Цилиндр сцепления рабочий  Audi-100,80 78-88г.",77641019,KEMP,443721261,VAG
"Цилиндр тормозной задний   VW Golf,Passat/Audi 80",7764102,KEMP,171611051B,VAG
Бортовое кольцо (пружина) диска выключения сцепления VW Golf 1.6-1.8 74-00г.,77641020,KEMP,055141130F,VAG
Цилиндр сцепления главный  Audi-80 B3B4 Audi100 A6  ->-97,77641028,KEMP,1130601000,JP Group
"Диск сцепления  210х24 Luk Golf,Passat1,6td;1,8 OPEL Astra,Vectra (2сорт)",7764118,KEMP,321002511,LUK
"Диск сцепления  190х24  VW Golf 1,5-1,6 (2сорт)",7764120,KEMP,1861 532 638,VAG
"Диск сцепления  200х24   VW Golf 2 1,8; 1,6D (2сорт)",7764121,KEMP,1861 838 646,VAG
"Диск сцепления  210х23 A 100,80 85-91 1,6-1,8 (2сорт)",7764122,KEMP,321001810,LUK
"Диск сцепления  215х28 VW Golf,Passat,Transp 1,6-20 86-96 Skoda Octavia (2сорт)",7764123,KEMP,1862 265 031,Sachs
"Диск сцепления  215х24   T2 1.6 D.TD.81-90г, (2сорт)",7764124,KEMP,1862 114 041,Sachs
"Диск сцепления  228х23 A100,80A6",7764125,KEMP,323027610,LUK
"Диск сцепления  228х28 VW Transp,Golf,Passat, OCTAVIA Fabia",7764126,KEMP,323025910,LUK
"Колодки торм передние  Audi 100 83-90, VW Passat B-3 88-90 вент",77641343,KEMP,325698151,VAG
Цилиндр сцепления главный  VW Golf 3 Vento 92-г.,77641442,KEMP,1H1721401,VAG
Цилиндр сцепления главный  VW T4,77641448,KEMP,701721401,VAG
"Колодки торм задние  Audi-100,80,A4,A6 86-01 супорт",7764152,KEMP,4A0698451,VAG
"Колодки торм задние  Audi-100,80/Passat  84 -96 бараб.  (230)",7764153,KEMP,443698071,VAG
Колодки торм передние  VW Golf 2-3/Passat B2/Seat (OE) (не вент.),7764155,KEMP,1H0698151,VAG
Колодки торм задние  VW Golf 2/VW Passat B2/A80 -86 (180),7764157,KEMP,191698051,VAG
"Диск сцепления  180х24  VW Golf 1,1-1.3",77641577,KEMP,318000216,VAG
Шланг тормозной передний VW G4Bora Skoda Octavia 435mm,77641713,KEMP,1J0611701,VAG
Шланг тормозной передний VW G3 Vento резьба АА 435mm,77641727,KEMP,1H0611701,VAG
Шланг тормозной Audi 10083-90г.,77641729,KEMP,443611775,VAG
"Подшипник выжимной VW Golf- 77-99 1,6-1,8 в КПП",7764190,KEMP,020141165B,VAG
Сальник кпп VW Golf 1 Polo 1.0-1.3 Audi 80.A100 1.3-1.8 ->88г.40*52*9,77641928,KEMP,014409399B,VAG
"Суппорт задний VW Passat В3,Golf2 88-93 - L",77642056,KEMP,191615423B,VAG
"Суппорт задний VW Passat В3,Golf2 88-93 - R",77642057,KEMP,191615424B,VAG
Суппорт задний VW Golf 4 Skoda Octavia  Audi A3 - L 96-> (без скобы) (d38mm),77642062,KEMP,1J0615423,VAG
Суппорт задний VW Golf 4 Skoda Octavia  Audi A3 - R 96-> (без скобы) (d38mm),77642063,KEMP,1J0615424,VAG
Цилиндр тормозной задний   VW T4 (20.64mm),77642154,KEMP,721611047,VAG
"Диск сцепления  210х24 Luk Audi 100 1.8 A 80 Passat1,6td;1,8",77642195,KEMP,321000817,LUK
"Диск сцепления  210х24   VW Golf 2-3 1,8; 1,8 I",77642197,KEMP,321002210,VALEO PHC
"Диск сцепления  200х24  VW Golf 3 Cadi2 Polo 1,6;93-99г.(2сорт)",77642198,KEMP,1862 402 031,Sachs
Диск тормозной передний не вентилируемый VW Passat B2  G2 Jetta 2,77642267,KEMP,321615301,VAG
Колодки торм передние  VW Golf 5 Cadi 3 Skoda Octavia A5 Seat,77642397,KEMP,1K0698151E,VAG
"Сальник кпп VW Golf 1,2,3,Passat B3 74-99 1,6-2,0",7764240,KEMP,020498085G,VAG
Колодки торм передние  VW Transporter T5 03-> R16,77642832,KEMP,7H0698151A,VAG
Колодки торм передние  VW Touareg,77642833,KEMP,7L6698151E,VAG
Колодки торм задние  VW Touareg,77642834,KEMP,7L6698451B,VAG
Цилиндр сцепления рабочий  Audi 2 Skoda Fabia VW Polo,77642835,KEMP,6Q0721261,VAG
Цилиндр сцепления рабочий  Audi A2A3 Skoda Octavia VW Transporter T4 95-03,77642836,KEMP,1J0721261H,VAG
Цилиндр сцепления главный  Audi A2A3 Skoda Octavia VW Golf4 Bora,77642837,KEMP,1J1721388A,VAG
Цилиндр сцепления рабочий  Audi A4 A6 Skoda Superb VW Passat  95-05,77642838,KEMP,8E0721257M,VAG
Цилиндр сцепления главный  Audi A4 A6 Skoda Superb VW Passat  95-05,77642839,KEMP,8E1721401K,VAG
"Суппорт задний Audi A4,A6 97-/VW Passat 96- R  (без скобы)",7764286,KEMP,8E0615424,VAG
"Подшипник выжимной гидравлический VWPassat05-,Golf5,Transp 5 A3,A4 Skoda 00->",77643312,KEMP,0A5141671E,VAG
Колодки торм задние  VW Golf 5;6 VW Passat B6/A3 A6 Octavia A5 Cadi 3,77643365,KEMP,3C0698451C,VAG
Колодки торм передние  VW Golf 4 Bora Skoda Octavia Seat 1.8T;1.9TDI,77643399,KEMP,8N0698151A,VAG
Колодки торм передние  VW Golf 4 Skoda Octavia Seat  с датчиком,77643400,KEMP,GDB1386,TRW
Цилиндр сцепления главный  Audi A2A3 Skoda Octavia VW Golf5 Cadi3,77643401,KEMP,,VAG
Подшипник выжимной  VW Passat B2 VWT2 T3 80-88 / Audi-80 -100 80-86,77643478,KEMP,500017211,LUK
Подшипник выжимной VW Golf 1-3 Polo 1.0-1.4,77643488,KEMP,3151816001,VAG
Суппорт задний VW Golf 5 Skoda Octavia Audi A3 04-> L(d41mm) (без скобы),77643492,KEMP,1K0615423,VAG
Суппорт задний VW Golf 5 Skoda Octavia Audi A3 04-> R (d41mm) (без скобы),77643493,KEMP,1K0615424,VAG
"Суппорт передний Audi A4,A6 97-/VW Passat 96- L  d 57mm(со скобой)",77643685,KEMP,8E0615123A,VAG
"Суппорт передний Audi A4,A6 97-/VW Passat 96- R  d 57mm(со скобой)",77643686,KEMP,8E0615124A,VAG
"Суппорт передний VW Passat Golf  88-96 Audi A80,A100 82-94 L  d 54mm(со скобой)",77643687,KEMP,8A0615123,VAG
"Суппорт передний VW Passat Golf  88-96 Audi A80,A100 82-94 R d 54mm(со скобой)",77643688,KEMP,8A0615124,VAG
Суппорт передний VW Golf2-3 PassatB2 L  d48mm(со скобой),77643689,KEMP,171615123B,VAG
Суппорт передний VW Golf2-3 PassatB2 R  d48mm(со скобой),77643690,KEMP,171615124B,VAG
"Суппорт передний Audi A80-90,A100 82-94VW L  d 54mm(со скобой)",77643691,KEMP,443615123A,VAG
"Суппорт передний Audi A80-90,A100 82-94VW R  d 54mm(со скобой)",77643692,KEMP,443615124A,VAG
Суппорт передний Audi A1-A3VW Cadi3 Golf5 Skoda Octavia A5 Fabia  L d 54mm,77643693,KEMP,1J0615123,VAG
Суппорт передний Audi A1-A3VW Cadi3 Golf5 Skoda Octavia A5 Fabia  R d 54mm,77643694,KEMP,1J0615124,VAG
Суппорт передний Audi A1-A3VW Cadi3 Golf5 Skoda Octavia A5 Fabia  L d 54mm(скоба,77643697,KEMP,8J0615123A,VAG
Суппорт передний Audi A1-A3VW Cadi3 Golf5 Skoda Octavia A5 Fabia  R d 54mm(скоба,77643698,KEMP,8J0615124A,VAG
Суппорт задний Audi A4 94-01 A80 B4 -  L  (без скобы),77643711,KEMP,8d0615423,VAG
Суппорт задний Audi A4 94-01 A80 B4 -  R  (без скобы),77643712,KEMP,8d0615424,VAG
"Суппорт задний VW Passat В4,Golf3 93-95 - R ( без скобы)",77643735,KEMP,1H0615424,VAG
"Суппорт задний VW Passat В4,Golf3 93-95 - L( без скобы)",77643736,KEMP,1H0615423,VAG
Шланг тормозной задний VW CADDi  3,77643742,KEMP,FT0245,GPD
Шланг тормозной задний VW LT28-46,77643750,KEMP,FT0332,GPD
Шланг тормозной передний VWTransporter T4 90-03,77643752,KEMP,FT0338 K-K,K&K
Шланг тормозной передний VW Polo Skoda Fabia,77643754,KEMP,FT0352 K-K,K&K
Шланг тормозной передний VW Golf 5 Caddy 3  Skoda Octavia A5,77643755,KEMP,FT0357 K-K,K&K
Шланг тормозной задний VW Golf 5 Caddy 3  Skoda Octavia A5,77643756,KEMP,FT0359 K-K,K&K
Шланг тормозной передний VW T5,77643757,KEMP,FT0362,K&K
Шланг тормозной задний VW T5,77643758,KEMP,FT0363,K&K
Шланг тормозной задний VW T5 (внутренний),77643759,KEMP,FT0364,K&K
Шланг тормозной передний VW T5 08->,77643760,KEMP,FT0434,K&K
Шланг тормозной передний VW LT28-35,77643762,KEMP,FT1429,K&K
Шланг тормозной передний VW Golf PassatB2  Audi A80 A100  Chery  Amulet,77643763,KEMP,FT1716,K&K
Шланг тормозной передний VW T3 LT40-55,77643764,KEMP,FT2309,K&K
Шланг тормозной задний Audi A80 100 VW Golf Passat TRansporter T4,77643775,KEMP,FT4672,K&K
Шланг тормозной передний VW Lupo Polo Seat Arosa,77643780,KEMP,FT4772 K-K,K&K
Шланг тормозной задний  Audi A4 95-01,77643781,KEMP,FT4776,K&K
Шланг тормозной задний VW Golf Audi A1-A3 TT Skoda Octavia Fabia,77643784,KEMP,FT4798,K&K
"Диск сцепления  215х28 VW Golf,Bora Skoda Octavia  96->",77643814,KEMP,322028510,LUK
Цилиндр сцепления рабочий  Audi A3 Skoda Octavia VW Caddy3 Golf Passat 00->,77643835,KEMP,1K0721261,VAG
Цилиндр сцепления рабочий  Audi A3 Skoda Octavia VW  Golf Polo 1.4-1.6  00->,77643836,KEMP,1J0721261F,VAG
Цилиндр сцепления рабочий  Audi A3 Skoda Octavia Fabi VW Caddy3 Golf Passat 00->,77643837,KEMP,6Q0721261D,VAG
Вакуумный насос тормозов VW LT28-46 86->T4 2.4 ->96,77643897,KEMP,075145101A,VAG
Вакуумный насос тормозов Audi A100 A6 A90 2.3 ->96,77643899,KEMP,035145101A,VAG
Вакуумный насос тормозов VW Golf4 Oktavia Audi A3 1.9TDI SDI 96->,77643900,KEMP,038145101B,VAG
Вакуумный насос тормозов VW TRANSPORTER T4 Golf Passat  Audi A80 1.9 D TD,77643902,KEMP,028145101A,VAG
Вакуумный насос тормозов VW TRANSPORTER T2 Golf Passat  Audi A80 1.6 D TD,77643903,KEMP,068145101G,VAG
Колодки торм передние  VW Touareg 2.5-6.0 Porsh Cayenne,77643949,KEMP,7L0698151,VAG
Колодки торм передние  VW Audi A4 96-06 (овал.разъем),77643951,KEMP,8E0698151M,VAG
Цилиндр сцепления главный  Audi A2A3 Skoda Octavia VW Golf4 Bora,77643967,KEMP,6284009131,VAG
Втулка штока кулисы КПП VW Golf Jeta Transporter,77643971,KEMP,191711208A,VAG
Втулка штока вилки КПП VW Golf Jetta,77643972,KEMP,171711067B,VAG
Колодки торм передние  VW Golf 3 Vento Polo Clasic Seat  Ibiza Cordoba Toledo,77644009,KEMP,1H0698151A,VAG
Подшипник выжимной  VW Passat B2  80-88 / Audi-80 80-86,7764401,KEMP,088141165B,VAG
"Подшипник выжимной Audi100,80,A4,A6/VWPassat 86-04",7764402,KEMP,01E141165A,VAG
Нарпавляющая выжимного подшипника VW T4 T5 Passat 3 4 Golf,77644126,KEMP,414002410,LUK
"Колодки торм задние  VW Golf2,3,Passat B2,В3/A80 -91,Skoda (200)",7764420,KEMP,1H0698525,VAG
Колодки торм задние Audi A4 A6 A8 05->VWCadi 3 09->,7764423,KEMP,4F0698451A,VAG
"Цилиндр сцепления рабочий  VW Transporter T4 91-96 Pas. B3/B4,Golf3 93-95",77644302,KEMP,357721261,VAG
"Корзина сцепления Audi-100,80 81-89, VW Passat 79-88  1,6-1,8  210mm",77644303,KEMP,121000212,LUK
Диск тормозной передний не вентилируемый VWGolf 1;2;3  Passat B2 Audi 80->86г.,77644335,KEMP,171615301,VAG
Трос cцепления  VW Golf-2Jetta2  1.0-1.3 84-91  механика,77644336,KEMP,191721335J,VAG
Трос cцепления VW Golf 3 Vento 1.6-1.8 автоматическая регулировка,77644337,KEMP,1H1721335A,VAG
Трос cцепления VW Caddy2 Polo 96-00 Seat Ibiza Cordoba автомат регулировка,77644338,KEMP,6K1721335C,VAG
Цилиндр тормозной главный VW TransporterT4 Pas.B3 Golf3 (чугун)  (без АВS),77644344,KEMP,357611019,VAG
Скоба заднего супорта Аudi/VW 83-04 с направл.,7764447,KEMP,443615425B,VAG
Шланг тормозной передний VWTransporter T4 90-96,77644475,KEMP,520045MG,Maxgear
Колодки торм передние  VW Transporter T4 0990-1995 R15,77644476,KEMP,0252163517,Meyle
Колодки торм передние  VW Golf 2-3/Passat B2/Seat  (вент),7764499,KEMP,191698151,VAG
Колодки тормозные стояночного тормоза VW Transporter T5,77645115,KEMP,19-1790,Maxgear
Колодки торм задние  VW Transporter T4 2.5 97->(с датчиком),77645162,KEMP,0252188519,Meyle
"Кольцо abs VW Passat,Golf/A3 88-02 (на заднюю ступицу)",7764520,KEMP,1J0614149,VAG
Солдатик с пружинкой задних барабанных колодок VW/Аudi,7764521,KEMP,171698545,VAG
Трос cцепления  VW Golf-2 1.6-1.8 84-91  механика,7764530,KEMP,191721335C,VAG
Цилиндр тормозной главный Audi A4 A6 VW Passat B5 97-05 (25.4mm),77645344,KEMP,8E0611021,VAG
Цилиндр тормозной главный Audi A4 A6 VW Passat B5 97-05 (23.81mm),77645345,KEMP,8D0611021B,VAG
Цилиндр тормозной главный Audi A4  A6  03->,77645346,KEMP,4b3611021,VAG
Цилиндр тормозной главный Audi A80 B4;A100  90-94 A6 94-97 (23.81mm),77645347,KEMP,4A0611021A,VAG
Цилиндр тормозной главный VWPollo Skoda Fabia (20.64mm),77645349,KEMP,6Q0611019E,VAG
Цилиндр тормозной главный VWCaddy2 Skoda Felicia (20.64mm),77645350,KEMP,6U0611019,VAG
"Диск сцепления  210х24   VW Golf 1-3 1,8; 1,8 I 1.9TD (2сорт)",77645355,KEMP,321000716,LUK
Диск сцепления  228х24 Audi 100 . A 80 PassatB2 (5cyl)77-88,77645356,KEMP,323007417,LUK
Диск сцепления  240х23 Audi 100 2.5 TDI 2.8E 90-94,77645357,KEMP,078141031A,VAG
Шланг тормозной передний VW G3 Vento резьба АА 435mm,77645389,KEMP,1H0611701,VAG
Шланг тормозной передний VWTransporter T4 90-98,77645390,KEMP,701611701,VAG
Шланг тормозной передний VWTransporter T4 92-03,77645391,KEMP,7D0611701C,VAG
Шланг тормозной передний VW Sharan Ford Galaxy Seat  Alhambra,77645392,KEMP,7M0611701D,VAG
Цилиндр тормозной главный Audi A3 VW Golf4 Octavia (ABS),77645398,KEMP,1J1614019,VAG
Диск сцепления  228х23 Audi A4 A6 VW Passat B5 1.6m-2.0 96-05,77645400,KEMP,058141031E,VAG
"Цилиндр тормозной задний   VW Golf,Passat/Audi 80 A100 d20.64 (алюм.)",77645421,KEMP,3A0611053,VAG
"Цилиндр сцепления рабочий  VW Passat B3/B4,Golf3 93-95",7764545,KEMP,357721261A,VAG
Суппорт задний Audi-100 A6 90-97 L  (без скобы),77645465,KEMP,4A0615423,VAG
Суппорт задний Audi-100 A6 90-97 R  (без скобы),77645466,KEMP,4A0615424,VAG
Колодки торм передние  VW Golf 4 Skoda Octavia Seat  с датчиком,77645525,KEMP,1K0698151A,VAG
Колодки торм передние  VW Golf 4 Bora Skoda Octavia Seat 1.8T;1.9TDI,77645545,KEMP,8N0698151A,VAG
Колодки торм задние Audi Q706-> VW Touareg 02-10,77645548,KEMP,7L0698451,VAG
Вакуумный насос тормозов VWCaddy3 Golf4 Oktavia Audi A3 1.9 2.0 TDI 00->,77645594,KEMP,038145209N,VAG
Вакуумный насос тормозов VWPassat Oktavia Audi A3-A5 1.8 2.0 TFSI 04->,77645595,KEMP,06H145100AK,VAG
Вакуумный насос тормозов  Audi A4 A6 A8 2.4 3.2 FSI 04->,77645596,KEMP,06E145100T,VAG
Вакуумный насос тормозов VWPassat Golf Oktavia Audi A1-A6  2.0 FSI TFSI 04->,77645597,KEMP,06D145100E,VAG
Вакуумный насос тормозов VWTransporter T5 2.5 TDI 03-09г.,77645598,KEMP,070145209F,VAG
Вакуумный насос тормозов VW 2.0 TDI Skoda 2.0 TDI  Audi A3-Q5 2.0 TDI 08->,77645599,KEMP,03L145100F,VAG
Суппорт задний VW Caddy3 04-> L (41mm),77645687,KEMP,2K0615423B,VAG
Суппорт задний VW Caddy3 04-> R (41mm),77645688,KEMP,2K0615424B,VAG
Суппорт задний VW Transporter  T4 L 96-03  (без скобы),77645689,KEMP,7D0615423B,VAG
Суппорт задний VW Transporter  T4 R 96-03  (без скобы),77645690,KEMP,7D0615424A,VAG
Суппорт задний VW Transporter T5 L,77645691,KEMP,7H0615423,VAG
Суппорт задний VW Transporter T5 R,77645692,KEMP,7H0615424,VAG
Суппорт передний VW Touareg 2.5 3.0TDi VW Transporter T5 1.9:2.0TDI L d 60mm,77645693,KEMP,7L6615123F,VAG
Суппорт передний VW Touareg 2.5 3.0TDi VW Transporter T5 1.9:2.0TDI R d 60mm,77645694,KEMP,7L6615124F,VAG
Суппорт задний Audi-80:100 A6:A8 quattro 86-97 L,77645695,KEMP,853615423A,VAG
Суппорт задний Audi-80:100 A6:A8 quattro 86-97 R,77645696,KEMP,853615424A,VAG
Педаль сцепления  VW LT  28-46 MB Sprinter 901 96->,77645739,KEMP,2D0721317B,VAG
"Цилиндр тормозной главный VW Passat B2,В3 Golf 2,3 (без АВS) 4 отв.",7764708,KEMP,1H1611019,VAG
"Диск тормозной передний вентелируемый W Passat,Golf 86-96",7764712,KEMP,321615301D,VAG
Диск тормозной не вентилируемый  VW Passat B3 Vento G3,7764716,KEMP,357615301,VAG
Суппорт задний VW Golf 4 Skoda Octavia Audi A3 01-->-L   (без скобы) (d38mm),77647164,KEMP,1J0615423D,VAG
Суппорт задний VW Golf 4 Skoda Octavia Audi A3 01-->-R   (без скобы) (d38mm),77647165,KEMP,1J0615424D,VAG
Суппорт задний VW Golf 5 Skoda  Octavia Audi A3 04-> L(d38mm) (без скобы),77647166,KEMP,1K0615423A,VAG
Суппорт задний VW Golf 5 Skoda  Octavia Audi A3 04-> R(d38mm) (без скобы),77647167,KEMP,1K0615424A,VAG
Суппорт задний Audi 80 B4 91-94Avant 1991-1996 (B4) L  (без скобы),77647178,KEMP,8A0615423,VAG
"Суппорт задний Audi A4,A6 00-/VW Passat 00-  L  (без скобы)",77647184,KEMP,8E0615423B,VAG
"Суппорт задний Audi A4,A6 00-/VW Passat 00-  R  (без скобы)",77647185,KEMP,8E0615424B,VAG
"Суппорт задний Audi A4,A6 97-/VW Passat 96- quattro  L  (без скобы)",77647186,KEMP,8E0615423A,VAG
"Суппорт задний Audi A4,A6 97-/VW Passat 96- quattro   R (без скобы)",77647187,KEMP,8E0615424A,VAG
Суппорт задний VW Transporter T4 L 92-03  (без скобы),77647190,KEMP,701615423,VAG
Суппорт задний VW Transporter T4 R 92-03  (без скобы),77647191,KEMP,701615424,VAG
Суппорт передний VW Golf 82-91 Pollo 85-94  L,77647192,KEMP,191615123,VAG
Суппорт передний VW Golf 82-91 Pollo 85-94  R,77647193,KEMP,191615124,VAG
Суппорт задний VW Golf CADDY Skoda Octavia Audi A3 07-> R(d38mm) (без скобы),77647199,KEMP,5K0615424,VAG
"Пружинка колодок (антидребезжания )VW/Audi W Passat,Golf -88",7764728,KEMP,191615270A,VAG
"Корзина сцепления Audi-100 83-95, A-6 2.0-2.3 диам 240mm",7764776,KEMP,124005610,LUK
Корзина сцепления Audi 100 88-91 80 86-91 1.6-1.8 VWPassat B5 1.6   210 mm,7764778,KEMP,050141117A,VAG
"Корзина сцепления Audi A-4, A-6, VW Passat 96-05 1.6-2.0 диам 228 mm",7764779,KEMP,123025310,LUK
Цилиндр тормозной главный Audi A4 A6 A8 VW Passat B5 96-05 (25.4mm),77647818,KEMP,4D0611021,VAG
"Колодки торм передние  Audi 100 83-90, VW Passat B-3 88-90",7764785,KEMP,357698151A,VAG
Скоба заднего супорта Аudi/VW Skoda  с направл.,77648237,KEMP,6Q0615426D,VAG
"Суппорт передний Audi A100,A6 1.8-2.5 91-97 d 57mm  L",77648333,KEMP,4A0615123,VAG
"Суппорт передний Audi A100,A6 1.8-2.5 91-97 d 57mm  R",77648334,KEMP,4A0615124,VAG
Суппорт задний VW Golf 5 Skoda  Octavia Audi A3 04-> L(d38mm) (без скобы),77648335,KEMP,1K0615423L,VAG
Суппорт задний VW Golf 5 Skoda  Octavia Audi A3 04-> R(d38mm) (без скобы),77648336,KEMP,1K0615424L,VAG
"Суппорт задний VW CC Passat ,Tiguan10 -> L(эл.привод ст.торм.)",77648337,KEMP,5N0615403,VAG
"Суппорт задний VW CC Passat ,Tiguan10 -> R(эл.привод ст.торм.)",77648338,KEMP,5N0615404,VAG
Суппорт задний VW Passat 05-10  L(эл.привод ст.торм.),77648341,KEMP,3C0615403,VAG
Суппорт задний VW Passat 05-10  R(эл.привод ст.торм.),77648342,KEMP,3C0615404,VAG
Суппорт передний Audi AQ3 VWTiguan Sharan 10-> L d 57mm,77648343,KEMP,5N0615123,VAG
Суппорт передний Audi AQ3 VWTiguan Sharan 10-> R d 57mm,77648344,KEMP,5N0615124,VAG
Суппорт задний VW Passat 05->  L(эл.привод ст.торм.),77648345,KEMP,3C0615403B,VAG
Суппорт задний VW Passat 05->  R(эл.привод ст.торм.),77648346,KEMP,3C0615404B,VAG
Суппорт задний AUDI A4 A58 Q5  07-> L(эл.привод ст.торм.),77648347,KEMP,8K0615403B,VAG
Суппорт задний AUDI A4 A58 Q5  07-> R(эл.привод ст.торм.),77648348,KEMP,8K0615404B,VAG
Суппорт задний AUDI A6  04-> L(эл.привод ст.торм.),77648351,KEMP,4F0615403A,VAG
Суппорт задний AUDI A6  04-> R(эл.привод ст.торм.),77648352,KEMP,4F0615404A,VAG
"Суппорт передний VW T4 15"" 91-03  R",77648356,KEMP,701615124DX,VAG
Суппорт передний VW Polo RU 10->  L,77648357,KEMP,6RF615123,VAG
Суппорт передний VW Polo RU 10->  R,77648358,KEMP,6RF615124,VAG
"Суппорт передний Audi A100,A6 2.3-2.8 91-97 d 57mm  L",77648369,KEMP,4A0615123A,VAG
"Суппорт передний Audi A100,A6 2.3-2.8 91-97 d 57mm  R",77648370,KEMP,4A0615124A,VAG
"Суппорт задний Audi ,A6  VW Passat 96->(4*4 вент) R  (без скобы)",77648372,KEMP,4B0615424,VAG
Суппорт задний AUDI A6  04-> L(эл.привод ст.торм.),77648373,KEMP,4F0615403C,VAG
Суппорт задний AUDI A6  04-> R(эл.привод ст.торм.),77648374,KEMP,4F0615404C,VAG
"Диск сцепления  210х28 VW Golf,Bora 1,6 86-96 Skoda Octavia",7764839,KEMP,321003311,LUK
Суппорт задний VW Caddy3 10->R (38mm),77648446,KEMP,2K5615424,VAG
Шланг тормозной передний 355 мм резьба А.А.М10х1 VW B3 B4,7764859,KEMP,535611701,VAG
Трос ручника VW Golf 2 88->1527mm,776487,KEMP,191609721E,VAG
"Трос cцепления VW Golf 2, 84-91 автоматическая регулировка",776492,KEMP,191721335AB,VAG
Вакуум трамблера  VW Golf 2/Passat B2-B3/A80 -92/A100 -91,77640007,KEMP,026905271A,VAG
Датчик температуры охл.жидкостиVW черный 2х контактный,77641009,KEMP,251919501D,VAG
Датчик сигнальной лампы охл.жидкостиVW Audi красный,77641010,KEMP,251919369B,VAG
Датчик сигнальной лампы охл.жидкостиVW Audi серый 2х контактный,77641011,KEMP,191919369B,VAG
Датчик температ.охл.жидкости Audi A4 A6 4х конт.черный с белой полосой,77641014,KEMP,058919501A,VAG
Датчик выключения вентилятора Audi A4 A6 Pas.B5 97-05 синий 4х конт.,77641015,KEMP,8D0959481B,VAG
Датчик темпер  Audi A3- A6 Pas.B5 Golf4-5 Octavia серый 2х контактный,77641016,KEMP,06A919501,VAG
"Контакт группа замка заж  VW Golf 2, -88г.A-80. B2. T2.",7764114,KEMP,111905865L,VAG
Блок управления эл.вентилятора VWGol.Pas.Ven. AC+,77641313,KEMP,357919506A,VAG
Бензонасос электро погружной (подкачивающий 024bar)VW Gjl.Pas.GTI,77641314,KEMP,191906092A,VAG
Бензонасос электро погружной (в колбу) VW Gol.2 1.8 GTI Tol.2.0i,77641315,KEMP,191906090,VAG
Бегунок трамблера VW  10мм,7764132,KEMP,052905225C,VAG
Катушка зажигания Audi TT A3  1.8T98-> A6A8 3.7-4.2 98->г.,77641323,KEMP,06B905115E,VAG
Трамблер безвакуумный VW / Audi 88-96  4х цилиндровый,7764138,KEMP,050905205BA,VAG
Бендикс Audi/ VW,7764142,KEMP,1006209543,Bosch
Переключатель ст/очист Audi 100 89-91,7764143,KEMP,445953503E,VAG
Бендикс VW T4 96-03 Skoda Fabia Octavia Audi A3 1.4-1.9TDI,77641437,KEMP,1006209699,Bosch
"Бендикс VW Golf-2-3  1,4-1,6 / VW Passat В5 2,3",7764145,KEMP,1006209584,Bosch
"Бендикс VW Golf 2/VW Passat В3 1,9D/1,9TD",7764146,KEMP,1006209552,Bosch
"Провода высоковольтные  Audi-100 91-94  2,6-2,8-- 6цил",7764149,KEMP,078905531A,VAG
Провода высоковольтные  Audi-100/80 -95 --5цил,7764150,KEMP,35998031,VAG
"Провода высоковольтные VW / Audi 1,6-2,0 4цил",7764151,KEMP,357998031B,VAG
Провода высоковольтные  VW / Audi Octavia 4цил 95г.->,77641548,KEMP,06B905431A,VAG
Ст/подъемник электро передний VW Golf 3 Ven. -- R без мотора,77641575,KEMP,1H0837462A,VAG
Крышка трамблера   Audi-100 84 -91 5 цил,7764159,KEMP,034905207B,VAG
Личинка замка зажигания Audi-100 82-86г.,77641594,KEMP,443905855A,VAG
Личинка замка зажигания Audi-100 91-96г.,77641597,KEMP,4A1905855,VAG
Стартер Audi A3 VW G4 Bora Skoda Octavia  1.8 20V 1.8T 2.0 96-05г.,77641608,KEMP,0001121018,Bosch
Стартер Audi A2 Skoda Fabia VW Polo (9N) 1.2-1.4 16V G4 1.6FSI,77641610,KEMP,0001121016,Bosch
Стартер Audi A4 A6 2.4-2.7T VW Passat 2.8 V6 96г.->,77641612,KEMP,0001108174,Bosch
Стартер VW T2 T3 1.6-1.7 D.TD 81-91г.,77641613,KEMP,0001110009,Bosch
Стартер VW G3 Vento Polo (6N1/6N2) 1.0-1.4 92-0.1г.,77641615,KEMP,0001107025,Bosch
Бендикс Audi/ VW 1.9-2.3,77641625,KEMP,1006209572,Bosch
Бендикс Audi-100 84-/ A-80 92-/ A-4 95-/VW/ Opel,77641626,KEMP,1006209500,Bosch
Бендикс Audi/ VW,77641628,KEMP,1006209501,Bosch
Бендикс Audi A3 VW T4 Bora Sharan Octavia 1.9 D TD TDI 96->,77641633,KEMP,1006209628,Bosch
Датчик радиатора VW/Audi/Opel /Ford 2-х контактный,7764175,KEMP,823959481G,VAG
Кнопка противотуманки Аudi-100  88-95 / Аudi-80 86-91,7764176,KEMP,893941563,VAG
Реле стартера втягивающее VW/Audi/Ford/Opel/Ford (бензин),7764188,KEMP,026911287,VAG
Кнопка переключения света  VW Passat B-2,7764195,KEMP,321941531K,VAG
Датчик темпер.VW Golf/Passat T4 91-98  4-х контактный черн/желт,7764200,KEMP,357919501А,VAG
Датчик радиатора VW Passat/Golf 93-02 Skoda  3х конт. (квадратн 321),7764201,KEMP,1H0959481,VAG
Датчик радиатора VW/Audi  -98  3-х контактный,7764202,KEMP,191959481C,VAG
Разъём электро вентилятора 3х контактный спроводами Audi,77642220,KEMP,443959841A,VAG
Контакт группа замка заж.  Audi-100 86-97/A80 87-98/A495-97/A8 94-99,7764225,KEMP,4A0905849,VAG
"Контакт группа замка заж.  VW Golf 2,3,4/VW Passat B3,В4/Transporter T4",7764226,KEMP,357905865,VAG
Ст/подъемник электро передний VWPas. B5 96-05 -L без мотора,77642446,KEMP,3B1837461,VAG
Ст/подъемник электро передний VWPas. B5 96-05 -R без мотора,77642447,KEMP,3B1837462,VAG
Переключатель ст/очист VW Passat В5 Bora Octavia  A4-A6 97-07,77642449,KEMP,4B0953503E,VAG
Переключатель поворотов и света VW Passat В5 Bora Octavia  A4-A6 97-07,77642450,KEMP,8L0953513,VAG
Личинка замка зажигания Audi-100 89 -91/A80 -91,7764261,KEMP,893905855A,VAG
Личинка замка зажигания VW Golf 2/Passat В3-B4 84-95,7764263,KEMP,357905855B,VAG
"Насос омыв лобового стекла VW Passat В5/A3,A4,A6 97-/Seat,Skoda",7764264,KEMP,1J5955651,VAG
Ст/подъемник электро передний VW Golf 2 87--  R,7764282,KEMP,191837462A,VAG
Катушка зажигания Audi  A3  Skoda Octavia Fabia VW Golf4-5 1.2-1.6 00->,77642827,KEMP,036905715E,VAG
Ст/подъемник электро передний VW Golf 2 87--  L,7764283,KEMP,191837461A,VAG
Датчик износа тормозных колодокVWTouareg Audi Q7 передний,77642830,KEMP,7L0907637,VAG
Датчик износа тормозных колодокVWTouareg Audi Q7 задний,77642831,KEMP,7L0907637C,VAG
Датчик температ. Audi-100/80/A4/A6 /VW Golf/Passat 82-99,7764288,KEMP,026906161,VAG
Лампа накаливания H4 90/100W,77642896,KEMP,12754H4,Philips
Переключатель поворотов и света Audi-100 84 -91/Audi-80 86-92,7764301,KEMP,445953513,VAG
Крышка трамблера  VW Passat В3-B4/Golf 2-3/A80/A100 4 цил,77643014,KEMP,0330920307,Beru
Переключатель ст/очист VW Passat В3 88-93,7764306,KEMP,357953519,VAG
Переключатель ст/очист VW Passat В4 Vento,7764307,KEMP,1H0953519,VAG
Бензонасос электро погружной (в колбу) VW Gol.2 1.8 GTI Tol.2.0i,77643236,KEMP,0580453922,Bosch
Датчик ABS VW T4 передний L/R,77643259,KEMP,701927807A,VAG
Датчик ABS VW T4 задний R,77643260,KEMP,701927807D,VAG
Выключатель стоп сигнала (лягушка тормозная) VW/Audi Skoda 96-. vw caddy/t5,77643331,KEMP,1J0945511D,VAG
Выключатель стоп сигнала (лягушка тормозная) VW/Audi Skoda 84-04,77643332,KEMP,191945515B,VAG
Контактная група замка зажигания Audi A3-A8 VW T5 Golf;Passat Skoda Fabia Octavi,77643369,KEMP,4B0905849,VAG
Датчик ABS Audi Skoda VW Caddy3 T5 передний/задний L,77643461,KEMP,WHT003857,VAG
Датчик ABS Audi Skoda VW Caddy3 T5 передний/задний R,77643462,KEMP,WHT003856,VAG
Бендикс VW Golf-2-3  1.6-2.0 VW Passat VW T4 АКП,77643808,KEMP,1006209918,Bosch
Шкив генератора VW LT 2.8 2002-> T4 2.5TDI,77643873,KEMP,55473/MG,Maxgear
Шкив генератора VW /Audi Skoda 1.4-1.9-2.0TDI 1.6;1.8T  96-05,77643977,KEMP,022903119A,VAG
Шкив генератора VWTransporter T5 Cady3 Crafter TDI Skoda Fabia Octavia TDI CDI,77643978,KEMP,535001210,LUK
Шкив генератора VW Passat Audi A4A6SkodaSuperB 1.9-2.0TDI 1.6;1.8T  96->,77643979,KEMP,028903119AB,VAG
Шкив генератора VW Passat Audi A4A6SkodaSuperB 1.9-2.0TDI 1.6;1.8T  96->,77643980,KEMP,535000510,LUK
Датчик уровня масла VWT4T5 1.9-2.5 TDI,77644173,KEMP,1J0907660B,VAG
Бегунок трамблера 5 цил,7764418,KEMP,035905225A,VAG
"Бендикс VW Golf 2/VW Passat В3 1,9D/1,9TD",77644341,KEMP,1006209552,Bosch
Переключатель поворотов VW Golf-3/ Passat-В4 широкая кнопка аварийки,7764435,KEMP,1H0953513,VAG
Комутатор 7-ми конт. VW Golf 2/Passat B2/T2/A100 -91/A80 -91/Opel Kadett E,7764437,KEMP,5DA006623011,HELLA
Крышка трамблера  VW Passat В3-B4/Golf 2-3/A80/A100 4 цил,7764438,KEMP,1235522444,Bosch
"Датчик темпер. Audi-100 91-94 2.6-2,8  3-х контактный",7764448,KEMP,034919369C,VAG
"Катушка зажигания VW Passat,Golf, Transp/Audi100,80/Skoda 90-99 (квадратн)",7764460,KEMP,6N0905104,VAG
Генератор щеточный узел  VW Audi Opel Ford Mercedes,7764462,KEMP,068903803D,VAG
Датчик давления масла VW LT Crafter (коричневый),77644761,KEMP,1009190042,Meyle
"Насос омыв лобового cтекла на 2 выхода VW T5 Passat В5/A3,A4,A6 97-/Seat,Skoda",77644762,KEMP,1J6955651,VAG
Датчик ABS VW Passat В4/Golf 3-4/A3  R,7764479,KEMP,1J0927804,VAG
Сопротивление вентилятора печки VW Golf4 Octavia Sharan Passat B5 AC+,77644804,KEMP,1J0907521,VAG
Сопротивление вентилятора печки Audi 80-90 VW Golf2  Passat B3 B4 AC+,77644805,KEMP,191959263,VAG
Сопротивление вентилятора печки Audi  A6 97-05г. AC+,77644806,KEMP,4B0820521,VAG
Сопротивление вентилятора печки Audi A4 VW Passat B5 AC+,77644834,KEMP,8D1907521,VAG
Ст/подъемник электро передний AUDI A6 05-11 R без мотора,77644839,KEMP,4F0837462A,VAG
Ст/подъемник электро передний AUDI A4 08- L без мотора,77644844,KEMP,8K0837461,VAG
Ст/подъемник электро передний AUDI A4 08- R без мотора,77644845,KEMP,8K0837462,VAG
Датчик давления масла VW/Audi  96- (белый),7764485,KEMP,06A919081B,VAG
Ст/подъемник перед. Octavia A5 L без мотора с рамой,77644850,KEMP,1Z1837461,VAG
Ст/подъемник перед. Octavia A5 R без мотора с рамой,77644851,KEMP,1Z1837462,VAG
Ст/подъемник электро передний VW Golf 6 08-13 L без мотора с рамой,77644852,KEMP,5K0837461D,VAG
Ст/подъемник электро передний VW T-5 03- R без мотора c рамой,77644853,KEMP,7H0837752B,VAG
Ст/подъемник электро передний VW Golf Bora Jetta 97-06 R без мотора без рамы,77644854,KEMP,1J4837462D,VAG
Ст/подъемник электро передний VW Touran 03- R без мотора c рамой,77644855,KEMP,1T1837462,VAG
Ст/подъемник электро передний VW Golf Bora Jetta 97-06 L без мотора без рамы,77644856,KEMP,1J4837461D,VAG
Ст/подъемник электро передний VW T-5 03- L без мотора c рамой,77644857,KEMP,7H0837753B,VAG
Ст/подъемник электро передний VW Touran 03- L без мотора c рамой,77644858,KEMP,1T1837461,VAG
Ст/подъемник электро передний VW Tiguan 07- L без мотора c рамой,77644859,KEMP,5N0837461,VAG
Ст/подъемник электро передний VW Tiguan 07- R без мотора c рамой,77644860,KEMP,5N0837462,VAG
Ст/подъемник электро передний VW Touareg 03-10 L без мотора,77644861,KEMP,7L0837461F,VAG
Ст/подъемник электро передний VW Passat 05-10 L без мотора c рамой,77644863,KEMP,3C1837461H,VAG
Ст/подъемник электро передний VW Passat 05-10 R без мотора c рамой,77644864,KEMP,3C1837462H,VAG
Ст/подъемник электро передний VW Golf 6 08-13 R без мотора с рамой,77644865,KEMP,5K0837462D,VAG
Ст/подъемник электро передний VW Caddi3 04- L без мотора с рамой,77644866,KEMP,2K1837729H,VAG
Ст/подъемник электро передний VW Caddi3 04- R без мотора с рамой,77644867,KEMP,2K1837730H,VAG
Датчик темпер двигателя  Audi / VW -96,7764490,KEMP,049919501,VAG
Мотор заднего стеклоочистителя VW Passat B5 Audi A3 A4 A6 97->,77645006,KEMP,8L0955711B,VAG
"Мотор переднего стеклоочистителя  VWPassat Golf3,4 Transporter T4 Skoda Octavia",77645009,KEMP,1J0955119,VAG
Мотор переднего стеклоочистителя  VW Transporter T5/amarok,77645015,KEMP,7E1955113,VAG
Мотор переднего стеклоочистителя  Skoda Fabia VW Polo(9N:9A4),77645020,KEMP,6Q1955119A,VAG
Мотор заднего стеклоочистителя  Skoda Octavia  HB,77645036,KEMP,1U6955711B,VAG
Мотор заднего стеклоочистителя Audi A496-01 Seat Arosa VW Polo(6N),77645046,KEMP,6X0955711C,VAG
Мотор переднего стеклоочистителя  VW LT 28-46,77645053,KEMP,2D2955119,VAG
Предохранитель 50А  W228-C,77645299,KEMP,1987529065,Bosch
"Бензонасос электро подвесной  Audi-80-100 79 -91,WV Ford, Mersedes",77645352,KEMP,0580254927,Bosch
Насос омыв лобового cтекла VW Golf 3/Passat B3-B4/T4 на 2 выхода,77645359,KEMP,1H6955651,VAG
"Провода высоковольтные  VW VR6 2,8;2.9  6цил",77645373,KEMP,021905409B,VAG
Провода высоковольтные  VW Transporter T4 2.5i,77645374,KEMP,701998031A,VAG
Провода высоковольтные  VW Golf 4 Bora Passat  Audi A4  Skoda  Octavia 1.6i,77645376,KEMP,06A905409M,VAG
Провода высоковольтные Audi A3 A4 Skoda  Octavia A5 1.6,77645377,KEMP,06B905437A,VAG
"Провода высоковольтные VW / Audi 1,0-1.3 1.4-1.6 4цил",77645378,KEMP,032905483G,VAG
"Бензонасос электро подвесной Audi-80 79 -91 1.6-2.0, Ford, Mersedes  2,3",7764538,KEMP,0580254910,VAG
Реле свечей накала Audi 1.6-2.0D TDVW1.6-1.7D TD  LT28-35 2.4D,77645387,KEMP,171911261E,VAG
Переключатель ст/очист VW Octavia Fabia A4-A6 97-07,77645402,KEMP,4B0953503F,VAG
Переключатель ст/очист VW Octavia Fabia A4-A6 97-07 (с компютером),77645403,KEMP,4B0953503G,VAG
Бегунок трамблера VW  10.2мм Valeo Ducellier,77645404,KEMP,026905225K,VAG
Комутатор 7-ми конт. VW Golf 2/Passat B2/T2/A100 -91/A80 -91,77645422,KEMP,191905351B,VAG
"Катушка зажигания VW Passat,2.0 16V Transp T4 Polo Toledo 1.6i (квадратн 6 кон)",77645423,KEMP,701905104,VAG
Комутатор 4*3 конт. Audi A80 A100 A4-A8 2.6-2.8,77645424,KEMP,4A0905351,VAG
Реле стартера втягивающее VW/Audi/Ford/Opel/Ford (бензин),77645426,KEMP,0331303002,Bosch
Генератор щеточный узел  VW Audi Opel Ford Mercedes,77645452,KEMP,0021549806,Evobus/Setra
"Бендикс Audi 80/100/ VW Passat В2 1,6-2,0",7764550,KEMP,1006209503,Bosch
"Катушка зажигания VW Passat,Golf, TranspT5 Cadi/Audi Skoda 96->(без комутатора)",77645509,KEMP,032905106B,VAG
Комутатор 3*2 конт. Audi VW Passat Golf  Transporter (тип Beru),77645510,KEMP,867905352,VAG
Комутатор 3*2 конт. Audi VW Passat Golf  Transporter (тип Bosch),77645511,KEMP,867905352,VAG
Комутатор 6*2 конт. VW Pas. Golf  Transp 6*2 pin (тип Bosch),77645512,KEMP,867905351,VAG
Стартер VW Transporter T4 1.9 2.4 D TD 2.5TDI (АКПП)Golf 2 1.6D TD,77645608,KEMP,0001110001,Bosch
Стартер Audi A4  VW Passat B5 1.6-2.0 00-05г.->,77645611,KEMP,0001107427,Bosch
Стартер Audi A1A3 VW G5 T5 Passat Skoda Octavia  Fabia 1.4-2.0TFSI 06 г.->,77645616,KEMP,D6GS11,VALEO PHC
Стартер Audi A3 VW G5:6 Skoda Octavia  Fabia 1.6 04 г.->,77645618,KEMP,D6GS13,VALEO PHC
Клапан холостого хода Audi 80 100 A6 2.0 2.3 VW 2.8 VR6,77645645,KEMP,0280140512,Bosch
Контакт группа замка заж.  VW Caddy2 Golf VW Passat PolloTransporter T4,77645651,KEMP,6N0905865,VAG
Блок управления стеклоподемниками VW Golf Bora  VW Passat B5 (9pin),77645653,KEMP,1J4959857,VAG
Кнопка стеклоподъемника VW Golf4 Bora VW Passat B5 (одинарная),77645654,KEMP,3B0959855B,VAG
"Стартер Audi A31,6-1,8T96-03 VW G2-3  Passat (АКП) Skoda Octavia",77645754,KEMP,0001107020,Bosch
Реле стартера втягивающее VW/Audi 00г-> тип BOSCH Caddy3/T5/Golf 5/B6/Tiguan/Tou,77645756,KEMP,0AH911287,VAG
Датчик холостого хода VW Audi Fiat 00->,77645762,KEMP,026906247A,VAG
Регулятор холостого хода VW Audi Fiat Peugeot (4 контакта),77645764,KEMP,0132008600,Bosch
Регулятор холостого хода VW Audi Fiat Peugeot (6 контактов),77645765,KEMP,0132008601,Bosch
Контакт группа замка заж.  Audi A100 91-97/A80 87-98/A4 95-97/A8 94-99,77645776,KEMP,4A0905849B,Bosch
Контактная група замка зажигания Audi  VW T6 Pollo;Passat Skoda Fabia,77645785,KEMP,7E0905865,Bosch
Выключатель стоп сигнала (лягушка тормозная) VW/Audi Skoda 96-.,77645790,KEMP,1C0945511A RDW,Bosch
Генератор VW Passat В4  93-95 / Golf-3 92-97,7764585,KEMP,028903018A,VAG
Бендикс Audi-100 84-/ A-80 92-/ A-4 95-/VW/ Opel,7764587,KEMP,1006209677,Bosch
Бендикс,7764588,KEMP,1006209585,Bosch
Датчик положения коленвала VW Caddy/T5,77646130,KEMP,036906433E,VAG
Личинка замка зажигания VW Golf 2;3;Pollo;Passat 85-99,77646637,KEMP,1H0905855,VAG
Личинка замка зажигания VW Golf 5 Pointer 04->,77646645,KEMP,5X0905855,VAG
Датчик давления масла VW / Audi (белый),7764690,KEMP,056919081E,VAG
Насос омыв лобового cтекла VW Golf 2-3/Passat B2-B3-B4/T4 на 2 выхода,7764694,KEMP,333955651,VAG
Вакуум трамблера  VW Golf 2/Passat B2-B3/A80 -92/A100 -91,77647,KEMP,026905271,VAG
Бензонасос электро VW Passat B5,7764719,KEMP,8E0906087C,VAG
Генератор Валео B5 A6 97-05 1.8T-2.0 A4 95-00 1.6-1.8T 90A,7764746,KEMP,06B903016F,VAG
"Бензонасос электро с колбой погружной  А100/A6 91-96 2,3",7764748,KEMP,721651600,Pierburg
Ст/подъемник электро передний Audi-100 89-91-- R,7764752,KEMP,443837398D,VAG
Бензонасос электро с колбой и датчиком Skoda Oktavia/W Golf 4,7764770,KEMP,1G0919051C,VAG
Датчик обор распред.-вала (Холла)  VW B-5 1.8,7764771,KEMP,058905161B,VAG
Блок управления светом VW Passat 10->Audi A3  Q5 Q7 09->,77647710,KEMP,8K0941597B,VAG
Комутатор 7-ми конт. VW Golf 2/Passat B2/T2/A100 -91/A80 -91,77647719,KEMP,211905351D,VAG
Сопротивление вентилятора печки Audi VW Skoda 07->,77647766,KEMP,3C0907521F,VAG
Датчик износа тормозных колодокVWTouareg 10-> передний,77647767,KEMP,7P0907637,VAG
Датчик износа тормозных колодокVWTouareg Audi Q7 задний,77647768,KEMP,7P0907637C,VAG
Датчик ABS VWTouareg Audi Q7 Porsc Cayenne 09->,77647769,KEMP,WHT005651,VAG
"Свечи VW /Audi 1,4-1.6 03->",77647789,KEMP,101905609,VAG
Блок управления стеклоподъемниками Audi A4 A5 Q5 07->,77647800,KEMP,8K0959851D,VAG
Датчик ABS VWTouareg Pass.pass CC Audi A3 Q3 Q7 Porsc Cayenne R 03->(перед/зад),77647801,KEMP,7L0927808A,VAG
Датчик ABS VWTouareg Pass.pass CC Audi A3 Q3 Q7 Porsc Cayenne L 03->(перед/зад),77647802,KEMP,7L0927807A,VAG
Датчик ABS VW Audi Skoda Seat R 03->(перед),77647806,KEMP,6Q0927804A,VAG
Датчик ABS VW Audi Skoda Seat L 03->(перед),77647807,KEMP,6Q0927803A,VAG
Датчик ABS VW Audi Skoda Seat R 03->(зад),77647808,KEMP,6Q0927808B,VAG
Датчик ABS VW Audi Skoda Seat L 03->(зад),77647809,KEMP,6Q0927807B,VAG
Датчик ABS VWTouran  Pass.pass CC Sharan Audi Q3  R 03->(зад),77647810,KEMP,1K0927808,VAG
Датчик ABS VWTouran  Pass.pass CC Sharan Audi Q3  L 03->(зад),77647811,KEMP,1K0927807,VAG
Сопротивление вентилятора печки Audi  A4 A5 Q5,77647812,KEMP,8K0820521B,VAG
Блок управления стеклоподъемниками Audi A4 A5 Q5 07-> (кнопки Хром),77647813,KEMP,8K0959851,VAG
Блок управления стеклоподъемниками Audi A4 04->,77647814,KEMP,8E0959851D,VAG
Блок управления стеклоподъемниками Audi A3 A6 Q7 04->,77647815,KEMP,4F0959851,VAG
Блок управления стеклоподъемниками Audi  A6 Q7 10->  (кнопки Хром),77647816,KEMP,4G0959851B,VAG
Включатель света AUDI Q5 (c хромом),77647817,KEMP,8K0941531,VAG
Свечи VW /Audi A5 A6 A8 4.2 FSI 06->,77647834,KEMP,101905621,VAG
Свечи VW /Audi 2.0 TFSI 07->,77647835,KEMP,101905631B,VAG
Датчик скорости VW Audi Skoda Seat АКП 4ст 97->,77647848,KEMP,01M927321B,VAG
"Провода высоковольтные  Audi A4 A6 A8 VW Passat 94-00  2,4-2,8-- 6цил  к-кт",77647850,KEMP,078905531B,VAG
"Бензонасос электро погр.Audi A3VWGolf Pas.SkodaOct.Fab.(в корпусе, без датчика )",77647853,KEMP,1J0919051K,VAG
"Провода высоковольтные  Audi A4 A6 A8 VW Passat 94-05  2,4-2,8-- 6цил  к-кт",77647967,KEMP,078905113,VAG
"Бензонасос электро погружной А100/A6 91-96 2.0,2.6-2.8",7764798,KEMP,8A0906091G,VAG
Переключатель поворотов и света VW Passat В5 Bora Octavia  Seat,77647980,KEMP,8L0953513S,VAG
Контактная група замка зажигания Audi  VW  Pollo;Passat Skoda Fabia  14->7PIN,77648003,KEMP,6RA905865,VAG
Выключатель стоп сигнала (лягушка тормозная) VW/Audi Skoda 96-. (4PIN),77648013,KEMP,7L6945511A,VAG
Выключатель стоп сигнала (лягушка тормозная) VW/Audi Skoda 03-. (4PIN),77648014,KEMP,6Q0945511,VAG
Выключатель стоп сигнала (лягушка тормозная) VW/Audi Skoda 96-. (2PIN),77648015,KEMP,6Q0927189,VAG
Датчик положения распредвала VW AUDI SKODA 1.6-2.0 96->,77648017,KEMP,06A905161B,VAG
"Датчик импульсов (управление двигателем) VW Audi Skoda 1.6,1.8T,2.0, 2.5TDI  00-",77648018,KEMP,078906433A,VAG
Датчик частоты вращения коленвала VW Audi Skoda 1.6-2.8  96->,77648019,KEMP,06A 906 433 C,VAG
Датчик скорости VW Audi  АКП 4ст 91-03,77648020,KEMP,095927321A,VAG
"Датчик импульсов (управление двигателем) VW Audi Skoda 1.2-2.0,1.6-2.0TDI 04->",77648022,KEMP,03C906433A,VAG
Датчик импульсов (управление двигателем) VW Audi 2.7.3.0 TDI 02-11,77648023,KEMP,06A906433E,VAG
Датчик импульсов (управление двигателем) VW Audi 1.8-2.0 93->,77648024,KEMP,06A906433K,VAG
Датчик импульсов (управление двигателем) VW Audi 1.6-3.0 96-05,77648025,KEMP,06A906433C,VAG
"Датчик положения распредвала VW AUDI SKODA 1.0-3,2  04->",77648028,KEMP,030907601E,VAG
Датчик ABS VW Audi Skoda Seat L/R 96->(зад),77648031,KEMP,1J0927807B,VAG
Датчик ABS VW Passat 96-> Skoda Superb 01-> L/R (зад),77648032,KEMP,8E0927807,VAG
Датчик ABS VW Audi Skoda Seat L/R 93-02 (зад),77648033,KEMP,6N0927807A,VAG
Кнопка  включения света VW Golf-2 (8 pin),77648147,KEMP,191941531H,VAG
"Бензонасос электро подвесной  Audi-80 WV Ford, Mersedes",7764818,KEMP,0580254911,Bosch
"Бензонасос электро подвесной  Audi-80 79 -91,WV Ford, Mersedes",7764822,KEMP,0580254957,Bosch
Датчик ABS задний VW Golf-3/Vento 91-99,7764827,KEMP,1H0927807D,VAG
Клапан вентиляции топливного бака VW Audi  02->,77648325,KEMP,6QE906517A,VAG
Датчик уровня житкости в бачке VW Golf/Passat,7764841,KEMP,251919372,VAG
"Свечи VW /Audi 1,8-2,3 3-х контактн",7764857,KEMP,101000001AC,VAG
Бегунок трамблера VW  14мм,776493,KEMP,055905225B,VAG
Генератор Валео B5 A6 97-05 1.8T-2.0 A4 95-00 1.6-1.8T 120 A,7764959,KEMP,06B903016G,VAG
Ст/подъемник электро передний VWPas. B3-B4 88-96 --L без мотора,7764973,KEMP,3A0837461,VAG
Ст/подъемник электро передний VWPas. B3-B4 88-96 --R без мотора,7764974,KEMP,3A0837462,VAG
Шрус VW Passat 96-05/A4/A6 Scoda SuperB 1.9TDI 00-> наруж. ABS,77642010,KEMP,21091,GKN-Spidan
Шрус VW Caddy 3 1.9TDI/Passat B6/Golf V/Octavia .1.8TSI 2.0TDI 05-> наруж,77642011,KEMP,23691,GKN-Spidan
Шрус Skoda Fabia 1.2-1.4 Audi A2 VW Polo 00->,77642015,KEMP,21586,GKN-Spidan
Шрус VW Passat 96-05/A4/A6 2.6 2.8 95-00 Passat 2.3 VR5 наруж ABS,77642016,KEMP,22747,GKN-Spidan
"Шрус Audi 80 2.6-2.8 100, A6 91-97 2.8  Audi90 2.3 20V наруж ABS",77642019,KEMP,22639,GKN-Spidan
Шрус Audi-100 /200 2.2T 85-91  наруж гайка ABS,77642020,KEMP,22577,GKN-Spidan
"Шрус Audi-100 89 -91 1,8-2,3  наруж. болт ABS",77642021,KEMP,22566,GKN-Spidan
Полуось VW Passat B3 B4 1.8-2.0 в сборе R,77642023,KEMP,23547,GKN-Spidan
Полуось Audi A6 2.4 2.5 TDI 2.8 97-05г. R АКП ABS,77642024,KEMP,4B0407272F,VAG
"Шрус VW Golf-1,2,3,4 74-05/Passat В-2,-3  88-93 Audi-80 74-94 1,3-1,6 внутр",776425,KEMP,20258,GKN-Spidan
"Шрус VW Passat В3,B2/Golf-1,2,3  81-99 1,8-2,0  внутр",776426,KEMP,22497,GKN-Spidan
"Шрус Audi-100, A6 91-97 2,0- 2,6  ABS наруж",776427,KEMP,22541,GKN-Spidan
"Шрус VW Golf -1,2,3 81-99 /Audi-80 81-87  1,3-1,6  наруж",776429,KEMP,22461,GKN-Spidan
"Шрус VW Passat В3,B4/Golf-1,2,3 1,8-2,0 /Audi-80 81-87 наруж",776430,KEMP,23548,GKN-Spidan
"Шрус VW Transporter T4  92-96 1,9-2,4 наруж",776431,KEMP,20595,GKN-Spidan
Шрус VW Polo/Golf/Octavia Fabia Audi A2 TT 98-> внутренний,77643106,KEMP,25307,GKN-Spidan
"Шрус VW Golf-1,2,374-05/Passat В-2, 74-86 Audi-80 74-89 1,3-1,6 наруж",77643138,KEMP,20260,GKN-Spidan
"Шрус VW Transporter T4  92-96 1,9-2,4 ABS наруж",776432,KEMP,20596,GKN-Spidan
"Шарнирный комплект, приводной вал  VW  T5 1.9 TDI в сборе R (внутреняя)",77643255,KEMP,7H0498104F,VAG
Шрус VW Transporter T5  0.3-> 2.5TDI ABS наруж 29*38,77643294,KEMP,7H0498099A,VAG
"Шрус Audi-100 89 -91 1,8-2,3  наруж. болт",776433,KEMP,443498099DX,VAG
"Шрус Audi 80 86-91 1,6  наруж болт",776434,KEMP,22543,GKN-Spidan
"Флянец полуоси передней (вал промежуточный)VW T-5, 1.9",77643421,KEMP,02Z409345B,VAG
"Шарнирный комплект, приводной вал  VW  T5 2,5 TDI в сборе R (внутреняя)",77643422,KEMP,7H0498104G,VAG
"Шрус Audi 80 86-96 1,8-2,3  наруж болт",776435,KEMP,22551,GKN-Spidan
Шрус Skoda Fabia Rapid VW Polo 10-> наруж.,77643592,KEMP,6R0407763F,VAG
"Шрус Audi 80 86-96 1,8-2,3 ABS наруж болт",776436,KEMP,22550,GKN-Spidan
Шрус VW Transporter T4 96-03  внутренний,77643605,KEMP,22902,GKN-Spidan
Шрус Audi-100 80-88  наруж гайка,776437,KEMP,20271,GKN-Spidan
ШРУС карданного вала Audi A100 quattro,77643940,KEMP,443498101B,VAG
Шрус VW Caddi 3  0.4-> 1.9TDI вутренний,77644039,KEMP,1K0498103E,VAG
"Шрус VW Transporter T5  0.3-> 1,9-2,0 ABS наруж 27*38",77644539,KEMP,7H0498099,VAG
Шрус VW Transporter T5  0.3-> 2.5TDI ABS наруж 29*38,77644540,KEMP,7H0498099A,VAG
Полуось VW  T4 96->внутреняя (ремкомплект) (65/75KW),77644944,KEMP,02G409356B,VAG
"Флянец полуоси передней (вал промежуточный)VW T-4, 1996>(22*37)",77644945,KEMP,02G409345,VAG
Полуось VW  T4 96->внутреняя (65/75KW),77644946,KEMP,02G409356B,VAG
Шрус VW Caddi 3  0.4-> 1.9TDI вутренний,77644947,KEMP,1K0498103E,VAG
"Вал приводной 2,5TDIVW T5",77646709,KEMP,0A5409343,VAG
Шрус VW Caddy 3 1.4-2.0 Passat B6/Golf V/Octavia A5 .1.4TSI 2.0TDI 05-> наруж,77646973,KEMP,1K0407311L,VAG
Шрус Skoda Oktavia 1.4-1.6/Golf-4 97-05 наруж.,7764738,KEMP,20338,GKN-Spidan
Шрус Skoda Oktavia 1.6-2.0/Golf-4 97-05/Passat 2.8 наруж.,7764739,KEMP,20340,GKN-Spidan
Шрус VW Passat 96-05/A4/A6 1.6-2.0 abs наруж.,7764740,KEMP,22681,GKN-Spidan
Шрус VW Passat 96-05/A4/A6 1.9-2.8 abs наруж.,7764741,KEMP,22763,GKN-Spidan
Шрус VW Transporter T4  96-  наруж,7764742,KEMP,22900,GKN-Spidan
Шрус VW Transporter T4  96-  наруж abs,7764743,KEMP,22901,GKN-Spidan
"Шрус Audi-100, A6 91-97 2.8 ABS наруж",7764745,KEMP,22591,GKN-Spidan
Шрус VW Caddy 3 1.9TDI/Passat B6/Golf V/Octavia .1.8TSI 2.0TDI 05-> наруж,77647480,KEMP,25225,GKN-Spidan
Шрус VW Transporter T4 91-94  внутренний,7764763,KEMP,20597,GKN-Spidan
"Шрус Audi 80/100/Passat 1,9-2,3 79-;AUDI 80 16V  92-  внутренний",7764764,KEMP,20273,GKN-Spidan
Шрус Audi  A4 A5  07->наруж.,77647920,KEMP,24687,GKN-Spidan
Шрус Audi A4 A6 00->,77648534,KEMP,23693,GKN-Spidan
Шрус Audi  A6 A8  04->,77648535,KEMP,24681,GKN-Spidan
Шрус VW Sharan Galaxy Alhambra 95-> наруж,77648536,KEMP,21572,GKN-Spidan
Шрус Audi  Q7 VW Touareg  02-10  наружный,77648539,KEMP,24237,GKN-Spidan
Шрус Audi  Q7 VW Touareg  02-10  внутренний,77648547,KEMP,24236,GKN-Spidan
Шрус VW  Passat  Golf V/Octavia A5 .1.4 05-> наруж,77648550,KEMP,23687,GKN-Spidan
Шрус VW Golf 4:5/Octavia .1.4-1.6 97-> внутренний,77648551,KEMP,24749,GKN-Spidan
Шрус VW Caddy 3  Passat/Golf/Octavia A5 Audi A1-A3.1.2- 2.0TDI 00-> внутренний,77648552,KEMP,1K0498103A,VAG
"Шрус VW Transporter T5  0.3-09 1,9-2,5 внутренний",77648553,KEMP,7H0498103X,VAG
Шрус  VW Amarok 2.0 наружный,77648554,KEMP,2H0498099X,VAG
Шрус VW Caddy 3  Passat/Golf/Octavia A5 Audi A1-A3.1.2- 2.0TDI 00-> наруж,77648559,KEMP,5M0498099,VAG
Шрус Skoda Fabia 1.2-1.4 VW Polo FOX  99-08 без рулевого усилителя,77648563,KEMP,6Q0498099CX,VAG
Шрус VW Caddy 3  Passat/Golf/Octavia A5 Audi A3.1.6- 2.0TFSI 00-> внутренний,77648570,KEMP,1K0498103C,VAG
Шрус Audi A4 VW Sharan 95->  внутренний,77648571,KEMP,4E0498103,VAG
Шрус  VW Passat 05-11  внутренний,77648572,KEMP,3C0498103A,VAG
Шрус Audi A4 VW Passat 1.9 TDI 95->  внутренний,77648573,KEMP,8D0407417L,VAG
Шрус Audi A4 A5 Q5  08->  наружный,77648576,KEMP,8K0498099B,VAG
Шрус Audi  Q7 07-> VW Touareg  02-10  наружный,77648577,KEMP,7L6498099C,VAG
"Шрус Audi A3 ,TTVW Golf4 Bora  08->  наружный",77648578,KEMP,1J0498099E,VAG
Шрус Audi A3 Q3 TT VW Passat  05->  внутренний,77648579,KEMP,5N0498103AV,VAG
Шрус Skoda Fabia Rapid VW Polo 02--> внутренний,77648580,KEMP,6QD498103,VAG
"Шрус VW Golf-1,2,3,4 Passat В-2,-3  Audi-80 Skoda Seat 1,3-1,6 внутр",77648737,KEMP,6N0498103,VAG
Болт натяжки генератора VW,77641248,KEMP,034903555B,VAG
Кронштейн перед двиг VW Golf-2  84-91,7764139,KEMP,191199273C,VAG
Шестерня привода спидометра (белая) 16зуб. VW G2-3,77641538,KEMP,171957821A,VAG
Тяжка выбора передачь кпп VW Golf-2 84-91 (220мм),77641539,KEMP,191711574,VAG
Ст/подъемн VW Golf 3 Vento мех. пер R,77641573,KEMP,1H0837402B,VAG
Крышка бака VW/Audi 80-100 82-86г. (с ключем),77641600,KEMP,443201551L,VAG
Резинка крепления глушителя VW/Audi,77641682,KEMP,191253147B,VAG
Резинка крепления глушителя VW/Audi,77641683,KEMP,893253147F,VAG
"Корпус замка зажиганияVW Golf,Passat 88-96",776422,KEMP,357905851D,VAG
"Корпус замка зажиганияVW Golf,Passat 82-87г.",77642206,KEMP,321905851D,VAG
Крышка бака VWG1. (с ключем),77642272,KEMP,17S201551,Polcar
Крышка бака VWG1. (с ключем),77642273,KEMP,171201551L,VAG
Крышка бака  VW/Audi 86-99 (без ключа),7764232,KEMP,1H0201553B,VAG
Крышка бака VW/Audi 86-99 (с ключем),7764260,KEMP,533201551F,VAG
Фильтр воздуха Audi Q7 VW Touareg 392*186,77642823,KEMP,7L0129620,VAG
Фильтр воздуха VW Transporter T4 96-03г.,77642825,KEMP,074129620,VAG
Фильтр воздуха Audi 80 A100 A6 VW Passat B3 Golf 2,77642826,KEMP,191129620,VAG
"Скоба глушителя VW Golf,Passat,Transport",7764285,KEMP,161253111,VAG
Педаль газа Audi-100 83-91,7764300,KEMP,447721507,VAG
Фильтр масла для АКПП (5 ст.)Audi A4 A6 A8 VW Passat B5,77643371,KEMP,01V325429,VAG
Фильтр масла для АКПП (4 ст.)Audi 80 A4 A6 A8 VW Passat VWT4 91-00,77643372,KEMP,01M325429,VAG
Фильтр воздуха Audi A3  VW Passat Cadi 3 Octavia A5 03-> 1.6-2.0,77643391,KEMP,1F0 129 620,VAG
Фильтр воздуха Audi A3  VW Passat Cadi 3 Octavia A5 04-> 2.0TFSI,77643392,KEMP,06F133843A,VAG
Фильтр воздуха VW Polo  Skoda Fabia Practic Seat Cordoba Ibiza 1.4;1.9TDI CDI,77643393,KEMP,6Q0129620,VAG
Фильтр Салона угольный Audi A3  VW Passat Cadi 3 Octavia A5 04->(угольный),77643394,KEMP,1K1819653B,VAG
Фильтр Салона  Audi A3  VW Passat Cadi 3 Octavia A5 04->(угольный),77643395,KEMP,1K1819653A,VAG
Фильтр Салона угольный Audi A3  VW Passat Cadi 3 Octavia 97->(угольный),77643396,KEMP,1J0819644,VAG
Фильтр Салона угольный Audi A1;A2 VW Polo Skoda Fabia Mercedes G clas 97->,77643397,KEMP,6Q0819644,VAG
Фильтр Салона угольный Audi A1;A2 VW Polo Skoda Fabia Seat (угольный),77643398,KEMP,6Q0819644,VAG
Фильтр воздуха   VW T5,77643610,KEMP,AF8046,Maxgear
Фильтр воздуха Audi A4 1.8-3.0 00-04г.267*213*69,77643793,KEMP,06C133843,VAG
Фильтр Салона   VW T5 Audi Q7 Porch Cayenne  280*217*30,77643795,KEMP,7H0819631,VAG
Фильтр воздуха VW Polo  Skoda Fabia Practic Seat Cordoba Ibiza1.4;1.6 06->,77643796,KEMP,036129620H,VAG
Фильтр воздуха Audi A4 A5 Q5 1.8:2.0TFSI 2.0 TDI 07-> 322*128*58,77643797,KEMP,8K0133843E,VAG
Фильтр воздуха Audi A3 VW Passat Octavia Cadi3 04->1.6-2.0TDI  345*136,77643799,KEMP,1K0129620E,VAG
Фильтр воздуха VW Polo  Skoda Fabia Romster Seat  Ibiza1.0-1.4 06->213*218,77643800,KEMP,5Z0129620,VAG
Фильтр воздуха VW Polo  Skoda Fabia Practic Seat Cordoba Ibiza1.4;1.6 00->,77643801,KEMP,036129620F,VAG
Фильтр воздуха Audi 80 A100 VW Golf1/2 Pass1/2 Polo Derbi Scoda Felicia,77643802,KEMP,056129620,VAG
Крышка бака VWTransporter 79-92 (с ключем),77643994,KEMP,251201551C,VAG
Тяжка выбора передачь кпп VW Golf-2 84-91 (195мм),77643995,KEMP,191711574AD,VAG
"Щетки дворников  VW/Audi, Ford, Opel, Mersedes, BMW  400 mm",7764400,KEMP,357955427,VAG
Крышка бака VW/Audi 86-99 (с ключем),77644250,KEMP,191201551A,VAG
Форсунка омывателя фар Audi A6 97-02,77644284,KEMP,4B0955102,VAG
Форсунка омывателя фар Audi Q5 левая,77644285,KEMP,8R0955101,VAG
Форсунка омывателя фар Audi Q5 правая,77644286,KEMP,8R0955102,VAG
Форсунка омывателя фар Audi A6 08-11 левая,77644287,KEMP,4F0955101B,VAG
Форсунка омывателя фар Audi A6 08-11 правая,77644288,KEMP,4F0955102B,VAG
Форсунка омывателя фар Audi A6 04-11 левая,77644289,KEMP,4F0955101,VAG
Форсунка омывателя фар Audi A6 04-11 правая,77644290,KEMP,4F0955102,VAG
Форсунка омывателя фар Audi A6 11- левая,77644291,KEMP,4G0955101,VAG
Форсунка омывателя фар VW Passat 05-10 левая,77644293,KEMP,3C0955103,VAG
Форсунка омывателя фар VW Passat 05-10 правая,77644294,KEMP,3C0955104,VAG
Форсунка омывателя фар Audi A4 08- левая,77644295,KEMP,8K0955101A,VAG
Форсунка омывателя фар Audi A4 08- правая,77644296,KEMP,8K0955102A,VAG
Форсунка омывателя фар VW Golf 08-,77644297,KEMP,5K0955978A,VAG
Форсунка омывателя фар VW Passat CC  L,77644298,KEMP,3C8955103,VAG
Трос газа VW Passat 87-96г.,77644322,KEMP,3A1721555,VAG
Трос газа VW Golf 2 Jetta 2,77644323,KEMP,191723555,VAG
Тросс капота VW Golf 2 Jetta2,77644326,KEMP,192823531D,VAG
Болт натяжного ролика VW,77644375,KEMP,N10675602,VAG
Резинка крепления глушителя VW/Audi Seat Toledo,77644510,KEMP,191253147A,VAG
Резинка крепления глушителя VW/Audi 96->,77644514,KEMP,1J0253144G,VAG
Резинка крепления глушителя VW Passat B5 Audi A4 A6 96->,77644537,KEMP,8D0253144,VAG
Резинка крепления глушителя VWGolf3 Transporter T4,77644546,KEMP,1H0253144C,VAG
Резинка крепления глушителя VW/Audi Opel,77644560,KEMP,323253147,VAG
Резинка крепления глушителя VW/Audi Opel,77644561,KEMP,323253147B,VAG
Ст/подъемник мех передний VWPas. B3-B4 88-96 --L,77644595,KEMP,3A0837401B,VAG
Ст/подъемник мех передний VWPas. B3-B4 88-96 --R,77644596,KEMP,3A0837402B,VAG
Резинка крепления глушителя VW/Audi Skoda Seat,77644610,KEMP,6X0253147,VAG
Резинка крепления глушителя VWTransporter T5,77644616,KEMP,7H0253144A,VAG
Резинка крепления глушителя VW Passat Golf Audi A3- A6 00-> (с кронштейном),77644629,KEMP,1J0253144J,VAG
Резинка крепления глушителя VW/Audi,77644702,KEMP,823253147A,VAG
Тяжка выбора передачь кпп VW Golf-2 84-91 (73.5мм),7764487,KEMP,191711595A,VAG
Резинка крепления глушителя VW Polo Golf Skoda Octavia Fabia (с кронштейном),77644969,KEMP,1J0253144,VAG
Форсунка омывателя фар VW Passat CC  R,77645159,KEMP,3C8955104,VAG
Сепоратор обратки железный VW /Audi,7764523,KEMP,026127177B,VAG
Фильтр воздуха   VW T5,77645337,KEMP,7H0129620,VAG
Корпус замка зажигания Audi-A4:A6 VW Passat B5 95-,77645735,KEMP,4D0905851,VAG
Корпус замка зажигания Audi-100 91-94,77645741,KEMP,4A1905851,VAG
"Корпус замка зажиганияVW Golf,Passat Pollo  88-00",77645743,KEMP,357905851F,VAG
Фильтр воздуха VW Golf 4 Borra Scoda Octavia 364*185,7764589,KEMP,1J0129620A,VAG
Фильтр воздуха Audi 100 84-91/Polo/VW T2,7764590,KEMP,021129620,VAG
Фильтр воздуха А-4/А-6 В-5 254*213*57,7764591,KEMP,058133843,VAG
Фильтр воздуха 280*186*42,7764592,KEMP,1L0129620B,VAG
"Кольцо глушителя VW Golf,Passat, Transport сетка",7764595,KEMP,161298115,VAG
Корпус замка зажигания Audi-100,7764599,KEMP,441905851,VAG
Ст/подъемн VW Golf 2 88- мех. передн.  R,7764678,KEMP,191837402B,VAG
"Тросс спидометра VW  Golf-2 1,6-1,8",7764732,KEMP,191957803A,VAG
"Щетка дворников VW/Audi, Ford, Opel, Mersedes, BMW  550mm",7764747,KEMP,3397118902,Bosch
Фильтр масла для АКПП VW Audi  06->,77647727,KEMP,02E325429,VAG
Фильтр масла для АКПП VW Audi  Q7 06-10,77647737,KEMP,0AT325429,VAG
"Щетка дворников VW/ Audi, Ford, Opel, Mersedes, BMW 450 mm",7764775,KEMP,337002408,ATY
"Фильтр масла для АКПП 7ст, VW Audi  09->(гидрофильтр)",77647773,KEMP,0BH325183B,VAG
Фильтр воздуха  VW Touareg 3.0-4.2 Porsc Cayenne 3.0-4.8  10->,77647819,KEMP,7P0129620,VAG
Фильтр Салона угольный Audi A4 A6 Allroad 00-> 300*205*30,77647820,KEMP,4B0819439C,VAG
Тяжка выбора передачь кпп VW Golf-2 84-91 (86мм),7764910,KEMP,191711595,VAG
Амортизатор передний Opel Vektra C  02->г.  L.газ,77642031,KEMP,290218,Sachs
Амортизатор передний Opel Vektra C  02->г.  R.газ,77642032,KEMP,290219,Sachs
Амортизатор задний Opel Astra G  SED.HB  газ .,77642033,KEMP,230586,Sachs
Амортизатор задний Opel Omega B 94-03 седан  газ,77642187,KEMP,105842,Sachs
Амортизатор передний Opel Omega 86-94  L/R газ,77642193,KEMP,312286,Sachs
Вкладыш передний аморт  Opel Record E 82-86г. масло,77642337,KEMP,100321,Sachs
Амортизатор задний Opel Vektra B 95- 02г.  газ,77642338,KEMP,105299,Sachs
Амортизатор передний Opel Vektra B 95- 02г.  L.газ,77642339,KEMP,312317,Sachs
Амортизатор  крышки багажника Opel Astra F caravan 91-98 508-200mm 600N,77642762,KEMP,90341378,General Motors
Амортизатор  крышки багажника Opel Astra G H/B 98-> 537-205mm430N,77642763,KEMP,90521517,General Motors
Амортизатор  крышки багажника Opel Kadet E caravan 84-91 700-257mm 610N,77642966,KEMP,132706,VAG
Амортизатор  крышки багажника Opel Kadet E caravan 84-91 700-260mm 330N,77642993,KEMP,132711,Opel
Амортизатор  крышки багажника Opel Omega A универсал 511-199mm 530N,77643436,KEMP,132709,Opel
Амортизатор  крышки багажника Opel Omega B94-03 439-158mm 350N,77643437,KEMP,90379054,General Motors
Вкладыш передний аморт Opel Ascona -85  масло,7764350,KEMP,100390,Sachs
"Амортизатор задний Opel Kadett,Daewo Esp.93-99,Lan.97-,Nex.95-  газ",77643501,KEMP,105791,Sachs
"Вкладыш передний аморт Opel Kadett-92 Daewo Espero, Lanos, Nexia  газ",7764351,KEMP,100678,Sachs
Амортизатор задний Opel Vektra C  02->г.  газ,7764352,KEMP,300062,Sachs
Амортизатор  крышки багажника Opel Omega 91-94 180N  20-37см,77643543,KEMP,90273102,Fiat/Alfa/Lancia
Амортизатор  крышки багажника Opel Astra F H/B 91-98 591-237mm 350N,77644786,KEMP,90341282,General Motors
Амортизатор  крышки багажника Opel Astra G H/B 98-> 535-215mm480N,77644788,KEMP,132741,Opel
Амортизатор  крышки багажника Opel Astra G Caravan 98-> 573-226mm520N,77644789,KEMP,132739,Opel
Амортизатор  крышки багажника Opel Astra H H/B 04-> 425-165mm450N,77644790,KEMP,132743,General Motors
Амортизатор  крышки багажника Opel AstraH Caravan 04-> 473-184mm570N,77644791,KEMP,132757,General Motors
Амортизатор  крышки багажника Opel Vectra A 473-184mm 530N,77644792,KEMP,90227934,Opel
Амортизатор  крышки багажника Opel Kadet E H B 84-91 549-222mm 410N,77644793,KEMP,132703,Opel
Амортизатор  крышки багажника Opel Kadet E Caravan 84-91 699-257mm610N,77644794,KEMP,90159629,General Motors
Амортизатор  крышки багажника Opel Kadet E Caravan 87-91 700-257mm 320N,77644795,KEMP,90241995,General Motors
Амортизатор  крышки багажника Opel Vectra B 98-02 470-182mm 600N,77644797,KEMP,132681,Opel
Амортизатор передний Opel Omega 86-94 R  масло,77645051,KEMP,312283,Sachs
"Вкладыш передний аморт Opel Kadett-92 Daewo Espero, Lanos, Nexia  масло",7764606,KEMP,100338,Sachs
Вкладыш передний аморт Opel Astra F 91-99  масло,7764607,KEMP,115259,Sachs
"Амортизатор задний Opel Kadett -94, Daewo Esp. 93-99, Lan.97-, Nex.95-97",7764609,KEMP,105790,Sachs
Амортизатор передний Opel Omega 86-94 L  масло,7764613,KEMP,312282,Sachs
Амортизатор передний Opel Insignia L 08->газ .,77647305,KEMP,315437,Sachs
Амортизатор передний Opel Insignia R 08->газ .,77647306,KEMP,315438,Sachs
Амортизатор задний Opel Kadet caravan 79-91 Astra  масло,7764754,KEMP,105719,Sachs
Амортизатор передний Opel Astra G  R газ,7764759,KEMP,230574,Sachs
Амортизатор передний Opel Astra G   L газ,7764760,KEMP,230575,Sachs
Амортизатор передний Opel Corsa C Combo Meriva 00-10  R газ,77648228,KEMP,290385,Sachs
Амортизатор передний Opel Corsa C Combo Meriva 00-10  L газ,77648229,KEMP,290386,Sachs
Амортизатор задний Opel Omega  A Comdi  газ,77648235,KEMP,112058,Sachs
Помпа O.Kadet E.Vectra A..1.4-1.6I 86-93 г. P388,77641219,KEMP,1334024,General Motors
Помпа O.Kadet E.Vectra A.Comdo.1.4-1.6I 86-96 г.,77641220,KEMP,93302485,General Motors
Термостат с корпусом Opel Vectra Omega 1.8-2.0 86-95г.,77641234,KEMP,1338049,General Motors
Мотор печки Opel Astra F AC- Vectra A AC+,77643065,KEMP,1845057,General Motors
Мотор печки Opel Corsa B Tigra  AC+,77643066,KEMP,1618105,General Motors
Мотор печки Opel Omega B 94-03,77643067,KEMP,1808093,General Motors
Мотор радиатора  Opel Vectra B AC+ 95-02 (без рамки),77643337,KEMP,1341262,Ford
Мотор радиатора  Opel Kadet E 88-91/Omega B/Vectra А 94-01,77643338,KEMP,1341309,General Motors
Мотор радиатора  Opel Combo/Corsa/Tigra AC+ (305mm) 94->,77643354,KEMP,1341307,General Motors
Термостат Opel Vectra Ascona Kadet 1.3-1.6i 87 C.,77644035,KEMP,036121113B,VAG
Мотор радиатора  Opel Kadet E 88-91/Astra F/Omega B/Vectra А 94-01 280мм,7764408,KEMP,0130303243,Bosch
Мотор радиатора  Opel Astra H Zafira B AC+ (315mm) 09->,77644707,KEMP,0130303302,Bosch
Мотор радиатора  Opel Astra H АКПП AC+ (315mm) 07->(без дифузора без рез.),77644708,KEMP,0130303303,Bosch
Мотор радиатора  Opel Astra G Zafira A(390mm) 98->(с дифузорм и реостатом),77644712,KEMP,1314538,General Motors
Мотор радиатора  Opel Astra G Zafira A 1.6-2.2 16V(390mm) 98->(с дифузорм и реос,77644713,KEMP,1341299,General Motors
Мотор радиатора  Opel Vectra B 1.6-2.2 16V 95-02 (без рамки),77644716,KEMP,1341264,General Motors
Мотор радиатора  Opel Vectra B2.02.2DTI 16V 95-02 (315mm) (без рамки),77644717,KEMP,1341313,General Motors
Мотор радиатора  Opel Astra G Zafira A 1.2-1.8(390mm) 98->(без дифузора с рез.),77644718,KEMP,1341344,General Motors
Мотор радиатора  Opel Astra G Zafira A1.7CDTI 2.2 16V(390mm) 98->(без дифузора с,77644719,KEMP,1341346,Opel
Мотор печки Opel Vectra B AC-,77644721,KEMP,1845066,Opel
Мотор радиатора  Opel Astra G Zafira A(315mm) 98- AC+ (с дифузорм и реостатом),77644744,KEMP,9132916,General Motors
Крышка расширительного бачка Opel 1.2 bar.(Жолтая),77644927,KEMP,1304666,General Motors
Крышка расширительного бачка Opel 1.2 bar.(Жолтая),77644951,KEMP,90467473,General Motors
Мотор радиатора  Opel Astra G Zafira A1.7CDTI 2.2 DTI 16V(315mm) 98->,77645001,KEMP,24431830,Opel
Мотор радиатора  Opel Vectra B 1.6-2.2 16V 95-02 (с дифузором),77645037,KEMP,52464705,General Motors
Мотор радиатора  Opel Astra G Zafira A(390mm) 98->(без дифузора с реостатом),77645047,KEMP,,General Motors
Помпа Opel Omega AB Vectra A Kadet E Astra F 1.8-2.0,77645364,KEMP,1334054,General Motors
Мотор радиатора  Opel Corsa D Fiat Punto 08-> 390mm 240W,77647216,KEMP,51797135,Fiat/Alfa/Lancia
Мотор радиатора  Opel Corsa D 1.3CDTI 1.6Turbo 1.7CDTI 06-> 405mm 440W,77647217,KEMP,1341399,General Motors
Мотор радиатора  Corsa Classic  2011 (без дифузора),77647255,KEMP,5020627,Ford
Мотор радиатора Opel Vectra C Signum (без дифузора),77647256,KEMP,1341362,General Motors
Мотор печки Opel Vectra C Signum AC+/- 02->,77647430,KEMP,1845080,General Motors
Мотор радиатора  Opel Astra H Zafira B AC+ (1.3-1.9CDTi  04-11 315mm,77648859,KEMP,13147279,General Motors
Мотор радиатора  Opel Combo/Corsa/Tigra 94-01,7764955,KEMP,0130303244,Bosch
Мотор радиатора  Opel Kadet  88-91/ASTRA F/VECTRA.A -96 1.4 1.6,7764968,KEMP,1341244,General Motors
Радиатор  Opel Kadet 1.6-1.8-2.0 630*320,7764127,KEMP,1302029,Opel
"Радиатор Оpel Astra G 98-10 1,2 (1.2-1.6 Укр. сборки)600*377 AC+ конд. АКП",77642005,KEMP,9119481,General Motors
Радиатор Opel Vectra 1.6  525*320 АКП,77642037,KEMP,1300088,Opel
"Радиатор Opel Vectra 2,0  617*375 АКП AC+",77642039,KEMP,1300135,General Motors
"Радиатор Opel Vectra 2,0  617*375   AC+ мех.",77642040,KEMP,1300107,Opel
"Радиатор Оpel Аstra G 1.4-1.6-1.8-2,0 АКП АС- 540*378",77642107,KEMP,1300187,Opel
"Радиатор Opel Vectra 2,0  АКПП  540*375",7764213,KEMP,1300090,Opel
"Радиатор  Opel Kadet 1,5 TDS1.7 D TD 530*350",77642222,KEMP,1300103,Opel
Радиатор  Opel Corsa C. Combo 1.4-1.8 00г.->540*358,77642226,KEMP,1300237,Opel
Радиатор  Opel Corsa C. Combo 1.4-1.8 00г.->540*350 АКП.,77642227,KEMP,1300239,Opel
Радиатор  Opel Combo 1.4 Corsa BTigra 1.4-1.6 16V 93-00г. 680*278 АКП.,77642232,KEMP,1300153,Opel
Радиатор  Opel Combo 1.4 Corsa BTigra 1.4-1.6- 16V 93-00г. 680*278 мех.,77642233,KEMP,1300152,Opel
"Радиатор Оpel Astra  F 1,6-2.0i АКП AC+ 593*359",77642234,KEMP,1300109,Opel
"Радиатор Оpel Astra  F 1,6-2.0i мех. AC+/- 590*365",77642235,KEMP,1300116,Opel
Радиатор печки  Opel Astra G Zafira 210*180*32 система BEHR,77642295,KEMP,1618142,Opel
Радиатор печки  Opel Combo Corsa C 170*160*42 00->,77642296,KEMP,1618222,Opel
Радиатор печки  Opel Astra G Zafira 210*180*25 (метал),77642297,KEMP,1618134,Opel
Радиатор Оpel Astra  H 1.2-1.8 600*370  04->АКП,77643020,KEMP,1300265,Opel
Радиатор Оpel Astra G Twin Port Astra H 1.6-1.8 04-> 600*370,77643021,KEMP,1300266,Opel
Радиатор Opel Omega A 1.8-2.0 86-94г. мех.400*495 с заливной горловиной,77643022,KEMP,1300010,Opel
Радиатор Opel Omega A 1.8-2.0 86-94г. АКПП 400*495 с заливной горловиной,77643023,KEMP,1300012,Opel
Радиатор печки  Opel Vectra B 95-02 AC + кондиционер,77643037,KEMP,1618110,Opel
Радиатор Opel Meriva 1.7 DTI 03->,77643039,KEMP,1300254,Opel
"Радиатор Opel Omega B 2,0-3,0 95-00 мех 653*460*34 плоские соты",77643382,KEMP,52464745,Opel
"Радиатор Opel Omega B AC+ 2,5-3,0 АКП 95-00 653*460*42 плоские соты",77643383,KEMP,52463050,Opel
Радиатор Opel Omega A 1.8-2.0 86-94г. мех.400*495 без заливной горловины,77643500,KEMP,90280691,Opel
Радиатор печки  Opel Vectra B 95-02,77643585,KEMP,1843107,Opel
Радиатор кондиционера Opel Vectra B 1.6-2.0  590*375  95-01(без осушителя),77643722,KEMP,1850062,Opel
Радиатор кондиционера Opel Vectra C Signum  03-> 630*410(без осушителя),77643731,KEMP,1850083,Opel
Радиатор кондиционера Opel Omega B 94-03 665*425(без осушителя),77644351,KEMP,1850028,Opel
Радиатор печки  Opel Omega B  94 -03  240*158,77644377,KEMP,1618026,Opel
Радиатор кондиционера Opel Astra J 1.3-2.0 Zafira Cruze  570*396  (с осушителем),77644407,KEMP,13267648,Opel
Радиатор кондиционера Opel Astra J CDTI Cruze  635*359(с осушителем),77644426,KEMP,1850135,Opel
"Радиатор  Opel Kadet 88-91 1,3-1,4i-1.6i 525*320",7764481,KEMP,1300099,Opel
Радиатор  Opel Combo 1.4 Corsa BTigra 1.2-1.6-  93-00г. 530*285мех.,77645133,KEMP,1300149,Opel
Радиатор Opel Vectra B 2.5 2.6 V6  608*359 АКП AC+,77645214,KEMP,1300161,Opel
Радиатор Opel Vectra B 2.5 2.6 V6  608*359 мех. AC+,77645215,KEMP,1300181,Opel
Радиатор Оpel Astra H 1.3 1.7 1.9 CDTi мех AC+/- 600*368 04->,77645219,KEMP,1300271,Opel
Радиатор Opel Vectra C Signum 2.0-3.2 мех. AC+ 650*415*26,77645233,KEMP,1300246,Opel
Радиатор Opel Omega A 1.8-2.0 86-94г. АКП400*495 без заливной горловины,77645235,KEMP,1300131,Opel
"Радиатор  Opel Ascona C 1,3-1.8 АКП 530*415",77645238,KEMP,1302194,Opel
Радиатор Оpel Astra G 98-10 акп + кондицион  600*375,7764540,KEMP,1300196,Opel
"Радиатор Оpel Astra  F 1,4-1,6 АКП 525*328 AC-",77645938,KEMP,1300115,Opel
Радиатор Оpel Astra  H 1.6-1.8 600*370  04->АКП,77645939,KEMP,1300285,Opel
"Радиатор Оpel Astra J  Cevrolet Cruz 1,6 АКП AC+/- 580*388 09->",77645940,KEMP,13267652,Opel
Радиатор Оpel Astra J Zafira C  Cevrolet Cruz1.7;D-CDTI мех AC+/- 680*388 09->,77645942,KEMP,1300298,Opel
Радиатор Opel Corsa D 1.3 1.7 CDTI06-> Combo 1.6 2.0 CDTI 2012->,77645953,KEMP,1300329,Opel
Радиатор кондиционера Opel Corsa D Fiat Bravo2 Punto 08-> 665*297 (с осушителем),77646207,KEMP,1850158,Opel
Радиатор  Opel Corsa C 1.0-1.4  Combo 1.4 16V 1.6 00-    538*368,77646571,KEMP,1300236,Opel
Радиатор  Opel Adam Corsa D 1.2-1.4   10-> AC+/- 540*375,77646573,KEMP,1300312,Opel
"Радиатор Opel Omega B 2,0 95-00 АКПП AC- 538*371",77646574,KEMP,52463044,Opel
Радиатор  Opel Corsa D 1.0-1.4   12-> 622*416,77646598,KEMP,1300337,Opel
Радиатор  Opel Kadet 1.6-1.8-2.0 АКП 630*320,77646748,KEMP,1302030,Opel
Радиатор кондиционера Opel Corsa Combo 93-02,77647261,KEMP,1618046,Opel
Радиатор кондиционера Opel Vectra C Signum 1.9-2.2DTI CDTI 05-> 660*411,77647267,KEMP,24418363,Opel
Радиатор Opel Vectra C Signum 2.0-3.2 мех. AC+ 650*415*32,77647437,KEMP,1300245,Opel
Радиатор кондиционера Opel Corsa B Combo 93-01 600*305,77647897,KEMP,1850051,Opel
Радиатор Opel Meriva 1.6 1.8 03->608*359,77647986,KEMP,1300413,Opel
"Радиатор Оpel Astra  F 1,7 TD 94-99 г. 504*349",77648054,KEMP,6302011,Opel
"Радиатор Opel Vectra B АКПП 1,6-2,0 95-00 537*360",7764809,KEMP,1300158,Opel
"Радиатор Opel Vectra B механика 1,6-2,0 95-00 537*361",7764810,KEMP,90528302,Opel
"Радиатор Opel Vectra B АКПП 1,6-2,0 ac+(c кондиционером)95-00 608*360",7764811,KEMP,1300160,Opel
"Радиатор Opel Vectra B механика 1,6-2,0 ac+(c кондиционером)95-00 608*361",7764812,KEMP,52479098,Opel
"Радиатор  Opel Corsa C 1,8, 1,7 d  Combo 1.7DTI 00-    600*368",7764813,KEMP,1300233,Opel
Радиатор кондиционера Opel Astra H  Zafira B Turbo 04-> 587*380,77648524,KEMP,1850098,Opel
Радиатор  Opel Combo 1.4 Corsa BTigra АКПП 1.2-1.6-  93-00г. 530*285,77648647,KEMP,1300150,Opel
"Радиатор  Opel Ascona C Kadet D 1,3- 530*285",77648648,KEMP,1302189,Opel
"Радиатор интеркулер Opel Vectra C Signum 1,9 CDTI Fiat Croma 1.9 D 04>M/T",77648671,KEMP,12765753,General Motors
Радиатор интеркулер  Opel Corsa D 1.3 CDTI (OM DTS) 06->,77648678,KEMP,6302080,Opel
Радиатор интеркулер  Opel Corsa D 1.3 CDTI(OM DTJ)_  06->,77648680,KEMP,55702004,Opel
"Радиатор Opel Omega B 2,0-3,0 95-00 мех 653*460*34",7764924,KEMP,1300165,Opel
"Радиатор Оpel Astra G 98-10 1,2 (1.2-1.6 Украинской сборки)600*377 AC+ конд.",7764926,KEMP,1300195,Opel
Радиатор печки  Opel Vectra A Calibra  88-95 AC + кондиционер,7764975,KEMP,1843106,Opel
Подшипник ступицы передний Opel Astra f/Vektra92- 37*66*34,77641352,KEMP,1603195,General Motors
Ступица передняя Opel Astra F Vectra B Calibra 1.7TD- 2.0,77642068,KEMP,326194,JP Group
Подшипник ступицы передний Opel Kadett E  1.3-1.6 /VW Golf-1- 37*64*34,7764360,KEMP,90279331,FAG
"Подшипник ступицы передний Opel Kadet E 85-91 1,6-2,0 BMW 37*72*39",7764366,KEMP,1603191,General Motors
Ступица передняя Opel Omega A Senator B,77643842,KEMP,713644540,FAG
"Подшипник ступицы Opel OmegaA,B caravan, BMW задн.74*37*45",7764457,KEMP,VKBA1326,SKF
Подшипник верхний опорный Opel Omega A Senator B,77644747,KEMP,90121275,General Motors
Ролик натяжной поликлинового ремня Opel Astra G  Vectra C Zafira 1.6 16V 1.8,77644873,KEMP,1340555,General Motors
Ролик паразитный ремня ГРМ  Opel Astra F:G Vectra B:C  1.4-1.8 16V(23*63),77644876,KEMP,5636426,General Motors
Ролик паразитный ремня ГРМ  Opel Astra F:Omega B Vectra A:B 16V,77644881,KEMP,9128738,General Motors
Ролик натяжения  ремня ГРМ  Opel Astra F: G Vectra A Kadet E 1.4 1.6i (19*59),77644884,KEMP,90499401,General Motors
Ролик натяжения  ремня ГРМ  Opel Astra F:G Vectra A:B 1.7D 1.8-2.0 16V,77644886,KEMP,90411774,General Motors
Ролик натяжения  ремня ГРМ  Opel Astra G:H Vectra B:C 1.4-1.816V 98->,77644888,KEMP,90530123,General Motors
Ролик(безмеханизма) поликлин. ремня Opel Astra  Vectra Zafira 16-2.0 16V (26*70),77644894,KEMP,90500229,Opel
Ступица передняя Opel Astra G (без ABS),77644955,KEMP,1603208,General Motors
Ступица задняя Opel Astra F;G Combo 05->(без ABS),77644956,KEMP,9120129,General Motors
Ступица задняя Opel Astra G Vektra B(c ABS 5отверстий),77644957,KEMP,9119931,General Motors
Ось задней ступици Opel Corsa A;B Tigra ->00,77644978,KEMP,0418122,General Motors
Ролик натяжения ГРМ  Opel Ascona/Kadett D,7764537,KEMP,90180131,General Motors
Ступица задняя Opel Astra H (c ABS 4 отв),77645720,KEMP,VKBA3652,SKF
Ступица задняя Opel Astra H Meriva B Zafira B (c ABS 5 отв),77645721,KEMP,VKBA3653,SKF
Ступица передняя Opel Vektra B 95-03,7764648,KEMP,326195,General Motors
"Ступица передняя Opel Vektra/Ascona/Astra 81-98 1,2-1,6",7764649,KEMP,96176252,General Motors
"Ступица передняя Opel Vektra/Kadett/Astra 81-98 1,6-2,0",7764650,KEMP,326184,Opel
Подшипник ступицы передней Opel  Corsa D 1.0-1.4 06-> 35*72*33,77647562,KEMP,93188889,General Motors
Подшипник Opel VektraB/Astra(пер)/OmegaB(зад)Chevrolet Lacetti 74*39*39,77647570,KEMP,90425658,General Motors
Подшипник ступицы передней Opel Combo Corsa Tigra  01- 37*34*67,77647613,KEMP,803775,FAG
Подшипник ступицы передний Opel Astra f/Vektra92- 37*66*34,77647621,KEMP,1603195,General Motors
Подшипник ступицы передний Opel Kadett E  1.3-1.6 /VW Golf-1- 37*64*34,77647622,KEMP,90279331,General Motors
Ступица задняя Opel  Corsa D 05-> (5 отв),77648041,KEMP,VKBA6553,SKF
Ступица передняя Opel Astra H ZafiraB (с ABS 5 отв),77648043,KEMP,VKBA6506,SKF
Ступица задняя Opel  Corsa D 05-> (4 отв),77648047,KEMP,VKBA6552,SKF
Подшипник ступицы задний Opel Corsa C Tigra 00-> 27*53*43,77648100,KEMP,VKBA3601,SKF
Подшипник ступицы задний Opel Corsa C Tigra 00-> 27*53*43,77648188,KEMP,VKBA3601,SKF
Ступица задняя Opel  Corsa D 05-> (4 отв),77648195,KEMP,VKBA6552,SKF
Ступица задняя Opel  Vektra C Signum (c ABS),77648197,KEMP,VKBA3624,SKF
Ступица передняя Opel Astra H ZafiraB (с ABS 5 отв),77648203,KEMP,VKBA6506,SKF
Ступица передняя Opel Astra H ZafiraB 1.2-1.8  (с ABS 5 отв),77648204,KEMP,VKBA6688,SKF
"Ручка  Opel Askona ,Kadett 78-83 передн. L (железная)",77641583,KEMP,130116,General Motors
"Ручка  Opel Askona ,Kadett 78-83 передн. R (железная)",77641584,KEMP,130117,General Motors
Ручка двери внутренняя Opel Vectra 88-95передняя R,77643988,KEMP,134366R,Opel
Ручка двери внутренняя Opel Vectra 88-95передняя L,77643989,KEMP,134366L,Opel
"Ручка  Opel Askona ,Kadett 78-83 передн. R (пластик)",77645276,KEMP,130117,General Motors
Ручка  Opel Astra F Vectra A передн. L,77646634,KEMP,90434958,General Motors
Стойка стабилизатора Opel Vectra A Astra F 1.8-2.0 87-93г. 22mm,77641235,KEMP,90278579,General Motors
Шаровая опора Opel Kadet Lanos Nex.Esp,77641879,KEMP,1603164,General Motors
Шаровая опора Opel Vectra A Astra F,77641880,KEMP,1603167,General Motors
Шаровая опора Opel Omega A Senator B пер L,77641882,KEMP,352826,General Motors
Шаровая опора Opel Omega A Senator B пер R,77641883,KEMP,352827,General Motors
Стойка стабилизатора Opel Omega A Senator B,77641884,KEMP,350605,General Motors
Стойка стабилизатора передняя Opel Astra G Astra H Zafira,77641886,KEMP,350611,General Motors
Пружина задняя Opel Omega A/B car. (прог.завивка)с утоншением,77641946,KEMP,774355,K+F
Пружина задняя Daewoo Lanos Opel Kadet d15.1 h255mm  (прог.завивка)с утоншением,77641947,KEMP,774412,K+F
Пружина задняя Opel Vectra A 88-95г. 9/15/9*254(прог.завивка)с утоншением,77642077,KEMP,774330,K+F
Пружина задняя Opel Astra F Kadett E караван d15h265mm.,77642085,KEMP,774454,K+F
Пружина задняя Opel Omega A сед.усил. d16.1h285mm.(прог.завивка)с утоншением,77642087,KEMP,424331,K+F
Пружина передняя Opel Astra G  12.8*330mm.,77642088,KEMP,774267,K+F
Пружина задняя Opel Omega A сед.16*275mm,77642089,KEMP,77433700,K+F
Пружина задняя Opel Astra F SED/HB 91-98г.,77642253,KEMP,4263410,Lesjofors
Пружина задняя Opel Astra F Kadett E караван,77642254,KEMP,4263408,Lesjofors
Пружина задняя Opel Omega B сед.94-03  15.2*246mm,77642255,KEMP,4263426,Lesjofors
Пружина задняя Opel Vectra A 88-95г.,77642256,KEMP,77433000,K+F
Пружина задняя Opel Omega A B car.с постоянным диам. 16.2*280mm,77642268,KEMP,4263431,Lesjofors
Пружина задняя Opel Astra G HB/SED.,77642343,KEMP,77427200,K+F
Пружина задняя Opel Astra G 1.8 16V 2.2 HB/SED.,77642344,KEMP,77427400,K+F
"Пружина передняя Opel Omega B 2,0 R 94-99г.",77642345,KEMP,77428200 R,K+F
Пружина передняя Opel Vectra B Zafira 2.0DTI-2.6V6 96-03г.,77642346,KEMP,774284,K+F
"Пружина передняя Opel Omega B 2,0 d14h365mm.",77642347,KEMP,774287,K+F
Пружина передняя Opel Omega B 2.2-2.6 L,77642348,KEMP,77428800,K+F
Пружина задняя Opel Astra G универсал,77642349,KEMP,77429100,K+F
"Пружина задняя Opel Astra G универсал 1,7TD-2.2DTI  11.7*300mm",77642350,KEMP,77429200,K+F
Пружина задняя Opel Vectra B HB/SED 95-03г.,77642351,KEMP,77429300,K+F
Пружина задняя Opel Vectra B универсал 95-03г.  10.7*360mm.,77642352,KEMP,774295,K+F
Пружина передняя Opel Omega B 2.2-2.6 R,77642353,KEMP,77430600,K+F
Пружина задняя Opel Omega A B car.усиленная,77642355,KEMP,774336,K+F
Пружина задняя Opel Astra F Kadett E караван,77642356,KEMP,77441800,K+F
"Пружина передняя Opel Vectra A 88-95г.1,7D-2.0",77642357,KEMP,77444400,K+F
Пружина задняя Opel Astra F SED/H .усиленная,77642358,KEMP,77445400,K+F
Пружина передняя Opel Omega A 1.8-2.4 L,77642359,KEMP,774460 L,K+F
Пружина передняя Opel Omega A 1.8-2.4 R,77642360,KEMP,774461R,K+F
Пружина передняя Opel Astra G12.5*340,77642432,KEMP,4063458,Lesjofors
Шаровая опора Opel Movano Renault Master 2  верхняя,77642469,KEMP,7700312851,Renault (RVI)
Шаровая опора Opel Corsa B Combo Tigra 94-00,77642471,KEMP,90542574,General Motors
Стойка стабилизатора Opel Vectra A Astra F 88-97,77642478,KEMP,4544599,General Motors
Стойка стабилизатора переднего Opel Vivaro Renault Trafic 2 Laguna 2,77642480,KEMP,4408904,General Motors
Шаровая опора Opel Vivaro Renault Trafic Laguna 2 Opel Vivaro нижняя   ->06г,77642504,KEMP,4408958,General Motors
Шаровая опора Opel Movano Renault Master 2 Opel Movano нижняя ->2006,77642592,KEMP,4401909,General Motors
Шаровая опора Opel Corsa C Combo Tigra 00->,77642667,KEMP,OP-BJ-0812,Moog
Шаровая опора Opel Kadet Lanos Nex.Esp,77642668,KEMP,OP-BJ-5375,Moog
Шаровая опора Opel Movano Renault Master 2  верхняя,77642671,KEMP,RE-BJ-2098,Moog
Стойка стабилизатора Opel Vectra A Astra F 88-97,77642684,KEMP,OP-DS-5574,Moog
Стойка стабилизатора Opel Omega B,77642685,KEMP,OP-LS-5575,Moog
Стойка стабилизатора переднего Opel Vivaro Renault Trafic 2 Laguna 2,77642688,KEMP,RE-LS-2095,Moog
Рычаг (с шаровой) передней Opel Kadet Daewoo Lanos Nex.Espero L,77642694,KEMP,OP-WP-5570,Moog
Рычаг (с шаровой) передней Opel Kadet Daewoo Lanos Nex.Espero R,77642695,KEMP,OP-WP-5571,Moog
Рычаг подвески передней Opel Vectra A Astra F L  (с шаровой),77642811,KEMP,0352076,Opel
Рычаг подвески передней Opel Vectra A Astra F R (с шаровой),77642812,KEMP,0352077,Opel
Пружина задняя Daewoo Lanos Opel Kadet,77642978,KEMP,77642978,General Motors
Стойка стабилизатора Opel Vectra A Astra F 1.4-2.0 87-93г. 18mm,77643040,KEMP,0350261,General Motors
Шаровая опора Opel Vivaro Renault Trafic Nissan Primastar 06-> нижняя,77643641,KEMP,4431869,General Motors
Пружина задняя Opel Astra H 04-> 12*290,77644216,KEMP,4263455,Lesjofors
"Пружина передняя Opel Omega B 2,0",77644217,KEMP,4063442,Lesjofors
Пружина передняя Opel Astra G Vectra B 2.0-2.2 TDI  12.8*330mm,77644218,KEMP,4063453,Lesjofors
Пружина задняя Opel Vectra A 88-95г.  13.5*230mm,77645836,KEMP,424345,Opel
Пружина передняя Opel Kadet E 84-91,77647638,KEMP,4063411,Lesjofors
Пружина задняя Opel Astra G универсал (прог.завивка),77647659,KEMP,4263466,Lesjofors
Пружина передняя Opel Vectra C 03->,77647667,KEMP,4063491,Lesjofors
Пружина задняя Opel Vectra C,77647669,KEMP,4263460,Lesjofors
Пружина передняя Opel Astra H 04->,77647674,KEMP,4063479,Lesjofors
Пружина передняя Opel Omega A 2.3 D/TD 2.4-3.0i,77647676,KEMP,77446200,K+F
Пружина задняя Opel  VIVARO Renault Trafic 01->;06-> 18*300 (с переменной жост.),77648242C,KEMP,4263462,Lesjofors
Подушка верхняя опорная Opel Kadet E,77641684,KEMP,0344509,General Motors
Сайлентблок рычага переднего Opel Kadet E Daewo Lanos (зад.),77641685,KEMP,0352335,General Motors
Подушка двигателя Opel Kadet Nexia Lanos задняя,77641838,KEMP,90372462,General Motors
Сайлентблок задней балки Opel Kadet Daewo Lanos,77642112,KEMP,90189050,General Motors
Сайлентблок рычага переднего Opel Omega A(вертикальный),77642113,KEMP,90373854,General Motors
Подушка верхняя опорная Opel Kadet E,77642816,KEMP,0344508,Opel
Сайлентблок рычага переднего Opel Omega A(вертикальный),77643041,KEMP,0352355,General Motors
Сайлентблок рычага переднего Opel Vectra A Astra F(горизонтальный),77643045,KEMP,0352300,General Motors
Сайлентблок рычага переднего Opel Kadet E Daewoo Lanos(горизонтальный),77643046,KEMP,0352349,General Motors
Сайлентблок рычага переднего Opel Vectra A Astra F(вертикальный) разрезной 92-,77643078,KEMP,0352356,General Motors
Подушка двигателя  Opel Vectra A Astra F 1.7TD  L,7764324,KEMP,0684643,JP Group
Подушка двигателя Opel Kadett  R,7764325,KEMP,90217259,General Motors
Втулка стабилизатора переднего (средняя) Opel Omega A Senator B,77644504,KEMP,0350116,General Motors
Сайлентблок рычага переднего Opel Vectra A Astra F(горизонтальный),77644505,KEMP,0352300,General Motors
Подушка КПП  Opel Omega A Rekord E,77644506,KEMP,0682554,General Motors
Подушка двигателя  Opel Omega A 2.3D Rekord E 2.1D 2.3D,77644507,KEMP,90235055,Opel
Сайлентблок задней балки Opel Astra G Zafira,77644524,KEMP,5402634,General Motors
Сайлентблок задней балки Opel Vectra Astra Kadet Ascona (пластик),77644567,KEMP,402645,General Motors
Резинка крепления глушителя Opel Omega A Senator B Frontera,77644636,KEMP,90118409,General Motors
Подушка двигателя Opel Kadet E 1.2-1.6 1.7D задняя,77644637,KEMP,682549,Opel
Сайлентблок задней балки Opel Omega A Senator B,77644638,KEMP,90250986,General Motors
Подушка крепления бензонасоса Opel Omega A Ascona 2.0i Vectra A 2.0i Senator B,77644667,KEMP,817744,General Motors
Подушка КПП  Opel Omega B 2.0-2.2 TDI 2.5-3.2 V6,77644971,KEMP,90447547,General Motors
Наконечник рулевой тяги Opel Kadet Lan/Esp.Nex L.,77641272,KEMP,0324039,General Motors
Наконечник рулевой тяги Opel Kadet Lan/Esp.Nex R.,77641273,KEMP,0324038,General Motors
Насос гидроусилителя Opel Vectra A Astra F 1.6I-2.0 88-95г. (6 руч.),77641652,KEMP,948046,General Motors
Насос гидроусилителя Opel Vectra B 1.6I-1.8 95-02г. (6 руч.) с бачком,77641653,KEMP,948064,General Motors
Насос гидроусилителя Opel Omega Vectra A Astra F 1.6-2.0 88-95г.,77641654,KEMP,948037,General Motors
Муфта еластичная рулевой рейки (карданчик) Opel Kadet Vectra,77641861,KEMP,520689,General Motors
Тяга рулевая Opel Astra G Zafira,77641887,KEMP,1603213,General Motors
Наконечник рулевой тяги Opel Astra G Zafira,77641888,KEMP,1603215,General Motors
Рейка рулевая Opel Corsa B 93-00г.(мех) пыл.+тяги,77642139,KEMP,900279,General Motors
Наконечник рулевой тяги Opel Vivaro Renault Trafic 2 L,77642464,KEMP,4408510,General Motors
Наконечник рулевой тяги Opel Vivaro Renault Trafic 2 R,77642465,KEMP,4408511,General Motors
Наконечник рулевой тяги Opel Movano Renault Master 2  L,77642486,KEMP,4501262,General Motors
Наконечник рулевой тяги Opel Movano Renault Master 2  R,77642487,KEMP,4501263,General Motors
Тяга рулевая Opel Omega A Senator B L,77642488,KEMP,,Renault (RVI)
Тяга рулевая Opel Omega A Senator B R,77642489,KEMP,322143,Renault (RVI)
Наконечник рулевой тяги Opel Vectra A Astra F L.,77642506,KEMP,0324055,General Motors
Наконечник рулевой тяги Opel Vectra A Astra F R.,77642507,KEMP,0324056,General Motors
Тяга рулевая Opel Vivaro Renault Trafic 2,77642518,KEMP,4408474,General Motors
Наконечник рулевой тяги Opel Corsa B Combo Tigra 93-01 L/R,77642621,KEMP,OP-ES-0480,Moog
Наконечник рулевой тяги Opel Vectra A Astra F  L.,77642622,KEMP,OP-ES-5562,Moog
Наконечник рулевой тяги Opel Kadet Lan/Esp.Nex  L.,77642624,KEMP,OP-ES-5377,Moog
Наконечник рулевой тяги Opel Kadet Lan/Esp.Nex  R.,77642625,KEMP,OP-ES-5380,Moog
Тяга рулевая Opel Omega A Senator B  L,77642646,KEMP,OP-DS-5402,Moog
Тяга рулевая Opel Corsa B Combo 93-00 без Г.У.,77642648,KEMP,OP-AX-5576,Moog
Тяга рулевая Opel Omega A 87-03г. L,77642650,KEMP,OP-DS-5587,Moog
Тяга рулевая Opel Omega A 87-03г. R,77642651,KEMP,OP-DS-5586,Moog
Насос гидроусилителя Opel Kadet E 1.6i 86-91,77643880,KEMP,948022,Opel
Насос гидроусилителя Opel Omega B 2.0,77645583,KEMP,948049,Opel
Рейка рулевая Opel Combo Corsa D 06->(под эл.усилитель),77645684,KEMP,93189032,Opel
Насос гидроусилителя Opel Omega B 2.5-3.0,77645752,KEMP,948086,Opel
Насос гидроусилителя Opel Omega Vectra A2.0 16V 3.0i Astra F 1.7D,77645753,KEMP,948026,Opel
Тяга рулевая Opel Corsa D06-> Fiat Punto 05->,77647474,KEMP,1603543,Opel
Прокладка головки блока Opel 1.3 OHC,77641464,KEMP,768171,Elring
Вкладыш шатун. Opel 1.6D 85-  1.6-1.8-2.0 85-   0.25,77641475,KEMP,87391610,Kolbenschmidt
Вкладыш шатун. Opel 1.6D 85-  1.6-1.8-2.0 85- STD,77641476,KEMP,87391600,Kolbenschmidt
Кольца поршней Opel 1.6D (80mm) (2*2*3) на 1цилиндр к-т,77641485,KEMP,50011633,Kolbenschmidt
Вкладыш коренн. Opel 1.3-1.6 +025 Daewo Lanos 1.5,77641500,KEMP,87410610,Kolbenschmidt
Вкладыш коренн. Opel 1.6 1.7D -87  1.8-2.0 82- STD,77641508,KEMP,87393600,Kolbenschmidt
Прокладкa поддона Opel 1.2-1.3 OHS 1.6SV 86-(резиновая),77641509,KEMP,766390,Elring
Прокладка клапана крышки  Opel 1.6D 1.8-2.0 OHC (8mm),77641510,KEMP,827843,Elring
"Прокладка клапана крышки  Opel 1.2 -1,3 OHC 90-",77641511,KEMP,828564,Elring
Крышка масла заливной горловины Opel Astra F Tigra,77641601,KEMP,650091,Opel
Крышка масла заливной горловины Opel Kadet Vectra,77641602,KEMP,650094,General Motors
Кольца поршней Opel 2.0-3.0 (95.0mm) (2*2*4) STD на 1цилиндр к-т,77642157,KEMP,50011558,Kolbenschmidt
Прокладка головки блока Opel 1.6 OHC 81- 86г.,77642159,KEMP,3002457810,Goetze
Прокладка головки блока Opel 1.8 84-88 OHC,77642161,KEMP,831638,Elring
Прокладка головки блока Opel 2.0  86- OHC,77642162,KEMP,646370,Elring
Вкладыш коренн. Opel 1.3-1.6 STD Daewo Lanos 1.5,77642167,KEMP,87410600,Kolbenschmidt
Вкладыш шатун. Opel  85- 1.3-1.6   STD к-т Daewo Lanos 1.5,77642170,KEMP,87409600,Kolbenschmidt
Кольца поршней Opel (75mm) (1.75*2*4) OHC на 1цилиндр к-т,77642173,KEMP,50011557,Kolbenschmidt
Кольца поршней Opel (75mm) (1.5*1.5*4)  1.3 OHC на 1цилиндр к-т,77642174,KEMP,50011127,Kolbenschmidt
Кольца поршней Opel 2.3D (92.0mm) (2*2*4) STD на 1цилиндр к-т,77642177,KEMP,50010311,Kolbenschmidt
"Прокладка клапана крышки  Opel 1.2 -1,3 OHC 90-  (резиновая)",77643993,KEMP,828654,Opel
Крышка масла заливной горловины Opel Astra G:H Vectra B:C Zafira,77644931,KEMP,650103,General Motors
Крышка масла заливной горловины Opel Astra  Vectra  Omega  16V,77644933,KEMP,90412509,General Motors
Крышка масла заливной горловины Opel Astra  F Corsa B 1.4-1.6 16V,77644934,KEMP,90412819,General Motors
Крышка масла заливной горловины Opel  Corsa  01->Meriva,77644935,KEMP,93334742,General Motors
Крышка масла заливной горловины Opel Astra  Vectra  Omega  1.6-2.0,77644939,KEMP,90499250,General Motors
Крышка масла заливной горловины Opel Astra F ;G 1.7 TD Omega B 2.0,77644942,KEMP,90467664,General Motors
Крышка бензобака Opel Vectra B Corsa C Omega B Astra,77646646,KEMP,0808117,General Motors
Вкладыш шатун. Opel 1.2-1.4 STD 98->,77647745,KEMP,77557600,Kolbenschmidt
Вкладыш шатун. Opel 1.2-1.4+0.25 98->,77647746,KEMP,77557610,Kolbenschmidt
Вкладыш шатун. Opel 1.2-1.4+0.50 98->,77647747,KEMP,77557620,Kolbenschmidt
Вкладыш шатун. Opel 1.6D 85-  1.6-1.8-2.0 85-   0.50,77647765,KEMP,87391620,Kolbenschmidt
Прокладка крышки ГРМ OPEL 2.4-3.0 левая,77648071,KEMP,90353038,General Motors
Прокладка крышки ГРМ OPEL 2.4-3.0 правая,77648072,KEMP,90353039,General Motors
Распредвал Opel Ascona Astra Vectra Omega 1.8-2.0i,77648591,KEMP,90271486,General Motors
Распредвал Opel Ascona Kadet Astra Vectra 1.6D 1.7 D TD,77648595,KEMP,90273368,General Motors
Распредвал Opel Ascona Kadet Corsa 1.3S,77648596,KEMP,90156986,Opel
Распредвал Opel Ascona Kadet 1.6D,77648598,KEMP,636127,Opel
Суппорт задний Opel Astra J Chevr Cruze(300)  - L  09г.-> (торм. сист.ATE),7764 8437,KEMP,13300861,General Motors
Суппорт задний Opel Astra J Chevr Cruze(300)  - R  09г.-> (торм. сист.ATE),7764 8438,KEMP,13300862,General Motors
Суппорт задний Opel Vectra  C Signum  03-> -R  (без скобы),7764 8440,KEMP,93190679,Opel
Подшипник выжимной  O.Kadet E.Vectra A..1.6-2.0 Daewoo Lanos,77641217,KEMP,90 251 210,General Motors
Диск сцепления 190*14  Opel Kadet Ascona Corsa 1.0-1.3 81-87г.,77641236,KEMP,1861 908 131,Sachs
Цилиндр тормозной задний Kdet E Astra F (17.5mm),77641436,KEMP,0550143,General Motors
Цилиндр тормозной задний Vectra A  Astra F (19.05mm),77641450,KEMP,90235422,General Motors
Диск сцепления 200*14 OpelAstra/Vectra 1.6I,77641563,KEMP,1862 136 042,Opel
Диск сцепления 215*14 Opel Omega A 1.8-2.0,77641564,KEMP,322014610,LUK
Шланг тормозной передний Opel Kadet E L,77641716,KEMP,FT2810,K&K
Подшипник выжимной  O.Kadet E.Vectra A..1.6-2.0 Daewoo Lanos,77643487,KEMP,3151809002,Sachs
Суппорт задний Opel Astra G -L 98-05г.(тормозная система LUCAS),77643701,KEMP,542465,General Motors
Суппорт задний Opel Astra G -R 98-05г.(тормозная система LUCAS),77643704,KEMP,542466,General Motors
Суппорт задний Opel Astra G - L 98-05г. (тормозная система BOSCH),77643707,KEMP,542296,General Motors
Суппорт задний Opel Astra G - R 98-05г. (тормозная система BOSCH),77643708,KEMP,542297,General Motors
Шланг тормозной передний Opel Kadet E R,77643767,KEMP,FT2811,K&K
Шланг тормозной передний Opel Astra F Ascona C Kadet E Vectra A,77643769,KEMP,FT2812,K&K
Корзина сцепления Opel Kadet Vectra Astra Corsa 1.6:1.7D 200mm,77644304,KEMP,90209357,Opel
Подшипник выжимной  O.Kadet E.1.2-1.4Corsa A 1.0-1.3 Rekord E,77644882,KEMP,90111364,General Motors
Трос сцепления Opel Vectra A 2.0,77645254,KEMP,669166,Opel
Трос сцепления Opel Vectra A 1.6-1.7D,77645256,KEMP,90345229,Opel
Трос сцепления Opel Kadet D,77645259,KEMP,90157009,Opel
Трос ручного тормоза Opel Record E,77645268,KEMP,522542,Opel
Цилиндр тормозной задний Vectra B  Astra H Zafira A (20.64mm),77645339,KEMP,0986475869,Bosch
Цилиндр тормозной главний Kdet E Vectra A Astra F (20.64mm),77645340,KEMP,0558102,Opel
Цилиндр тормозной главний  Astra G Zafira A (23.81mm),77645341,KEMP,9193225,General Motors
Цилиндр тормозной главний Kdet E Vectra A Astra F (22.2mm),77645342,KEMP,558058,General Motors
Диск тормозной передний (вент)Opel Kadet E AstraF Daewoo Nexia Lanos,77645388,KEMP,0569001,Opel
Цилиндр тормозной главний Opel Combo Corsa Tigra (ABS) (20.64mm),77645397,KEMP,558009,Opel
Диск сцепления 215х24  O.V.1.8.20 O.K.Daewoo Lanos 1.6 16V Nexia 1.5 16V,77645401,KEMP,322019910,LUK
Колодки тормозные передние Opel Kadet Vectra Omega,77645560,KEMP,FDB1424,Ferodo
Вакуумный насос на генераторе Opel Omega A  Record Frontera 2.3D TD,77645600,KEMP,9491337024,Bosch
Суппорт передний Opel Astra G H Zafira - L 98-05г. (торм. сис. ATE)  (без скобы),77647162,KEMP,542291,Opel
Суппорт передний Opel Astra G H Zafira - R 98-05г. (торм. сис. ATE)  (без скобы),77647163,KEMP,542290,Opel
Суппорт задний Opel Vectra B C Signum 00-> -L  (без скобы),77647176,KEMP,542093,Opel
Суппорт задний Opel Vectra A Astra F Kadet E-L,77647200,KEMP,90297534,Opel
Суппорт задний Opel Vectra A Astra F Kadet E-R,77647201,KEMP,90297533,Opel
Скоба заднего супорта Opel Astra G H Combo Corsa 98->  с направл.,77648238,KEMP,93181277,General Motors
Суппорт передний Opel Astra J Chevrolet Aveo300 Cruze - L 11->,77648399,KEMP,13301189,General Motors
Суппорт передний Opel Astra J Chevrolet Aveo300 Cruze - R 11->,77648400,KEMP,13301190,General Motors
Суппорт передний Opel Astra F Vectra A.B  L. (торм. сис. ATE)  (без скобы),77648411,KEMP,542231,Opel
Суппорт передний Opel Astra F Vectra A.B  R. (торм. сис. ATE)  (без скобы),77648412,KEMP,542232,Opel
Суппорт задний Opel Vectra  C 02-> -L  (без скобы),77648413,KEMP,542095,General Motors
Суппорт задний Opel Vectra  C 02-> -R  (без скобы),77648414,KEMP,542094,General Motors
Суппорт задний Opel Astra J Chevr Cruze(300)  - L  09г.-> (торм. сист.ATE),77648415,KEMP,13300883,General Motors
Суппорт задний Opel Astra J Chevr Cruze(300)  - R 09г.-> (торм. сист.ATE),77648416,KEMP,13300884,General Motors
Суппорт задний Opel Vectra  C Signum  03-> -L  (без скобы),77648439,KEMP,93190681,Opel
Суппорт задний Opel Astra H Combo Zafira A - L  04г.->,77648449,KEMP,542096,General Motors
Суппорт задний Opel Astra H Combo Zafira A - R  04г.->,77648450,KEMP,542106,General Motors
Диск сцепления 215х24  O.V.1.8.20 O.K.Astra F1.8-2.0,7764958,KEMP,664166,Opel
Стартер Opel Kadet E Astra  F Vectra A 1.7D.TD,77641618,KEMP,0001110115,Bosch
Стартер Opel Combo Corsa B 1.5-1.7 D.Di,77641619,KEMP,S114-850,Hitachi
Стартер Opel Astra F 1.7 TDS Vectra B 1.7 TD,77641620,KEMP,S114-808,Hitachi
Стартер Opel Astra G Astra H 1.7DTI.CDTI Combo 1.7 DI 16V,77641621,KEMP,S114-829,Hitachi
Бендикс Opel Ford Fiat,77641630,KEMP,1006209634,Bosch
Личинка замка зажигания Opel Kadet E Astra F,77642094,KEMP,0913684,General Motors
Личинка замка зажигания Opel Kadet E Ascona,77642095,KEMP,0913694,General Motors
Личинка замка зажигания Opel Ascona Vectra A,77642096,KEMP,0913614,General Motors
Личинка замка зажигания Opel Astra F Astra G Tigra Zafira Combo,77642851,KEMP,0913652,Opel
Контактная группа замка зажигания Opel (5 конт.),77642858,KEMP,0914850,General Motors
Контактная группа замка зажигания Opel (6 конт.),77642859,KEMP,93741069,General Motors
Бензонасос электро погружной Opel Astra G Vectra B Omega B 1.6-2.2 i,77643864,KEMP,0580453465,Bosch
Коммутатор системы зажигания OPEL (4 контакта),77644499,KEMP,90243618,General Motors
Стартер Opel Astra F Astra G Kadet E Vectra A;B 1.2-1.6i,77645022,KEMP,432632,VALEO PHC
Бензонасос электро погружной Opel Astra  Vectra Omega  1.4 16V-2.6V6  3bar.,77645351,KEMP,0580453966,Bosch
Бензонасос электро погружной Opel Astra F  Vectra B  1.2i-1.6 16V,77645353,KEMP,0580453976,Bosch
Провода высоковольтные  Opel Astra F G Vectra B 1.2-1.6i Omega B 2.0,77645368,KEMP,1612608,Opel
Провода высоковольтные  Opel Omega A 1.8- 2.0,77645370,KEMP,1612497,Opel
Провода высоковольтные  Opel Astra F KadetE1.8-2.0i,77645372,KEMP,1612551,Opel
Провода высоковольтные  Opel Kadet E Vectra A 1.8- 2.0,77645461,KEMP,1612462,Opel
Датчик холостого хода Opel Astra F:G Vectra B Corsa B 1.4-1.6i 16V,77645629,KEMP,826550,Opel
Переключатель поворотов света Opel Astra F G Vectra A B Omega B,77645648,KEMP,1241258,Opel
Переключатель стеклоочистителей (дворников) Opel Astra F G Vectra A B Omega B,77645649,KEMP,90243395,Opel
Выключатель стоп сигнала (лягушка тормозная) Opel Kadet Vectra Daewoo,77645658,KEMP,90482454,Opel
Контактная группа замка зажигания Opel Omega B93-00  Vectra A Astra F 93-96,77645726,KEMP,90389377,Opel
Контактная группа замка зажигания Opel  Combo Corsa Meriva 01->,77645728,KEMP,9115863,Opel
Контактная группа замка зажигания Opel Omega B  Vectra B Corsa B,77645729,KEMP,90505912,Opel
Переключатель поворотов света Opel Astra F G Vectra A B Omega B,77645730,KEMP,90508667,Opel
Реле стартера втягивающее Opel/Ford Fiat VW/Audi  (тип Bosch),77645766,KEMP,0331303071,Bosch
Контактная группа замка зажигания Opel (5 конт.),77645786,KEMP,90052497,General Motors
Кнопка аварийки Opel Astra G 98-05,77648011,KEMP,6240490,Opel
Датчик частоты вращения коленвала Opel AstraF Corsa B Vectra B 1.4 1.6 92-02,77648026,KEMP,90451442,General Motors
Датчик частоты вращения коленвала Opel AstraF Corsa B Vectra B 1.4 1.6 16V 94-02,77648027,KEMP,90337650,General Motors
Датчик положения распредвала Opel Astra Vectra Meriva 1.8 1.8 16V 01->,77648030,KEMP,90536064,General Motors
ШРУС Opel Astra H Zafira 1.2 16V-2.0DTI 00-05г.наруж 33*22,77642300,KEMP,93182575,General Motors
ШРУС Opel Astra F Vectra B 1.4-1.6 ABS   91-02г.наруж,77642441,KEMP,90345303,General Motors
"ШРУС Opel Kadet  наруж 1,3",7764329,KEMP,90157131,General Motors
"ШРУС Opel Kadet наруж 1,8",7764330,KEMP,21455,GKN-Spidan
"ШРУС Opel Vectra 2,0 abs наруж",7764331,KEMP,21427,GKN-Spidan
"ШРУС Opel Astra H Zafira 1,4-1,6 04->г.наруж 33*22",77643648,KEMP,23985,GKN-Spidan
ШРУС Opel Vectra C Signum  1.8-2.2 16V  2.0  DTI 16V 02->,77643650,KEMP,23798,GKN-Spidan
ШРУС Opel Astra G  98-05г.наруж 33*22,77644993,KEMP,21195,GKN-Spidan
ШРУС Opel Corsa D 1.0-1.2 05->Fiat Punto 1.2,77647457,KEMP,1603411,General Motors
"ШРУС Opel 1,0-1,3/1,4/1.6 OHC/1,7DAstra G+Clas 1.4  внутренний",7764765,KEMP,21451,GKN-Spidan
ШРУС Opel Astra H Zafira 1.9 CDTI  2.0 TURBO 05г.наруж,77648540,KEMP,23997,GKN-Spidan
ШРУС Opel Astra H Zafira 1.3-1.8 05г.наруж,77648541,KEMP,23987,GKN-Spidan
ШРУС Opel Astra J  1.3-1.6 09->.наруж,77648557,KEMP,13296183,General Motors
"ШРУС Opel Astra H Vectra C Insignia Zafira 1.9-2,0 CDTI   05г.наруж",77648565,KEMP,1603275,General Motors
"ШРУС Opel Astra H Zafira B 1.2-1,6 05г.внутренний",77648566,KEMP,93182585,General Motors
ШРУС Opel Corsa D 1.0-1.2 05->Fiat Punto 1.2,77648728,KEMP,1603411,General Motors
Корпус замка зажигания Opel с нерегулируемой рулевой колонкой,77642855,KEMP,0914495,General Motors
Амортизатор задний Ford Scorpio 85- газ,77641033,KEMP,105767,Sachs
Амортизатор передний Ford Transit  2000 --->(пыльник отбойник),77641036,KEMP,230965,Sachs
Амортизатор передний Ford Escort 90 -- с тяжкой  стабил,77641038,KEMP,115151,Sachs
Амортизатор передний  Ford Escort  95 --,77641039,KEMP,200376,Sachs
Амортизатор задний Ford Escort 95 --,77641040,KEMP,200370,Sachs
Амортизатор задний Ford Mondeo 2000 --,77641042,KEMP,312939,Sachs
Амортизатор передний Ford Fiesta 95 --,77641043,KEMP,290685,Sachs
Амортизатор задний Ford Fiesta 98 -- КА  96 --,77641044,KEMP,341953,Kayaba
Амортизатор передний Ford Focus  98 --  RH газ,77641045,KEMP,230709,Sachs
Амортизатор передний Ford Focus  98 --  LH газ,77641046,KEMP,230710,Sachs
Амортизатор задний Ford Focus 98 -- седан,77641047,KEMP,230713,Sachs
Амортизатор  крышки багажника Ford Escort H-B 92-98 544-234mm440N,77643537,KEMP,6900216,Ford
Амортизатор  крышки багажника Ford Escort kabrio 88-90 sed. 317-118mm300N,77643538,KEMP,1621830,Ford
Амортизатор  крышки багажника Ford Transit  V-184  640 N  827mm,77643542,KEMP,15807325S,Formpart/Otoform
Амортизатор  крышки багажника Ford Fiesta Mk4 96-01 576-235mm 310N,77644778,KEMP,1008276,Ford
Амортизатор  крышки багажника Ford Focus C-MAX 03- 570-230mm 460N,77644779,KEMP,1252377,Ford
Амортизатор  крышки багажника Ford Scorpio H-B 85-93 501-175mm 780N,77644780,KEMP,1661165,Ford
Амортизатор  крышки багажника Ford Sierra HB 83-93 489-144mm 565N,77644781,KEMP,1637863,Ford
Амортизатор  крышки багажника Ford Sierra CARAVAN 83-93 485-196mm 520N,77644782,KEMP,1637864,Ford
Амортизатор задний Ford Fusion задний газ 02-,77645045,KEMP,313915,Sachs
Амортизатор передний Ford Transit 2.2TDCI 06->,77645313,KEMP,313501,Sachs
Амортизатор задний Ford Transit 2.2TDCI 06->,77645316,KEMP,313504,Sachs
Амортизатор передний Ford Transit Connect 02->L,77645319,KEMP,290840,Sachs
Амортизатор передний Ford Transit Connect 02->R,77645320,KEMP,290839,Sachs
Амортизатор задний Ford Transit 2.0 DI:TDCI 00-06,77645328,KEMP,311010,Sachs
Амортизатор задний Ford Transit Connect 2010->,77645333,KEMP,349113,Kayaba
Амортизатор передний Ford Fiesta 95 -- (газ),77646081,KEMP,290686,Sachs
Амортизатор передний Ford Scorpio 85 --- (газ),77646088,KEMP,312288,Sachs
Амортизатор задний Ford Escort 80-90  масло,7764615,KEMP,100940,Sachs
Амортизатор передний Ford Transit 92-00 масло,7764616,KEMP,115287,Sachs
Амортизатор задний Ford Transit 92-00  масло,7764617,KEMP,170929,Sachs
"Амортизатор задний Ford Transit 2.4 DI:TDCI 00-06 (зад. прив.), (кор. база)",77646429,KEMP,230964,Sachs
Амортизатор передний Ford Focus  2 C-Max 04-> LH газ,77646452,KEMP,313283,Sachs
Амортизатор передний Ford Fusion 02->  LH газ,77646454,KEMP,314677,Sachs
Амортизатор задний Ford Sierra 1.6-1.8-2.0 82-93  масло,776465,KEMP,106828,Sachs
Амортизатор задний Ford Escort 80-90 газ,77646787,KEMP,100625,Sachs
Амортизатор  крышки багажника Ford Escort универсал 83-90  591-239 400N,77647700,KEMP,1632757,Ford
Амортизатор  крышки багажника Ford Scorpio универсал 91-98г.565-215 480N,77647701,KEMP,6962811,Ford
Амортизатор задний Ford Transit Connect,77648205,KEMP,290846,Sachs
Амортизатор задний Ford Sierra 1.6-1.8-2.0 82-93 газ,77648328,KEMP,106319,Sachs
"Термомуфта Ford Sierra, BMW 4 крепления",77641451,KEMP,11521723918,HELLA
Термостат Ford Escort Fiesta Focus Transit Connect 1.8-2.5 D,776415,KEMP,1086282,Ford
Помпа Ford Mondeo 1.6-2.0 Focus 1.8-2.0 98г.->,77641904,KEMP,1094596,Ford
Помпа Ford Mondeo 1.8TD 93->,77641905,KEMP,EPW79,Ford
Корпус термостата Ford Scorpio Sierra OHC,77641920,KEMP,6117379,Ford
Мотор радиатора Ford Transit Conect 1.8 Di/TDCi,77643339,KEMP,4371780,Ford
Мотор радиатора Ford Escort Fiesta Sierra (305 mm),77643353,KEMP,89FB8K620BA,Ford
Корпус термостата Ford Connect 1.8 DI 2002->,77644461,KEMP,2S4Q-9K478-AD,Ford
Крышка корпуса термостата Ford Connect 1.8 DI 2002->,77644462,KEMP,2S4Q-8594-AB,Ford
Корпус термостата c термостатом Ford Transit 2.0 DI 2001->,77644463,KEMP,1C1Q-8A586AC,Ford
Корпус термостата c термостатом Ford Transit V184 2.4 DI 2001->,77644464,KEMP,1C10-8A558-AA,Ford
Корпус термостата c термостатом Ford Transit V347 2.4 TDCI 2006->,77644465,KEMP,8C1Q-8A586-AA,Leader Parts
Мотор печки Ford  Focus 98-04 Mondeo 3 00-07,77644711,KEMP,1111936,Ford
Крышка расширительного бачка Ford Transit Escort Mondeo Focus(чёрная),77644924,KEMP,1647751,Ford
Крышка расширительного бачка Ford  (желтая),77644932,KEMP,86FB8100GD,Ford
Мотор печки Ford Transit 95->,77644994,KEMP,95VW18456BB,Ford
Термостат Ford Escort Fiesta Sierra Scorpio Transit 1.0-2.0,77645456,KEMP,1635905,Ford
Термостат Ford Escort Fiesta Focus Mondeo 1.6-1.8 16V 2.4i-2.9,77645457,KEMP,6866389,Ford
Мотор печки Ford Focus 98-04 Mondeo 00-07,77647232,KEMP,1062247,Ford
Прокладка помпы FORD CVH,77647413,KEMP,6186825,Ford
Корпус термостата c термостатом Ford Transit V347 2.4 TDCI 2006->,77648210,KEMP,1432394,Ford
Прокладка корпуса термостата Ford OHC,77648634,KEMP,1475932,Ford
Радиатор Ford Sierra 87-90 OHC 1.8-2.0 602*368,7764147,KEMP,1652510,Ford
Радиатор Ford Fiesta 08->350*563,77641744,KEMP,1540332,Ford
Радиатор Ford KA 96-08 382*365,77642800,KEMP,1056616,Ford
Радиатор интеркулер Ford TRANSIT / TOURNEO COURIER (14-),77643220,KEMP,1882817,Ford
Радиатор печки Ford Siera Scorpio Escort 245*134,7764370,KEMP,85GG18B539CC,Ford
Радиатор кондиционера Ford Focus 2 C MAX 670*381(без осушителя),77643726,KEMP,1335552,Ford
Радиатор кондиционера Ford Fiesta 5 Fusion 580*361,77643727,KEMP,1146195,Ford
Радиатор кондиционера Ford Fiesta 4 96-02 512*350*25(без осушителя),77644411,KEMP,1033452,Ford
Радиатор кондиционера Ford Mondeo 00-07 628*362(без осушителя),77644419,KEMP,1152429,Ford
Радиатор кондиционера Ford Mondeo 01-07 628*440(без осушителя),77644420,KEMP,1222758,Ford
Радиатор кондиционера Ford Transit Conect 02- 747*360,77644428,KEMP,2T1H19710AC,Ford
Радиатор печки Ford Escort Orion 90->,77645102,KEMP,1107449,Ford
Радиатор печки Ford Transit 00->AC-,77645112,KEMP,4042575,Ford
Радиатор печки Ford Transit 00->AC+,77645113,KEMP,4042576,Ford
Радиатор Ford Fiesta 1.0-1.3 95-02 500*360,77645131,KEMP,1001856,Ford
"Радиатор Ford Transit 00-05 2,0 DI TDCI мех 770*389",77645195,KEMP,1C1H8005FD,Ford
Радиатор Ford Transit Connect 02-> 1.8 16V DI TDCI мех 703*388 AC+(90:110 лс.),77645196,KEMP,1365996,Ford
Радиатор Ford Focus 1.4-1.8 16V 98-04 449*349  AC-,77645198,KEMP,98AB8005JB,Ford
Радиатор Ford Mondeo  93-00 1.6-2.0 610*377,77645199,KEMP,93BB8005ED,Ford
Радиатор Ford Transit 06->2.2-2.4 TDCI мех 770*358 AC+,77645201,KEMP,1373156,Ford
Радиатор Ford Transit 06-09  2.2-2.4 TDCI мех 672*358 AC-,77645202,KEMP,1370865,Ford
Радиатор Ford Focus Mondeo 2.0 TDCi 07-> 670*454 мех.,77645204,KEMP,1461068,Ford
"Радиатор Ford Transit 00-06 2,4 DI TDCI мех 770*389",77645207,KEMP,1103119,Ford
Радиатор Ford Focus 1.4-1.6 04-> 449*376  АКП  AC-,77645209,KEMP,1305491,Ford
"Радиатор Ford Transit 00-06 2,4 DI TDCI мех 620*389 AC-",77645211,KEMP,YC1H8005BD,Ford
Радиатор Ford Mondeo  93-00 1.8TD 2.0 16V2.5 24V 616*389,77645212,KEMP,93BB8005CD,Ford
Радиатор Ford Mondeo  93-00 1.8TD 2.0 16V2.5 24V 616*418,77645213,KEMP,1024051,Ford
"Радиатор Ford Escort 91-00 1,3 500*318",77645943,KEMP,91AB8005AF,Ford
Радиатор Ford Fiesta 1.8 D TD  DI 96->500*363,77645944,KEMP,96FB8005HE,Ford
Радиатор Ford Transit Connect 02-> 1.8 16V DI TDCI мех 620*388 AC-,77646185,KEMP,2T148005AD,Ford
Радиатор кондиционера Ford Focus 3 C MAX 10-> 695*358   (с осушителем),77646209,KEMP,1684204,Ford
Радиатор кондиционера Ford Transit 00->860*361 (без осушителя),77646210,KEMP,YC1H19710BA,Ford
Радиатор кондиционера Ford Transit 06->725*389  (без осушителя),77646211,KEMP,1371571,Ford
Радиатор Ford Escort 91-00 1.8D/TD 525*359,77646569,KEMP,92AB8005BB,Ford
Радиатор Ford Fiesta 89-95 1.1-1.3  500*315,77646570,KEMP,89FB8005AE,Ford
"Радиатор Ford Escort 92-00 1,4-2,0 525*380",7764664,KEMP,94AT8005BA,Ford
Радиатор Ford Mondeo 00 1.8- 2.0 16V АКП 00-07 620*405,77646770,KEMP,1S7H8005AA,Ford
Радиатор кондиционера Ford Fiesta 5 Fusion 1.6 TDCI 583*373,77647271,KEMP,1334196,Ford
Радиатор кондиционера Ford Fiesta 6 535*385,77647273,KEMP,1756718,Ford
Радиатор кондиционера Ford Fiesta 6 605*351,77647274,KEMP,1526277,Ford
Радиатор кондиционера Ford Mondeo 00-07 665*361(без осушителя),77647485,KEMP,1116809,Ford
Радиатор кондиционера Ford Fiesta 6 535*385,77647488,KEMP,1756414,Ford
Радиатор кондиционера Ford Focus 3 C MAX 2.0CDTI 10-> 605*470,77647515,KEMP,1693590,Ford
Радиатор кондиционера Ford Focus 3 C MAX KUGA 13-> 728*361,77647518,KEMP,1856995,Ford
"Радиатор Ford Scorpio 85-91 1,8-2,0 ОНС 600*390",7764773,KEMP,6148834,Ford
"Радиатор Ford Escort 94-95 1,4 500*320",7764808,KEMP,92AB8005CB,Ford
Радиатор Ford Sierra 87-93  1.6-1.8 CVH 2.0 DOHC  600*370,77648485,KEMP,6186886,Ford
"Радиатор Ford Scorpio 1:2 86-98 АКПП-2,0 DОНС 2.3-2.9 V6 600*390",77648486,KEMP,6184417,Ford
"Радиатор Ford Scorpio 1:2 86-98 M/T мех.-2,0 DОНС 2.3-2.9 V6 600*390",77648487,KEMP,86GB8005AC,Ford
Радиатор Ford Focus mk3 15-18 1.0T,77648489,KEMP,CV6Z-8005-W,Ford
Радиатор кондиционера Ford  C MAX 1.6CDTI 10-> 550*378,77648522,KEMP,1684942,Ford
Радиатор Ford Transit Connect 02-> 1.8 16V DI TDCI мех 703*388 AC+(75лс.),77648655,KEMP,4367092,Ford
Радиатор Ford Fiesta Fusion 1.6 TDCI 04->593*379,77648659,KEMP,1334250,Ford
Радиатор Ford Focus  1.6TDCI 11->(плоские соты),77648660,KEMP,1703514,Ford
Радиатор интеркулер Ford Connect 2006-2013 (1.8tdci),77648674,KEMP,7T169L440AE,Ford
Радиатор интеркулер Ford TRANSIT / TOURNEO COURIER (14-),77648675,KEMP,1882817,Ford
Радиатор Ford Sierra 87-93  2.0 DOHC  1.6-1.8 CVH  600*370,77648685,KEMP,6165438,Ford
Радиатор кондиционера Ford Focus  mk3 15-18 1.0T,77648689,KEMP,DV6Z-19712-B,Ford
Радиатор кондиционера Ford Focus  mk3 11-14 2.0  (d15.2*D15.2),77648702,KEMP,CV6Z19712J,Ford
Радиатор кондиционера Ford Fusion mk5 13- 1.5T 1.6T 2.0Т,77648703,KEMP,HG9Z-19712-A,Ford
Радиатор Ford Focus mk3 11-14 2.0,77648707,KEMP,CV6Z8005A,Ford
Радиатор Ford Transit 12-20  2.2 TDCI 765*480,77648716,KEMP,66861,Nissens
Радиатор Ford Transit 06-09  2.2-2.4 TDCI мех 695*480 AC+,77648717,KEMP,1494933,Ford
Радиатор кондиционера Ford Focus 3  C MAX 10->1.0 EcoBoost 1.5 TDCI CONNECT 13-,77648806,KEMP,1828970,Ford
"Радиатор Ford Transit 94-00 2.0-2,5 мех 703*360",7764994,KEMP,62057A,
Подшипник задней ступицы Ford Escort Orion 83-90г. комплект,77641023,KEMP,713678150,FAG
Подшипник передней ступицы Ford Transit 2000 --,77641060,KEMP,YC152B663AF,Ford
Подшипник задней ступицы Ford Scorpio 86 -- LH,77641063,KEMP,302120,Optimal
Подшипник задней ступицы Ford Scorpio 86 -- RH,77641064,KEMP,302122,GKN-Spidan
Подшипник передней ступицы Ford Scorpio 94 -- LH,77641065,KEMP,301139,Flennor
Ролик  ЗЭТЭК  большой,77641126,KEMP,F5RZ6K254A,Ford
Ролик  ЗЭТЭК  средний,77641127,KEMP,928M6250BC,Ford
Ролик  ЗЭТЭК  малый,77641128,KEMP,6744307,Ford
Ролик  CVH  86 --,77641132,KEMP,6131141,Ford
Подшипник задней ступицы Ford Escort Orion 91-95г. комплект,77641312,KEMP,713678320,FAG
Подшипник передней ступицы Ford Mondeo 93-00г. комплект 40*75*37,77641331,KEMP,713678050,FAG
Подшипник передней.ступ.внешней Ford Ekon.86-92Mazda E2000.2200 52*25*15.25,77641347,KEMP,30205F,FAG
Подшипник задней ступицы  Ford Fiesta Focus 99->г. 53*29*37,77641368,KEMP,1085565,Ford
Подшипник подвесной Ford Transit 91-00г. (45mm),77641453,KEMP,92VB4826BB,Ford
Подшипник передней ступицы Ford Conect c ABS 39*74*39,77641898,KEMP,891630,Optimal
Подшипник коленвала игольчатый Ford OHC DOHC,77641899,KEMP,1596468,Ford
Ступица задняя Ford Conect c ABS 2002->,77641900,KEMP,VKBA6522,SKF
Ступица передняя Ford Escort 90->Fiesta 3 Focus,77642072,KEMP,91AB1104AD,Ford
Подшипник передней ступицы Ford Escort 90 -- комплект,77642379,KEMP,713678040,FAG
Ролик  генератора Ford Transit  V184 без механизма,77642600,KEMP,YC1E9444AD,Ford
Ролик  генератора Ford Transit  V184 с механизмом,77642601,KEMP,1E9444AD,Polcar
Ролик  натяжной  1.8 D TD Ford Escort Sierra Mondeo,77642725,KEMP,F-110937,INA
Подшипник задней ступицы Ford Focus Fiesta Fusion комплект,77642843,KEMP,VKBA 3532,SKF
Подшипник передней ступицы Ford Focus Fiesta Fusion комплект,77642844,KEMP,VKBA 3531,SKF
Подшипник передней ступицы Ford Transit 2000 --,77642845,KEMP,713678650,FAG
Подшипник передней ступицы Ford Transit 2000 --,77643531,KEMP,VKBA3588,SKF
Подшипник задней ступицы  Ford Scorpio 86 -- LH комплект,77644011,KEMP,713678770,FAG
Подшипник передней  ступицы Ford Scorpio 94 -- LH комплект,77644013,KEMP,VKBA 3431,SKF
Подшипник передней  ступицы Ford Scorpio 94 -- RH комплект,77644014,KEMP,VKBA 3432,SKF
Ролик  генератора Ford Focus Mondeo,77644164,KEMP,92111701,Polcar
Ролик ГРМ паразитный Ford Escort Sierra 1.8D/TD (шестерня),77644165,KEMP,F-140073,IPD
Подшипник подвесной Ford Transit  V347  06->г. (35mm),77644404,KEMP,8C114826AA,Ford
Подшипник подвесной Ford Transit 86-91 (30mm),77644611,KEMP,6154943,Ford
Подшипник подвесной полуоси VW Sharan Ford Fiesta 4 Galaxy Mondeo 3,77644669,KEMP,96BG3C083E1A,Ford
Подушка опоррная кардана без подшипника Ford Sierra Scorpio (рез.подвесного),77644748,KEMP,1649554,Ford
Ступица задняя Ford Fiesta 08->,77644963,KEMP,1547177,Ford
Ступица задняя Ford Transit  2006->(передний привод)  193*92*37,77645714,KEMP,VKBA6527,SKF
Ступица задняя Ford Transit Tourneo 2.2 TDCI 06->193*91*45,77645715,KEMP,6C111A049DA,Ford
Подшипник передней ступицы Ford Transit 2.2:2.4 TDCI 2006 -- d=49 (усиленный),77645803,KEMP,VKBA6526,SKF
Ступица передняя Ford Transit V-363 2014->RWD(задний привод),77645807,KEMP,1810257,Ford
Ступица задняя Ford Focus 2004-> C-MAX 2003->,77647540,KEMP,VKBA3661,SKF
Ступица передняя Ford Mondeo  2007 -->,77647542,KEMP,713678840,FAG
Ступица задняя Ford Mondeo  2007 -->,77647543,KEMP,713678860,FAG
Подшипник передней ступицы Ford Focus 3 C-MAX2 10->45*82*42ABS,77647546,KEMP,1836381,Ford
Подшипник задней ступицы Ford Transit 91-00  45*85*30.16,77647557,KEMP,713678600,FAG
Подшипник передней ступицы Ford  Fiesta 6 B-MAX 08-> 39*72*37 ABS,77647563,KEMP,713615730,FAG
Подшипник задней ступицы Ford Escort Orion 91-95г. комплект,77647575,KEMP,VKBA 1333,SKF
Подшипник задней ступицы Ford Transit 91-00  45*85*30.16,77647576,KEMP,713678600,FAG
Подшипник передней  ступицы Sierra 82-> -- RH комплект,77647591,KEMP,VKBA 741,SKF
Подшипник передней ступицы Ford  Fiesta 6 B-MAX 08-> 39*72*37 ABS,77647600,KEMP,713615730,FAG
Подшипник передней ступицы Ford Conect c ABS 39*74*39,77647601,KEMP,713 6788 70,FAG
Подшипник передней ступицы Ford Escort 90 -- комплект,77647603,KEMP,713678040,FAG
Подшипник передней ступицы Ford Focus 3 C-MAX2 10->45*82*42ABS,77647604,KEMP,713678950,FAG
Подшипник передней ступицы Transit 91-2000г. комплект,77647607,KEMP,713678500,FAG
Ступица задняя Ford Conect c ABS 2002->,77647626,KEMP,713678890,FAG
Ступица задняя Ford Focus 2004-> C-MAX 2003->,77647627,KEMP,713678940,FAG
Ступица передняя Ford Mondeo  2007 -->,77647631,KEMP,713678840,FAG
Ступица задняя Ford Fiesta 4 95-02 Mondeo 1:2  93-00,77648035,KEMP,713678350,FAG
Ступица передняя Ford Galaxy S-MAX 2006->,77648048,KEMP,713678820,FAG
Ступица задняя Ford Focus 3 2011->,77648051,KEMP,VKBA6789,SKF
Подшипник передней ступицы Ford Mondeo 3 2.0 TDCI 00-07  47*83*37,77648089,KEMP,713678440,FAG
Подшипник задней ступицы Ford Escort Express 91-94 Фургон 95,77648098,KEMP,713678330,FAG
Подшипник передней ступицы Transit 71-86г. комплект,77648099,KEMP,713678300,FAG
Подшипник передней ступицы Ford Escort 90 --Fiesta 3 89-95 комплект,77648103,KEMP,713678020,FAG
Подшипник задней ступицы  Ford Scorpio 86 -- RH комплект,77648154,KEMP,713678290,FAG
Подшипник задней ступицы Ford Escort Express 91-94 Фургон 95,77648158,KEMP,713678330,FAG
Подшипник передней ступицы Ford Escort 90 --Fiesta 3 89-95 комплект,77648183,KEMP,713678020,FAG
Подшипник передней ступицы Ford Mondeo 3 2.0 TDCI 00-07  47*83*37,77648184,KEMP,713678440,FAG
Подшипник передней ступицы Transit 71-86г. комплект,77648187,KEMP,713678300,FAG
Ступица задняя Ford Fiesta 4 95-02 Mondeo 1:2  93-00,77648193,KEMP,713678350,FAG
Ступица задняя Ford Mondeo  2007 -->,77648194,KEMP,713678860,FAG
Ступица передняя Ford Galaxy S-MAX 2006->,77648202,KEMP,713678820,FAG
Подшипник задней ступицы  Ford Fiesta Focus 99->г. 53*29*37,77648211,KEMP,801023AB,FAG
Ступица задняя Ford Transit  2006->(передний привод) 193*92*37,77648255,KEMP,713678920,FAG
Ступица задняя Ford Transit Tourneo 2.2 TDCI 06-> 193*91*45,77648256,KEMP,713678930,FAG
"Пружина передняя Ford Sierra 1,6-2.0  85 --  d11h400mm.",77641119,KEMP,504082,K+F
"Пружина передняя Ford Scorpio 2,0 DOHC 85->",77641120,KEMP,504044,K+F
Пружина задняя Ford Escort <-90 г.,77641122,KEMP,503992,K+F
Шаровая опора Ford Transit 92-00г.,77641550,KEMP,92VX3K209AA,Ford
Сальник задней ступицы Ford Escort ->90г.40*55*8,7764179,KEMP,1482324,Ford
Рычаг подвески передней Ford Escort Orion 84-90г.с сайлентблоками L,77641866,KEMP,5021459,Ford
Рычаг подвески передней Ford Escort Orion 84-90г.с сайлентблоками R,77641867,KEMP,5021458,Ford
Рычаг подвески передней Ford Scorpio 85-93г. R,77641870,KEMP,5021464,Ford
Рычаг подвески передней Ford Scorpio 85-93г. L,77641871,KEMP,5021465,Ford
Пружина передняя Ford Transit 92-> Т 12-T15  d21.5h280mm.,77641910,KEMP,503905,K+F
"Пружина передняя Ford Sierra 2,3D  85->13mm",77642092,KEMP,85BB5310JA,Ford
Пружина передняя Ford Escort <-90 1.3-1.8 D/TD,77642248,KEMP,50406700,K+F
Пружина задняя Ford Escort <-90 г.  12.4*268mm,77642249,KEMP,4227509,Lesjofors
Пружина передняя Ford Sierra 2.0  85->,77642250,KEMP,4027526,Lesjofors
Пружина передняя Ford Sierra 2.9i  85-> d12mm,77642377,KEMP,50408200,K+F
"Пружина передняя Ford Sierra 1,6-2.0  85-> d10.8*402",77642378,KEMP,504045,K+F
Стойка стабилизатора перед.Ford Focus C-MAX,77642460,KEMP,1223792,Ford
Шаровая опора Ford Focus C MAX (21mm),77642467,KEMP,1470387,Ford
Шаровая опора Ford Escort 90-98 Fiesta 89-95,77642508,KEMP,1047853,Ford
"Стойка стабилизатора перед.Ford Escort, Mondeo 90 --",77642578,KEMP,1661237,Ford
Подшипник верхний опорный Ford Mondeo 93->Transit 2001->,77642598,KEMP,1103725,Ford
Шаровая опора Ford Transit 85-92г.,77642673,KEMP,86VB3395A1C,Ford
Шаровая опора Ford Transit 92-00г.,77642674,KEMP,92VX3K209AA,Ford
Шаровая опора Ford Escort 90-98 Fiesta 89-95,77642675,KEMP,FD-BJ-4122,Moog
Стойка стабилизатора перед.Ford Focus C-MAX,77642691,KEMP,FD-LS-3667,Moog
"Стойка стабилизатора перед.Ford Escort, Mondeo 90 --",77642692,KEMP,1661237,Ford
Подшипник верхний опорный Ford Scorpio 86->,77642714,KEMP,801003,Sachs
Пыльник+отбойник пер.стойки Ford Focus1 98->,77644151,KEMP,900068,Sachs
Пыльник+отбойник пер.стойки Ford Fiesta Fusion 2001->,77644152,KEMP,900146,Sachs
Пыльник+отбойник пер.стойки Ford Mondeo 2001->Connect,77644153,KEMP,900089,Sachs
Пыльник+отбойник пер.стойки Ford Focus 2 2004-> C  MAX,77644154,KEMP,1446481,Ford
"Пружина передняя Ford Transit 2,4 2001->  18*365mm",77644156,KEMP,4027584,Lesjofors
"Пружина передняя Ford Transit 2,0 2001-> 17*355mm.",77644157,KEMP,4027582,Lesjofors
Стойка стабилизатора зад. Ford Connect 2002->,77644159,KEMP,2T145C486AE,Ford
Пружина передняя Ford Escort 91-95г.,77644212,KEMP,4027516,Lesjofors
Пружина задняя Ford Scorpio,77644273,KEMP,50403300,K+F
Пружина передняя Ford Escort <-90 1.6-1.8 D/TD  11.2*375mm.,77644275,KEMP,4027512,Lesjofors
Пружина передняя Ford Transit Connect TDCI 2002->,77644470,KEMP,4027618,Lesjofors
Пружина передняя Ford Transit Connect DI 2002->,77644471,KEMP,4401620,Ford
Подушка  верхняя опорная Ford Transit 92->,77644647,KEMP,92VB3K155AD,Ford
Стойка стабилизатора зад. Ford Mondeo  93 -96 с рез,77644649,KEMP,93BB5K566AC,Ford
Стойка стабилизатора зад. Ford Mondeo 94 --   с рез,77644650,KEMP,93BB5K566AG,Ford
Пружина передняя Ford Transit 92-> Т 12  d20h280mm.,77645829,KEMP,4027567,Lesjofors
Пружина задняя Ford Sierra Combi  16*315mm,77645830,KEMP,4227520,Lesjofors
"Пружина передняя Ford Transit 2,0 2006-> 17.5*349mm",77645834,KEMP,4027630,Lesjofors
Пружина задняя Ford Escort 90 г.->караван  13.5*223mm,77645835,KEMP,4227513,Lesjofors
Шаровая опора Ford Transit 2.0-2.4TDI00-06 2.2 06->,77646652,KEMP,4616978,Ford
Шаровая опора Ford Transit  Connect 02->Transit 2.2 06->,77646653,KEMP,4630551,Ford
Шаровая опора Ford Transit 2.2 06->,77646654,KEMP,1417351,Ford
Стойка стабилизатора перед.Ford Transit L/R 06->,77646658,KEMP,1495685,Ford
Стойка стабилизатора заднего Ford Transit L/R 06->,77646659,KEMP,4042068,Ford
Пружина задняя Ford Focus 98-04 11*351,77647657,KEMP,4227554,Lesjofors
Пружина передняя Ford Mondeo 3 00-07г.,77647661,KEMP,402 75 79,Lesjofors
Пружина задняя Ford Mondeo 3 00-07г.,77647662,KEMP,4227560,Lesjofors
Пружина передняя Ford Focus 98-04,77647678,KEMP,4027569,Lesjofors
Пружина задняя Ford Focus 98-04 Focus 2 04->,77647679,KEMP,4227579,Lesjofors
Пружина задняя Ford Mondeo 1 93-96г.,77647683,KEMP,4227522,Lesjofors
Пружина передняя Ford Mondeo 1 93-96г.,77647684,KEMP,4027530,Lesjofors
Пружина задняя Ford Sierra Combi  16*315mm (переменный диаметр прута),77647685,KEMP,504058,K+F
Сайлентблок рычага Ford Transit86 - 2000 г (кругл.),77641084,KEMP,6608818,Ford
Сайлентблок задней ресоры передний Ford Transit92 --,77641089,KEMP,7328510,Ford
Подушка стойки Ford Transit   92  --,77641091,KEMP,6675788,Ford
Сайлентблок рычага Ford Mondeo 93 - 96 (ребрист),77641093,KEMP,6870549,Ford
Сайлентблок рычага Ford Mondeo 96 --,77641095,KEMP,1023058,Ford
Сайлентблок рычага переднего Ford Escort Fiesta 89-99г.(мал.),77641098,KEMP,1000445,Ford
Втулка стабилизатора перед. Ford Mondeo 93 --,77641101,KEMP,93BB5484,Eurohesperia
Втулка стабилизатора перед Ford Escort  -- 86,77641104,KEMP,81AB5484BA,Ford
Втулка стабилизатора перед Ford Transit   92 --  Т 12,77641108,KEMP,92VB5484AA,Ford
Подушка коробки Ford Mondeo задн  силуминовая,77641377,KEMP,97BB6P082AB,Ford
Подушка коробки Focus. Conect,77641378,KEMP,1061205,Ford
Сайлентблок рычага переднего Ford Escort Fiesta 89-99г.(мал.),77641687,KEMP,89FB3063AD,Ford
Подушка КПП Ford Sierra Scorpio,77641908,KEMP,85GB6068AA,Ford
Сайлентблок рычага Ford Focus 2 C-MAX 2004->,77643620,KEMP,3M513A262EJ,Ford
Сайлентблок рычага переднего Ford Focus 98->Connect2002->,77644160,KEMP,1067918,Ford
Сайлентблок рычага переднего Ford Escort Fiesta 89-99г.(бол.),77644508,KEMP,1035929,Ford
Втулка стабилизатора перед Ford Transit   (в рычаг косточка),77644622,KEMP,86VB5K498AA,Ford
Втулка стабилизатора заднего Ford Transit,77644624,KEMP,86VB5484BA,Ford
Сайлентблок рычага Ford Transit  92 - 2000 г  (длинный),77644646,KEMP,92VB3069AA,Ford
Втулка стабилизатора перед Ford  Transit   92 --  Т 12,77644648,KEMP,92VB5484AA,Ford
Подушка  двигателя  Ford  Escort 92-99  L,77644651,KEMP,94AB6B049CF,Ford
Сайлентблок заднего торсиона Ford Coureir Renault 21 Laguna Megan,77644652,KEMP,95FB5C485AA,Ford
Подушка КПП Ford Mondeo 93-00(задняя),77644654,KEMP,98BB6P082AA,Ford
Сайлентблок рычага Ford Transit 86 - 2000 г (кругл.),77644670,KEMP,92VB3432AA,Ford
Рейка рулевая Ford Transit   (с/ гидроусилителем)  (пыл+тяга),77641052,KEMP,97VB-3N503-BA,Ford
Рейка рулевая Ford Fiesta  96 -- без гидроусилителя,77641053,KEMP,1041275,Ford
Наконечник рулевой тяги Ford Transit 91-00г.,77641549,KEMP,6517364,Ford
Тяга рулевая Ford Transit 86-00г.,77641551,KEMP,92VB3L519AB,Ford
Насос гидроусилителя Ford Transit 2.0 DI/TDCI 00г.-> не под помпу,77641643,KEMP,4509602,Ford
Насос гидроусилителя Ford Transit 2.0 2.4DI  00-06г(без шкива),77641660,KEMP,1473440,Ford
Наконечник рулевой тяги Ford Escort Orion 91-00г. L,77642457,KEMP,1015547,Ford
Наконечник рулевой тяги Ford Escort Orion 91-00г. R,77642458,KEMP,1015546,Ford
Наконечник рулевой тяги Ford Escort Orion ->90г.L/R,77642459,KEMP,84AB3289AA,Ford
Тяга рулевая Ford Focus C-MAX,77642470,KEMP,1251937,Ford
Тяга рулевая Ford Transit Conect Focus 1,77642479,KEMP,1085520,Ford
Тяга рулевая Ford Transit 00->L.  16*1.5,77642484,KEMP,4059923,Ford
Тяга рулевая Ford Transit 00->R.  20*1.5,77642485,KEMP,4059924,Ford
Наконечник рулевой тяги Ford Transit 00->г.,77642500,KEMP,4047091,Ford
Тяга рулевая Ford Escort Orion 90-99 г.с Г/У,77642513,KEMP,91AB3L519CB,Ford
Наконечник рулевой тяги Ford Transit  85-91г.,77642633,KEMP,86VB3289A2D,Ford
Наконечник рулевой тяги Ford Transit 00->г.,77642634,KEMP,FD-ES-0957,Moog
Наконечник рулевой тяги Ford Escort Orion 91-00г.L,77642635,KEMP,FD-ES-4106,Moog
Наконечник рулевой тяги Ford Escort Orion 91-00г.R,77642636,KEMP,FD-ES-4105,Moog
Наконечник рулевой тяги Ford Escort Orion ->90г.L/R,77642637,KEMP,FD-ES-0331,Moog
Наконечник рулевой тяги Ford Focus C-MAX 03-> L,77642638,KEMP,FD-ES-3665,Moog
Наконечник рулевой тяги Ford Focus C-MAX 03-> R,77642639,KEMP,FD-ES-3891,Moog
Наконечник рулевой тяги Ford Fiesta Fusion 01-> L,77642640,KEMP,FD-ES-2261,Moog
Наконечник рулевой тяги Ford Fiesta Fusion 01-> R,77642641,KEMP,FD-ES-2262,Moog
Тяга рулевая Ford Escort Orion 90-99 г.без Г/У,77642653,KEMP,91AB3L519BA,Ford
Наконечник рулевой тяги Ford Siera 82-93 L,77642711,KEMP,5021414,Ford
Насос гидроусилителя Ford Fiesta Courier Fiesta 3  1.8D TD,77643883,KEMP,7140218,Ford
Пыльник рулевой тяги Ford Transit V184 (зад.привод) 2001-> R,77644176,KEMP,3K661KYL-Q1,Kaylas
Насос гидроусилителя Ford Transit 2.4 TDCI 06г.->,77645581,KEMP,1569693,Ford
Рейка рулевая Ford Transit  V347 (с/ гидроусилителем),77645683,KEMP,7C19-3200-AD,Ford
Насос гидроусилителя Ford Transit 2.5DI/TD 91-94г.,77645750,KEMP,6588779,Ford
Насос гидроусилителя Ford Transit Mondeo III 2.0 DI/TDCI 00г.-> под помпу,77645751,KEMP,1C153A674AD,Ford
Наконечник рулевой тяги Ford Transit Connect 02-> L/R,77646662,KEMP,4381840,Ford
Рейка рулевая Ford Transit гидро 91-00 пыльник тяга,7764895,KEMP,6869955,Ford
Рейка рулевая Ford Transit 91-00 мех,7764896,KEMP,5028806,Ford
"Прокладка головки Ford 2,0  ОНC",77641124,KEMP,30-025148-10,Goetze
Бензонасос Ford ОНС  механический (не разборной),77641158,KEMP,69EN9350BA,Ford
Бензонасос Ford Escort CVH  (  3 выхода ) механический,77641159,KEMP,6171967,Ford
"Распредвал Ford Sierra, Scorpio ОНС  1.6 - 2.0",77641197,KEMP,78HM6250BA,Ford
Форсунка Ford Transit  2.5 D 91-94,77641199,KEMP,26632,Stanadyne
Фильтр топливный Ford Transit 2.2;2.4 TDCi 00->,77641208,KEMP,6C119176AA,Ford
"Фильтр топливный Ford Escort, Mondeo  ЗЭТЭК",77641209,KEMP,92FB-9155-A1B,Ford
Фильтр маслянный Ford Mondeo  ЗЭТЭК,77641214,KEMP,OC 266,Mahle Original
Фильтр маслянный Ford CVH,77641215,KEMP,OC 235,Mahle Original
Фильтр маслянный Ford 1.8 д,77641216,KEMP,OC 203,Mahle Original
Прокладка головки Ford Transit   2.5 д,77641380,KEMP,6518302,Ford
Форсунка Ford Transit  2.5 TD 94-00,77641401,KEMP,33408,Stanadyne
Прокладка пердней верхней крышки двигателя Ford 2.0 DOHC,77641483,KEMP,7026537,Elwis Royal
Прокладкa поддона Ford 0.9-1.1,77641505,KEMP,103960,Elring
Вкладыши шатунные. Ford Transit 2.5D/TD STD к-т,77641528,KEMP,71-4167-4 STD,Federal Mogul
Вкладыши шатунные Ford Transit 2.5D/TD  (+0.25) к-т,77641529,KEMP,71-4167-4 0.25mm,Federal Mogul
Вкладыши шатунные Ford Transit 2.5D/TD  (+0.50) к-т,77641530,KEMP,71-4167-4 0.50mm,Federal Mogul
Вкладыши шатунные Ford 1.6-2.0 OHC STD,77641889,KEMP,87371600,Kolbenschmidt
Вкладыши шатунные Ford 1.6-2.0 OHC +0.25,77641890,KEMP,87371610,Kolbenschmidt
Вкладыши коренные Ford 1.6-2.0 OHC STD,77641891,KEMP,87370600,Kolbenschmidt
Вкладыши коренные Ford 1.6-2.0 OHC +025,77641892,KEMP,87370610,Kolbenschmidt
Прокладка головки Ford Escort 1.3 BL 89->,77642123,KEMP,612743500,Victor Reinz
Прокладка головки Ford Sierra 1.6 83.2mm ( эконом),77642124,KEMP,612554010,Victor Reinz
Патрубок интеркуллераFord Connect 2002->,77642726,KEMP,1229499,Ford
Распредвал Ford Transit 2.5D 89->,77643115,KEMP,924F6250AA,Ford
Рокер Ford Transit 2.5D,77643116,KEMP,XS1Q6529AA,Polcar
Фильтр топливный Ford Transit 2.5D->97г.,77643135,KEMP,6202100,Ford
Шкив коленвала Ford Transit  Conect Focus 1.8TDCI,77643520,KEMP,1151392,Ford
Распредвал Ford Escort 1.4-1.6 CVH,77643533,KEMP,81SM6251KE,Ford
Распредвал Ford Escort 1.3 OHV 89->,77643534,KEMP,98BM6251BA,Ford
"Шланг генератора (бронир.), Ford Transit 2.5D/TD",77644267,KEMP,1113713,Ford
Распредвал Ford Escort 1.4-1.6 CVH(карбюратор) !без гарантии!,77645816,KEMP,1614766,Ford
Прокладка головки Ford Sierra Scorpio  2.0 DOHC,77646038,KEMP,7087348,Ford
Прокладка головки 3 метки Transit  V347  2.2 TDCI,77646039,KEMP,1372297,Ford
"Комплект прокладок FORD 1,6D (малый комплект)",77647416,KEMP,5011843,Ford
Комплект прокладок инжек  DOHC (малый комплект),77647417,KEMP,5020864,Ford
Комплект прокладок карбюр   DOHC (малый комплект),77647418,KEMP,5028550,Ford
Вкладыши шатунные Ford 1.3-1.6 CVH STD,77647748,KEMP,87373600,Kolbenschmidt
Вкладыши шатунные Ford 1.3-1.6 CVH +0.75,77647749,KEMP,87373630,Kolbenschmidt
Вкладыши шатунные Ford 1.3-1.6 CVH +1,77647750,KEMP,87373640,Kolbenschmidt
Вкладыши коренные Ford  1.1-1.6  STD,77647751,KEMP,87372600,Kolbenschmidt
Вкладыши коренные Ford  1.1-1.6  +025,77647752,KEMP,87372610,Kolbenschmidt
Вкладыши коренные Ford  1.1-1.6  +050,77647753,KEMP,87372620,Kolbenschmidt
Вкладыши коренные Ford  1.4-1.6 CVH STD,77647754,KEMP,77327600,Kolbenschmidt
Вкладыши коренные Ford  1.4-1.6 CVH +0.25,77647755,KEMP,77327610,Kolbenschmidt
Вкладыши коренные Ford  1.4-1.6 CVH +0.50,77647756,KEMP,77327620,Kolbenschmidt
Вкладыши коренные Ford 1.6-2.0 OHC +050,77647757,KEMP,87370620,Kolbenschmidt
Вкладыши шатунные Ford 1.6-2.0 OHC +0.50,77647758,KEMP,87371620,Kolbenschmidt
Вкладыши шатунные Ford 2.0 DOHC STD,77647759,KEMP,0141664STD,Federal Mogul
Вкладыши шатунные Ford 2.0 DOHC +0.25,77647760,KEMP,01416640.25,Federal Mogul
Вкладыши шатунные Ford 2.0 DOHC +0.50,77647761,KEMP,01416640.50,Federal Mogul
Вкладыши коренные Ford 2.0 DOHC STD,77647762,KEMP,H11635STD,Glyco
Вкладыши коренные Ford 2.0 DOHC +0.25,77647763,KEMP,H11635 025,Glyco
Вкладыши коренные Ford 2.0 DOHC +0.50,77647764,KEMP,H11635 050,Glyco
Прокладка впускного колектора Ford V6,77648062,KEMP,1659956,Ford
Прокладка клапана сапуна Ford OHC,77648063,KEMP,6004365,Ford
Прокладка карбюратора центральная Ford,77648064,KEMP,6124144,Ford
Прокладка карбюратора центральная Ford,77648065,KEMP,6148604,Ford
Прокладка выпускного коллектора 2.5D/TD/TDI TRANSIT 1986-2000,77648066,KEMP,6193676,Ford
Прокладка карбюратора центральная Ford,77648067,KEMP,1602435,Ford
"Комплект прокладок 1,8CVH (малый комплект)",77648073,KEMP,5020122,Ford
"Комплект прокладок SIERRA 2,3D (малый комплект)",77648074,KEMP,0198.94,Peugeot/Citroen
Ремкомплект Комплект пр-кк карбюратора Ford Scorpio Sierra,77648075,KEMP,W549.1,Meat&Doria
Ремкомплект Комплект пр-кк карбюратора Ford Escort XR2 Orion,77648076,KEMP,W547.1,Meat&Doria
Ремкомплект Комплект пр-кк карбюратора Ford Granada 2.8,77648078,KEMP,W553 1,Meat&Doria
"Прокладка впускного колектора Ford V6 SIERRA GRANADA 2,0",77648631,KEMP,6100163,Ford
"Прокладка впускного колектора Ford V6 SIERRA GRANADA 2,3",77648632,KEMP,6137857,Ford
Комплект прокладок карбюр    ESCORT IV 1.4 (малый комплект),77648633,KEMP,W548,WE Parts
"Ручка двери  Ford Escort, Sierra, Scorpio -- 90 г. R",77641049,KEMP,7220479,Ford
Замок двери Ford Transit 95  -- др  вид ( комплект 5лич.),77641142,KEMP,SS 201025,Leader Parts
Замок задней двери Ford Transit 86-> (ляда) ( механизм ),77643125,KEMP,95VBV43150AA,Ford
Ручка задних распашных дверей Transit 86->(железная),77643128,KEMP,86VBV43400AE,Ford
Фонарь Ford Transit V184 2001 -- задний  R,77644105,KEMP,1205701,Ford
Фонарь Ford Transit V347 2006 -- задний  R,77644107,KEMP,1459901,Ford
Ручка задних  дверей (ляда) Transit V-184  00-06,77644402,KEMP,1488638,Ford
Ручка сдвижной двери Transit 86->(пластик),77644737,KEMP,1646113,Ford
Кронштейн сдвижной двери средний Ford Transit V184 01-> V347 06->,77645671,KEMP,YC15V268B40AJ,VAG
Кронштейн сдвижной двери нижний Ford Transit V184 01->(с кронштейном),77645746,KEMP,YC15V25000AF,VAG
Кронштейн сдвижной двери средний Ford Transit 01->,77645747,KEMP,4358223,Ford
Кронштейн сдвижной двери верхний Ford Transit V184 01->(без кронштейна),77645748,KEMP,YC15V25028AF,Ford
Кронштейн сдвижной двери верхний Ford Transit V184 01->(с кронштейном),77645749,KEMP,YC15V25028AC,Ford
Кронштейн сдвижной двери верхний Ford Transit 86-00,77646625,KEMP,86VBV25028AMYCQF,Ford
Кронштейн сдвижной двери нижний Ford Transit 86-00,77646626,KEMP,86VBV25000AG,Ford
Фонарь Ford Transit Connect 2009-> задний  R,77647090,KEMP,9T1613404AC,Ford
Суппорт задний Ford Mondeo IV Kuga S-Max Galaxy 2007 -> -L,7764 7182,KEMP,1460305,Ford
Суппорт задний Ford Mondeo IV Kuga S-Max Galaxy 2007 -> -R,7764 7183,KEMP,1465776,Ford
Суппорт задний Ford  TRANSIT Bus  TDCi 2008-2014 -L  (без скобы),7764 7196,KEMP,1371412,Ford
Суппорт задний Ford  TRANSIT Bus  TDCi 2008-2014 -R  (без скобы),7764 7197,KEMP,1371407,Ford
Суппорт задний Ford Focus 1 98-04 - L,7764 8447,KEMP,1075554,Ford
Суппорт задний Ford Focus 1 98-04 - R,7764 8448,KEMP,1075553,Ford
Подшипник выжимной Ford Escort - 95 г,77641057,KEMP,3151073131,Sachs
"Вакуумный насос тормозов Ford Sierra, Scorpio 2.3-2.5D/TD (без гарантии)",77641059,KEMP,6122312,Ford
Вакуумный насос на генераторе Ford Transit ( LUCAS ),77641081,KEMP,1669395,Ford
Цилиндр тормозной задний Ford Transit 91 -- Т12,77641153,KEMP,92VB2261BA,Ford
Диск сцепления Ford Transit 2.5 д   диам 242.,77641174,KEMP,18-2603,Leader Parts
"Корзина сцепления Ford Sierra, Scorpio 2.0 ОНС",77641176,KEMP,122002612,LUK
Колодки тормозные передние Ford Focus,77641177,KEMP,JFD-054,SBS
Колодки тормозные Ford Transit 92 -- Т 12. передние,77641179,KEMP,GDB1084,TRW
Колодки тормозные Ford Transit 92 -- Т 15. передние,77641180,KEMP,JFD-082,Leader Parts
Колодки тормозные Ford Transit 2000 -- передние,77641181,KEMP,2610044,Polcar
Колодки тормозные передние Ford Mondeo -- 93,77641182,KEMP,GDB1107,TRW
Колодки тормозные передние Ford Mondeo 2000,77641183,KEMP,0676300,Polcar
Колодки тормозные задние Ford Escort  -- 90 г180*32,77641184,KEMP,C0G021JC,Japan Cars
Шланг тормозной задний Ford Escort -- 90 - LH 280mm,77641190,KEMP,FE86-1,Polcar
Колодки тормозные задние Ford Scorpio -- 85,77641397,KEMP,87GX2M008BA,Ford
Колодки тормозные передние Ford Fiesta 2001 -->с АВS,77641922,KEMP,GDB1419,TRW
Колодки тормозные задние Ford Focus II 2004 --> C-MAX 2003,77641925,KEMP,3M512M008AC,Ford
Колодки тормозные Ford Transit 91 --  Т12 задние,77641927,KEMP,6579150,Ford
Суппорт передний Ford Transit - L 91-00г.R14 (без скобы),77642060,KEMP,6197742,Ford
Цилиндр тормозной задний Ford Mondeo 93-96,77642080,KEMP,67660266,TRW
"Вакуумный насос тормозов Ford, Peugeot, Citroen D/TD(без шкива)",77642148,KEMP,1583157,Ford
Диск сцепления 190*17 Ford Escort 1.1-1.4 81-90г.,77642196,KEMP,1861 747 033,Sachs
Шланг тормозной задний Ford Escort -- 90 - LH,77642303,KEMP,FT2102,K&K
Шланг тормозной задний Ford Escort -- 90 - RH,77642304,KEMP,FT2103,K&K
Подшипник выжимной  Ford  Transit 2000-> (гидравлический),77642597,KEMP,510012210,LUK
Колодки тормозные Ford Transit 2000 -- передние R16,77642606,KEMP,GDB1424,TRW
Шланг тормозной передний  Ford Transit 92-> LH,77642715,KEMP,92VB2078BA,Ford
Шланг тормозной передний  Ford Transit 92-> RH,77642716,KEMP,92VB2078AA,Ford
Диск сцепления Ford Fiesta Coureir 1.8 д.  диам.210,77642718,KEMP,321004710,LUK
Корзина сцепления Ford Escort 1.3-1.6D 190mm,77642719,KEMP,119002410,LUK
Корзина сцепления Ford Escort 1.8D 220mm 88->,77642720,KEMP,122011410,LUK
Диск тормозной передний вент.Ford Transit 00->(задний привод),77643082,KEMP,4041428,Ford
"Диск сцепления 215*23 Ford Sierra, Scorpio 1,8-2,0",7764338,KEMP,1878 045 541,Sachs
Подшипник выжимной Ford Escort  95 --,77643485,KEMP,3151889001,Sachs
Подшипник выжимной  Ford  ОНС  SACHS,77643498,KEMP,75BB7548AA,Ford
Трещотка сцепления Ford Transit ->97г.,77643609,KEMP,01386,Febi
"Суппорт задний Ford Focus2 C MAX - L mazda 3 bk 03-08VOLVOC30/70,S40,V50 03~",77643699,KEMP,1223706,Ford
"Суппорт задний Ford Focus2 C MAX  R mazda 3 bk 03-08VOLVOC30/70,S40,V50 03~",77643700,KEMP,1223704,Ford
Суппорт задний Ford Scorpio Sierra ABS - L,77643709,KEMP,5023226,Ford
Суппорт задний Ford Scorpio Sierra ABS- R,77643710,KEMP,5023225,Ford
Вакуумный насос тормозов Ford Escort Fiesta Focus Conect 1.8D;TD;TDCI,77643904,KEMP,1119420,Ford
Вакуумный насос тормозов Ford Transit 2.4;TDCI 00->,77643905,KEMP,1103470,Ford
Колодки тормозные Ford Focus 1 98-> задние(203*38),77644454,KEMP,1121669,Ford
Колодки тормозные Ford Focus 2 2004-> задние барабан(228*42),77644455,KEMP,1224569,Ford
Колодки тормозные Ford Fiesta Fusion 01-> задние(203*38),77644456,KEMP,1123790,Ford
Шланг тормозной передний   Ford Transit 92-> RH,77644458,KEMP,6577423,Ford
Ремкомплект суппорта Ford Transit V-184,77644691,KEMP,YC152B107AA,Ford
Пружинки задних тормозных колодок Ford Escort ->90г.(к-кт),77645146,KEMP,6088222,Ford
Колодки тормозные передние Ford Transit 2000 -- V184 (передний привод),77645556,KEMP,ST1261,TRW
Колодки тормозные задние Ford Transit 2006 -> V347,77645557,KEMP,ST1475,TRW
Колодки тормозные Ford Transit 2006 -> передние 2.4TDCI,77645558,KEMP,ST1477,TRW
Скоба заднего супорта Ford Mondeo S-Max  Galaxy 07->  с направл.,77645791,KEMP,1426835,Ford
Диск сцепления Ford Sierra 2.3D 2.0-2.9V6 Scorpio 2.4-2.9V6  242*23.,77645826,KEMP,324007710,LUK
Диск сцепления  190 х 17 Fiesta Fusion 1.25 - 1.4  2001 >,77646029,KEMP,1878001816,Sachs
Диск сцепления  235*23  Connect 1.8 DI  TDCI   2002 >,77646030,KEMP,C0584735,Leader Parts
Диск сцепления Ford Escort 1.8 д.  диам.220*17,77646255,KEMP,803113,VALEO PHC
Суппорт передний Ford Transit - L 91-00г.R15,77648239,KEMP,6197743,Ford
Суппорт передний Ford Transit- R 91-00г..R14 (без скобы),77648240,KEMP,6197740,Ford
"Суппорт передний Ford Focus2;3 C MAX  L mazda 3 bk 04->VOLVOC30/70,S40,V50 03~",77648401,KEMP,1223615,Ford
"Суппорт передний Ford Focus2;3 C MAX  R mazda 3 bk 04->VOLVOC30/70,S40,V50 03~",77648402,KEMP,1223616,Ford
Суппорт задний Ford Galaxi  S-MAX  06->  L(эл.привод ст.торм.),77648403,KEMP,1493796,Ford
Суппорт задний Ford Galaxi  S-MAX  06->  R(эл.привод ст.торм.),77648404,KEMP,1426840,Ford
Суппорт передний Ford Transit  L 06-> (без скобы),77648405,KEMP,1434148,Ford
Суппорт передний Ford Transit  R 06-> (без скобы),77648406,KEMP,1434147,Ford
Суппорт передний Ford Transit   L 01-> (без скобы),77648407,KEMP,YC152B121AA,Ford
Суппорт передний Ford Transit   R 01-> (без скобы),77648408,KEMP,YC152B120AA,Ford
Суппорт задний Ford  TRANSITConnect 2002->  L  (без скобы),77648435,KEMP,4387366,Ford
Суппорт задний Ford  TRANSITConnect 2002->  R  (без скобы),77648436,KEMP,4387364,Ford
Суппорт задний Ford MONDEO 3   00-07  -L,77648441,KEMP,1144079,Ford
Суппорт задний Ford MONDEO 3   00-07  -R,77648442,KEMP,1144076,Ford
Суппорт передний Ford Focus2; C MAX  L mazda 3,77648443,KEMP,1755032,Ford
Суппорт передний Ford Focus2; C MAX  R mazda 3,77648444,KEMP,1755031,Ford
Суппорт задний Ford  TRANSIT Bus  TDCi 2006-2014 -L RWD   (без скобы),77648922,KEMP,1501244,Ford
Суппорт задний Ford  TRANSIT Bus  TDCi 2006-2014 -R RWD  (без скобы),77648923,KEMP,1501243,Ford
"Комутатор Ford Scorpio, Sierra   [Motorcraft]",77641136,KEMP,6109051,Ford
Катушка зажигания Ford Escort CVH,77641141,KEMP,KD - 8001,Cadic
Свечи зажигания Ford  ДОНС,77641206,KEMP,PSB7E6,Lucas
Генератор Ford Transit  с вакумом  ( LUCAS ),77641376,KEMP,JFZB 1730,Polcar
Стартер Ford Escort Mondeo 1.6-1.8 16V 95-00г.Focus,77641616,KEMP,0001108121,Bosch
Муфта генератора обгонная  Ford Transit V184 (шкив),77642599,KEMP,ZNP-28591,ZNP
Бендикс Ford Transit 2.5D 96->Motorcraft,77642727,KEMP,18405,ZNP
Бендикс Ford Transit 2001->  V184 (3 части),77642728,KEMP,18402,ZNP
Насос омывателя Ford  [2 выхода],77642729,KEMP,1652613,Ford
Бендикс Ford Sierra  Escort 1.8D/TD,77644168,KEMP,18361,ZNP
Переключатель света +ст.очистителей Ford Transit 92->,77644187,KEMP,11K665F-V,ATY
Мотор переднего стеклоочистителя  Ford Transit V184,77645016,KEMP,1097546,Ford
Мотор переднего стеклоочистителя  Ford Transit Connect 02->,77645017,KEMP,8T1617508AA,Ford
Стеклоподъемник електрический Ford Transit Connect 2002-> передний L (с мотором),77645030,KEMP,2T14V23201BG,Ford
Стеклоподъемник електрический Ford Transit Connect 2002-> передний R (с мотором),77645031,KEMP,2T14V23200BG,Ford
Стеклоподъемник електрический Ford Transit 00-06 передний L (с мотором),77645032,KEMP,YC15V23201 BJ,Ford
Стеклоподъемник електрический Ford Transit 00-06 передний R  (с мотором),77645033,KEMP,YC15V23200 BJ,Ford
Переключатель поворотов Ford Transit 91->,77645650,KEMP,91VB13B302AH,Ford
Реле стартера втягивающее Ford Opel/ Fiat VW/Audi  (тип Bosch),77645767,KEMP,0331303071,Ford
Переключатель поворотов света Ford Escort Orion 86-90,77645772,KEMP,6138952,Ford
Переключатель света +ст.очистителей Ford Transit 92->,77645781,KEMP,95VB11K665AA,Ford
Плата заднего фонаря Ford Connect 2002--2009  г.,77646054,KEMP,SN07-0158,Polcar
"Стартер Ford Escort Mondeo 2 Focus 2 1.6-2,0 16V 95-04г.",77648081,KEMP,0001107016,Bosch
Мотор переднего стеклоочистителя  Ford Transit Connect 02->,77648213,KEMP,064300022010,Magneti Marelli
Шрус наружный Ford Escort 1.4 - 1.6 - 90 г,77641166,KEMP,21760,GKN-Spidan
Шрус наружный Ford Focus,77641167,KEMP,FD 808,GPD
Шрус наружный Ford Fiesta1.0 - 1.1 89 - 94 г,77641168,KEMP,FD 819,GPD
Шрус наружный Ford Escort 90 - 2 подш,77641169,KEMP,FD 815,GPD
Шрус наружный Ford Escort 1.4 - 1.8 д  90,77641170,KEMP,23736,GKN-Spidan
Шрус наружный Ford Transit  2000 -- ( 26 шлиц ),77641172,KEMP,FD-821A48T,GP
Шрус наружный Ford Fiesta 96->г,77641238,KEMP,20188,GKN-Spidan
Крестовина карданного вала Ford Transit  2000 ->,77641246,KEMP,GU-220,STD Ecem
Пыльник полуоси Ford Sierra 1.6-2.0,7764237,KEMP,500128 ERT,ERT
Шрус трешип внутрений Ford Fiesta Escort Orion,77642602,KEMP,90AG4635AA,Ford
Шрус трешип внутрений Ford Focus 1.4-1.6 98->,77642603,KEMP,XS4C3W007AA,Ford
Шрус трешип внутрений Ford Transit 2001->z26 d38,77642604,KEMP,4119965,Ford
Шрус наружный Ford Transit  2000 -- ABS ( 28*26 шлиц ),77643295,KEMP,1C153A327BA,Ford
"Шрус Ford Scorpio, Sierra abs",77643335,KEMP,21561,GKN-Spidan
Шрус наружный Ford Transit  Connect (75 PS),77644130,KEMP,SS9201,DP Group
Пыльник шруса Ford Scorpio (комплект),77644150,KEMP,195970301,Ford
Шрус наружный Ford Transit  Connect,77644379,KEMP,25-1489/MG,Maxgear
Шрус наружный Ford Transit  Connect (90PS),77644734,KEMP,25123,GKN-Spidan
"Шрус трешип внутрений Ford Transit  Connect, (75 PS)",77645178,KEMP,SS1437,Ford
"Шрус Ford Scorpio, Sierra abs (без гарантии)",7764735,KEMP,1493963,Ford
Шрус наружный Ford Sierra Scorpio 4*4 (передний наружный),77647652,KEMP,1627944,Ford
Шрус наружный Ford Mondeo 3  00-07,77648537,KEMP,21449,GKN-Spidan
Шрус наружный Ford Mondeo  93-00,77648538,KEMP,20978,GKN-Spidan
Шрус наружный Ford Focus 2 1.4-1.6 04->C MAX 1.6 07->,77648548,KEMP,24925,GKN-Spidan
Шрус наружный Ford Focus 2 04->C MAX 1.8-2.0 07->,77648549,KEMP,24868,GKN-Spidan
Шрус наружный Ford Focus 3  11-> 27*23,77648556,KEMP,25412,GKN-Spidan
Шрус наружный Ford Focus 3 11->C MAX  10->(27*24),77648574,KEMP,1692086,Ford
"Шрус трешип внутрений Ford Focus 1,8-2,0 98-05",77648581,KEMP,1061888,Ford
Ремень гидроусилителя Ford Scorpio 2.0 DOHC 89г.,77641277,KEMP,6PK1815,Contitech
Ремень генератора Ford Transit 2.0 2001г.->,77643118,KEMP,6PK831,Contitech
Шестерня Спидометра F Transit (зеленая)(21зуб),77644145,KEMP,958T17271EA,Ford
Крышка бензобака  Ford Transit 86-91,77644604,KEMP,247548,VALEO PHC
Амортизатор передний Chevrolet Aveo   L c ABS  (масло.),77641294,KEMP,314766,Sachs
Амортизатор передний Chevrolet Aveo   R c ABS  (масло.),77641295,KEMP,314767,Sachs
Амортизатор передний Chevrolet Lachetti    L,77641566,KEMP,313466,Sachs
Амортизатор передний Chevrolet Lachetti   R,77641567,KEMP,313467,Sachs
Амортизатор задний Chevrolet Lachetti   L газ,77641568,KEMP,313468,Sachs
Амортизатор задний Chevrolet Lachetti   R газ,77641569,KEMP,313469,Sachs
Амортизатор передний Chevrolet Aveo    L без ABS  (масло.),77641570,KEMP,96534981Y,Sachs
Амортизатор передний Chevrolet Aveo    R без ABS (масло.),77641571,KEMP,96534982Y,Sachs
Амортизатор передний Daewoo Nubira 99->г. L.,77642035,KEMP,290175,Sachs
Амортизатор передний Daewoo Nubira 99->г. R.,77642036,KEMP,290174,Sachs
Амортизатор  кр. багажника Daewoo Lanos HB(450N) 270-480mm,77642735,KEMP,96306157,General Motors
Амортизатор  кр. багажника Daewoo Lanos HB(500N) 270-480mm,77642736,KEMP,96306157,General Motors
Амортизатор  кр. багажника Daewoo Matiz 98-> (300N) 280-500mm,77642737,KEMP,96314606,General Motors
Амортизатор задний Chevrolet  Aveo,77642747,KEMP,312975,Sachs
Амортизатор  кр. багажника Chevrolet Aveo 470-200mm (560N),77642868,KEMP,96540939,General Motors
Амортизатор задний Daewoo Sens Lanos Nexia (масло),77644005,KEMP,105790,Sachs
Амортизатор задний Daewoo Sens Lanos Nexia (газ),77644006,KEMP,105791,Sachs
Амортизатор передний Daewoo Sens Lanos Nexia (масло),77644007,KEMP,100338,Sachs
Амортизатор передний Daewoo Sens Lanos Nexia (газ),77644008,KEMP,100678,Sachs
Амортизатор  кр. багажника Daewoo Lanos HB 475-174mm 440N,77644770,KEMP,96306157,General Motors
Амортизатор  кр. багажника Daewoo Matiz 98-> 495-182mm 300N,77644775,KEMP,96563503,General Motors
Вентилятор основной Daewoo Lanos AC+,77641263,KEMP,96183756,General Motors
Термостат Daewoo Matiz Tico 0.8-1.0,77642791,KEMP,94580182,General Motors
"Термостат Daewoo Lanos, Nubira, Chevrolet Aveo, Laceti 16Vс корпусом",77642792,KEMP,96282726,General Motors
Помпа водяная Daewoo Matiz 0.8-1.0,77642873,KEMP,96666219,General Motors
Распределитель воды (тройник)  LANOS,77643452,KEMP,96352644,General Motors
Патрубок радиатора CHEVROLET  AVEO (нижний),77644192,KEMP,96536613,General Motors
Патрубок радиатора Daewoo Nexia (нижний),77644195,KEMP,96144555,General Motors
Мотор печки Daewoo Nexia,77644354,KEMP,96168699,General Motors
Патрубок радиатора Daewoo Lanos (верхний),77644356,KEMP,96182268,General Motors
Крышка расширительного бачка Lacetti  Lanos Nexia,77644915,KEMP,96420303,General Motors
Крышка расширительного бачка Lacetti  Lanos Nexia 16V 1.2bar.,77644921,KEMP,96293957,General Motors
Бачек розширительный Daewoo Lanos,77644936,KEMP,96182279,General Motors
Мотор радиатора Chevrolet Laceti Daewoo Nubira 04-> 300mm 120W,77647209,KEMP,96553364,General Motors
Мотор радиатора Daewoo Nexia 95->,77647210,KEMP,96353136,General Motors
Дифузор радиатора с мотором Chevrolet Aveo T250;255 08-> 300mm 110W,77647214,KEMP,96536522,General Motors
Мотор радиатора Chevrolet Aveo T300  90W,77647223,KEMP,95962652,General Motors
Мотор радиатора Сhevrolet Aveo T300(11-),77647230,KEMP,95352379,General Motors
Мотор печки Chevrolet Lacetti Daewoo Nubira,77647234,KEMP,96554418,General Motors
Мотор печки  Daewoo Matiz,77647235,KEMP,96279352,General Motors
Мотор печки  Chevrolet Aveo T255 08->AC-,77647237,KEMP,95978694,General Motors
Мотор печки  Chevrolet Aveo T200-255 08->AC+,77647238,KEMP,95978693,General Motors
Радиатор Chevrolet Aveo 1.6  600*430 АКП плоские соты,77641747,KEMP,P96536526,General Motors
Радиатор печки Daewoo  Lanos  (плоские соты),77641957,KEMP,96231949,General Motors
Радиатор печки Chevrolet Aveo,77641977,KEMP,96539642,General Motors
Радиатор Chevrolet Aveo 1.4 16V 480*415 АКП плоские соты,77642105,KEMP,96536524,General Motors
"Радиатор Chevrolet Aveo 1,2-1,4 480*410 плоские соты",77642106,KEMP,96443475,General Motors
Радиатор Daewoo Matiz 0.8 458*295,77642221,KEMP,96314162,General Motors
Радиатор Daewoo Matiz 0.8 458*295 АКП  плоские соты,77642281,KEMP,96325520,General Motors
Радиатор Daewoo Matiz 0.8 458*295 мех.98->,77642282,KEMP,96325776,General Motors
Радиатор Chevrolet Laceti АКП 370*700 04->плоские соты,77642283,KEMP,96553243,General Motors
Радиатор Chevrolet Laceti мех.КПП 370*700 04->плоские соты,77642284,KEMP,96553378,General Motors
Радиатор Chevrolet Tacuma АКП 370*702 00->плоские соты,77642285,KEMP,96271475,General Motors
Радиатор Chevrolet Evanda АКП 720*390,77642286,KEMP,96278702,General Motors
Радиатор Daewoo Matiz 0.8 -1.0 458*295,77643033,KEMP,96322941,General Motors
Радиатор Chevrolet Laceti АКП 370*700 04->,77643034,KEMP,96553243,General Motors
Радиатор Chevrolet Aveo 1.6  600*430 AKП,77643284,KEMP,96536527,General Motors
Радиатор печки Daewoo   Lanos (пластиковый),77643286,KEMP,96231949,General Motors
Радиатор печки Daewoo Nexia (пластик алюминий),77643287,KEMP,3059812,General Motors
Радиатор кондиционера Daewoo Lanos 537*362(без осушителя),77643571,KEMP,96303204,General Motors
Радиатор кондиционера Chevrolet Aveo 2011->(с осушителем),77643729,KEMP,96943762,General Motors
Радиатор печки Chevrolet Lacetti,77644206,KEMP,96554446,General Motors
Радиатор кондиционера Daewoo Chevrolet Matiz 510*308(с осушителем),77644429,KEMP,96591582,General Motors
Радиатор Daewoo Nexia 1.5  635*382 АКП,7764453,KEMP,96144570,General Motors
Радиатор Chevrolet Aveo T300 11->TRAX (13-) OPEL MOKKA (13-) мех КПП АС+(пл.сот),7764495,KEMP,95460095,General Motors
Радиатор печки Daewoo  Lanos,77645154,KEMP,96190674,General Motors
Радиатор печки Daewoo Nexia (ПЛОСКИЕ СОТЫ алюминий)180*135*40мм,77645641,KEMP,3059812,General Motors
Радиатор кондиционера Daewoo Sens 537*362(без осушителя),77646219,KEMP,96274635,General Motors
Радиатор печки Daewoo  Matiz (ПЛОСКИЕ СОТЫ алюминий) 152*166,77646224,KEMP,96314858,General Motors
Радиатор печки Chevrolet Aveo 195*150  (плоские соты),77646227,KEMP,P96539642,General Motors
Радиатор печки Chevrolet Lacetti (плоские соты),77646236,KEMP,P96554446,General Motors
Радиатор Chevrolet CRUZE мех.КПП  09->,77646751,KEMP,13267651,General Motors
Радиатор кондиционера Chevrolet Tacuma Daewoo Rezzo  545*360,77647484,KEMP,96452049,General Motors
Радиатор Daewoo Sens 480*340,7764769,KEMP,2301130101220,General Motors
"Радиатор Daewoo Nubira 97-99 АКП 1,6-2,0 654*380",77648055,KEMP,96351931,General Motors
"Радиатор Daewoo Nubira 99-00 мех 1,6-2,0  Leganza 97-02 655*382",7764881,KEMP,96273596,General Motors
Радиатор Daewoo Lanos 1.5 АКПП 635*382,7764942,KEMP,96182260,General Motors
"Радиатор Daewoo Nubira 97-00 Leganza 97-02 АКПП 1,6 АС+- 655*382",7764943,KEMP,96273594,General Motors
"Радиатор Daewoo Lanos,1,3-1,6 мех АС+ 635*382 плоские соты",7764957,KEMP,96182261,General Motors
Подшипник задней ступицы Chevrolet Aveo 25*52*37,77641853,KEMP,77641853,General Motors
Ролик натяжной ремня ГРМ Daewoo Lanos,77641968,KEMP,96350550,General Motors
Ролик промежуточный ремня ГРМ Daewoo Lanos,77641969,KEMP,96350526,General Motors
Пыльник шруса  Daewoo Lanos внутрений.,7764235,KEMP,96243579,General Motors
Ролик паразитний клинового ремня  Daewoo Lanos,77642997,KEMP,96208428,General Motors
Подшипник передней ступицы Daewoo Matiz комплект,77644010,KEMP,713625140,FAG
Подшипник задней ступицы Daewoo Matiz комплект,77644021,KEMP,713625120,FAG
"Ролик натяжной поликлинового ремня Chevrolet Aveo, Lacetti, Nubira без механизма",77644357,KEMP,96349976,General Motors
Ролик натяжной ремня ГРМ Daewoo Matiz 0.8:1.0 Tico 0.8,77644872,KEMP,94580139,General Motors
Ролик натяжной ремня ГРМ Daewoo Espero 1.8-2.0,77644889,KEMP,93202400,General Motors
Ролик промежуточный  ремня ГРМ Daewoo Lanos  Nubira Nexia 16V (29.2*64+M8),77644890,KEMP,96103222,General Motors
Ролик паразитний  поликлинового ремня  Chevrolet Aveo Lacetti Nubira,77644891,KEMP,96183113,General Motors
"Ролик натяжной поликлинового ремня Chevrolet Captiva Epica Lacetti,Daewoo Nubira",77644892,KEMP,96298799,General Motors
Ролик натяжной ремня ГРМ Daewoo Lanos Nexia Nubira 16V Chevr Aveo,77644893,KEMP,96350550,General Motors
"Ролик натяжной поликлинового ремня Chevrolet Aveo, Lacetti, Daewoo Nubira",77644896,KEMP,96349976,General Motors
Ось задней ступицы  Chevrolet AVEO L,77644965,KEMP,96535151,General Motors
Ось задней ступицы Chevrolet AVEO R,77644966,KEMP,96535152,General Motors
Ступица передняя Daewoo Matiz 0.8:1.0,77644967,KEMP,96316757,General Motors
Подшипник пер.ступицы Daewoo Lanos Nexia Espero R14,77645568,KEMP,94535254,General Motors
Ступица передняя Chevrolet Aveo 1.5,77645707,KEMP,96535041,General Motors
Подшипник задней ступицы Chevrolet Aveo 25*52*37,77647573,KEMP,576467,FAG
Подшипник передней ступицы Daewoo Matiz комплект,77647599,KEMP,713625140,FAG
Подшипника задн. ступ  Daewo Lanos Nexia O.Kadet VectraO.Kadet Vectra74->г.,77648102,KEMP,VKBA3255,SKF
Подшипник задней ступицы Daewoo Matiz комплект,77648157,KEMP,713625120,FAG
Рычаг подвески передний L Chevrolet Lacetti (с шаровой),77641731,KEMP,96391850,General Motors
Рычаг подвески передний R Chevrolet Lacetti  (с шаровой),77641732,KEMP,96391851,General Motors
Пружина передняя Chevrolet Aveo 02->,77641841,KEMP,96535004,General Motors
Пружина задняя Daewoo  NEXIA Espero d15h255mm. (прог.завивка)с утоншением,77642073,KEMP,872513,K+F
"Пружина передняя Daewoo Lanos 1,5-1,6 16V 97->г.",77642246,KEMP,4017706,Lesjofors
"Пружина задняя Daewoo Lanos 1,4-1,6 16V 97->",77642247,KEMP,4217705,Lesjofors
Пружина передняя Daewoo Espero  97->г.,77642270,KEMP,4017700,Lesjofors
Пружина задняя Daewoo Espero  97->г.,77642271,KEMP,4217700,Lesjofors
"Пружина передняя Daewoo Lanos 1,5-1,6 16V 97->г.",77642370,KEMP,96257711,K+F
Пружина задняя Daewoo  NEXIA,77642371,KEMP,870510,K+F
Пружина передняя Daewoo Espero 1.5-2.0 97->г.,77642409,KEMP,872502,K+F
Пружина задняя Daewoo  NEXIA Espero (прог.завивка)с утоншением,77642410,KEMP,96179833,General Motors
Пружина передняя Chevrolet Aveo 02->,77642412,KEMP,96535004,General Motors
Пружина задняя Chevrolet Aveo 02->,77642413,KEMP,96494603,General Motors
Пружина задняя Daewoo Matiz.,77642414,KEMP,96323314,General Motors
"Пружина передняя Daewoo Matiz.0,8-1,0",77642415,KEMP,96342022,General Motors
Пружина передняя Daewoo Nubira  97->г.,77642416,KEMP,4017703,Lesjofors
Пружина задняя Daewoo Nubira  97->г.,77642417,KEMP,96250065,General Motors
Пружина задняя Daewoo Nubira Vagon 97->г.,77642418,KEMP,96290477,General Motors
Пружина передняя Chevrolet Lacetti 05->,77642433,KEMP,4014202,Lesjofors
Пружина задняя Chevrolet Lacetti 05->,77642434,KEMP,96407753,General Motors
Стойка стабилизатора перед DaeWoo Nubira 246mm,77642493,KEMP,96300213,General Motors
Стойка стабилизатора перед DaeWoo Nubira Chevrolet Laceti  265mm,77642581,KEMP,96300627,General Motors
Шаровая опора Chevrolet Lacetti,77642672,KEMP,96490218,General Motors
Стойка стабилизатора переднего Chevrolet Lacetti 05-> L,77642689,KEMP,96403099,General Motors
Стойка стабилизатора переднего Chevrolet Lacetti 05-> R,77642690,KEMP,96403100,General Motors
Стойка стабилизатора переднего Chevrolet Aveo Tacuma 03->,77642952,KEMP,96391875,General Motors
Подушка верхняя опорная Daewoo Lanos L,77643566,KEMP,96444919,General Motors
Подушка верхняя опорная Daewoo Lanos R,77643567,KEMP,96444920,General Motors
Шаровая опора  Chevrolet Aveo,77643640,KEMP,96535089,General Motors
Рычаг подвески передний  L Chevrolet Aveo  (с шаровой),77643646,KEMP,96535081,General Motors
Рычаг подвески передний  R Chevrolet Aveo  (с шаровой),77643647,KEMP,96535082,General Motors
Пружина передняя Daewoo Nexia,77647639,KEMP,96187434,General Motors
Пружина задняя Chevrolet Lacetti 05->Daewoo Nubira,77647640,KEMP,96407753,General Motors
Пружина задняя Chevrolet Lacetti универсал 05->Daewoo Nubira vagon,77647663,KEMP,4214206,Lesjofors
Пружина задняя Chevrolet Epica  06->,77647665,KEMP,4214210,Lesjofors
Пружина передняя Chevrolet Epica  06->,77647666,KEMP,4014213,Lesjofors
Подушка двигателя Daewoo Lanos R,77641953,KEMP,90250348,General Motors
Подушка двигателя Chevrolet Aveo L,77642315,KEMP,96535495,General Motors
Подушка двигателя Chevrolet Aveo R,77642316,KEMP,96535429,General Motors
Подушка двигателя Daewoo Lanos задняя,77642804,KEMP,96227422,General Motors
Сайлентблок рычага переднего  Daewoo Lanos Nexia Espero(горизонтальный),77642815,KEMP,90235042,General Motors
Сайлентблок рычага переднего  Daewo Lanos Nexia Espero (зад.),77642890,KEMP,0352338,General Motors
Сайлентблок задней балки  Daewo Lanos,77643661,KEMP,1304.3270,CRB
Подушка двигателя Chevrolet LACETTI 1.6 L,77644623,KEMP,96550232,General Motors
Сайлентблок рычага переднего  Chevrolet Epica Evanda,77644643,KEMP,96328434,General Motors
Сайлентблок рычага переднего  Chevrolet Lacetti,77644644,KEMP,96391856,General Motors
Сайлентблок рычага переднего  Chevrolet Aveo (задний),77644974,KEMP,96653381,General Motors
Сайлентблок рычага переднего  Chevrolet Aveo (передний),77644975,KEMP,96535087,General Motors
Наконечник рулевой тяги Daewoo Nubira Chevrole Laceti  L,77641274,KEMP,96407485,General Motors
Наконечник рулевой тяги  Daewoo Nubira  L/ R.,77641275,KEMP,96205809,General Motors
Наконечник рулевой тяги Daewoo Nubira Chevrole Laceti R,77641299,KEMP,96407486,General Motors
Тяга рулевая Chevrolet Aveo (Шанхай),77641515,KEMP,93732355,General Motors
Тяга рулевая Chevrolet Lacetti,77641711,KEMP,96407484,General Motors
Наконечник рулевой тяги Chevrolet Aveo  L.,77642502,KEMP,93740722,General Motors
Наконечник рулевой тяги Chevrolet Aveo  R.,77642503,KEMP,93740723,General Motors
Наконечник рулевой тяги Chevrolet Aveo L.,77642630,KEMP,93740622,General Motors
Наконечник рулевой тяги Chevrolet Aveo R.,77642631,KEMP,93740623,General Motors
Тяга рулевая Daewoo Lanos R,77642778,KEMP,7848282,General Motors
Насос гидроусилителя Daewoo Lanos,77643093,KEMP,948038,Opel
Наконечник рулевой тяги Chevrolet  Aveo  L. (Шанхай),77643644,KEMP,93740722,General Motors
Наконечник рулевой тяги Chevrolet  Aveo  R.  (Шанхай),77643645,KEMP,93740723,General Motors
Насос гидроусилителя Daewoo Lanos Espero,77643879,KEMP,96230842,General Motors
Рейка рулевая TICO мех,7764892,KEMP,,General Motors
Пробка слива масла Daewoo Lanos/Chevrolet Aveo Lacetti,77642758,KEMP,94501841,General Motors
Крышка маслозаливной горловины Daewoo Nexia,77642770,KEMP,96181843,General Motors
Крышка маслозаливной горловины Daewoo Lanos нового обр.,77642771,KEMP,96351602,General Motors
Сальник коленвала передний Daewoo Lanos 30*42*8,77642779,KEMP,96190258,General Motors
Сальник распредвала Daewoo Lanos 1.5 8кл.,77642782,KEMP,90285291,General Motors
Сальник распредвала Daewoo Lanos 1.6 16кл.,77642783,KEMP,94580413,General Motors
Сальник клапана Chevrolet Lacetti 1.8 16кл 1ШТ,77642784,KEMP,90410741,General Motors
Сальник клапана Daewoo Lanos 8 кл. 1ШТ,77642785,KEMP,90215296,General Motors
Сальник клапана Daewoo Lanos 8 кл. 1ШТ,77642874,KEMP,1304025,Opel
Прокладка головки блока Chevrolet  Lacetti 1.8 ->2008,77643008,KEMP,90411937,General Motors
Прокладка головки блока Daewoo Matiz 1.0,77643322,KEMP,96325170,General Motors
Прокладка головки блока Daewoo Matiz 0.8,77643323,KEMP,94580082,General Motors
Ремень ГРМ Daewoo Matiz 0.8 107YU25,77643324,KEMP,96352965,General Motors
Ремень ГРМ 109YU25,77643325,KEMP,96610029,General Motors
Сальник распредвала Daewoo Matiz 32*47*6,77643328,KEMP,94535472,General Motors
Направляющаие клапанов Daewoo Lanos к-кт (1шт),77643443,KEMP,96350912,General Motors
Рокер Daewoo Lanos Nexia,77643445,KEMP,96351051,General Motors
Сальник коленвала передний Daewoo Lanos 30*42*8,77644189,KEMP,96350161,General Motors
Фильтр топливный Daewoo Nexia,77644203,KEMP,96130396,General Motors
Прокладки двигателя Chevrolet  Lacetti  1.6  комплект,77644364,KEMP,93740513,General Motors
Распредвал Daewoo Lanos Chevrolet Aveo 1.5 i,77648590,KEMP,90264937,General Motors
Распредвал Daewoo Nexia 1.5 i,77648593,KEMP,92244916,General Motors
Распредвал Daewoo Lanos  1.5 i,77648594,KEMP,96182964,General Motors
Зеркало наружное Daewoo Lanos R,77641265,KEMP,96304168,General Motors
Фара противотум.в бампер R Lanos,77641287,KEMP,96303262,General Motors
Емблема Daewoo на капот Lanos,77641291,KEMP,96303492,General Motors
Решотка радиатора Lacetti,77641301,KEMP,965491729,General Motors
Фонарь задний L Chevrolet Lacetti,77641709,KEMP,96551225,General Motors
Фонарь задний R Chevrolet Lacetti,77641710,KEMP,96551226,General Motors
Вкладыш в зеркало Daewoo Lanos L,77641958,KEMP,96273265,General Motors
Решотка радиатора Lanos II,77641960,KEMP,96339429,General Motors
Надпись Daewo,77641962,KEMP,96303494,General Motors
Петля капота Daewoo Lanos R,77641963,KEMP,96304580,General Motors
Петля капота Daewoo Lanos L,77641964,KEMP,96303296,General Motors
Накладка под фару Daewoo Lanos R,77641966,KEMP,96304657,General Motors
Фонарь задний Daewoo Lanos R наружный,77641973,KEMP,96304621,General Motors
Решотка бампера R под противотуманку с накладкой Aveo,77642334,KEMP,9053661,Polcar
Замок багажника Daewoo Nexia  (механизм),77644448,KEMP,96207854,General Motors
Колодки тормозные передние Daewoo Nub.Laceti  (вент.диск),77641266,KEMP,96405129,General Motors
Корзина сцепления Chevrolet Aveo Lacetti Daewoo Nubira Lanos 16W 218mm,77641298,KEMP,96349031,General Motors
Шланг тормозной задний Daewoo Lanos Nexia,77641720,KEMP,96215570,General Motors
Вилка выжима сцепления в КПП Daewoo Nexia Lanos,77641842,KEMP,90372766,General Motors
Ремкомплект направляющие суппорта  Daewoo  Lanos к-кт( +0.5 ),77641843,KEMP,93740249,General Motors
Корзина сцепления Daewoo Nexia Lanos,77641846,KEMP,96343035,General Motors
Подшипник выжимной Daewoo Lanos,77641954,KEMP,90251210,General Motors
Трос ручного тормоза Daewoo Lanos R,77641956,KEMP,96245829,General Motors
Суппорт передний  Daewoo Nubira 97-> - L (+скоба),77642058,KEMP,96391880,General Motors
Суппорт передний  Daewoo Nubira 97-> - R (+скоба),77642059,KEMP,96391881,General Motors
Суппорт передний  Daewoo Lanos 97-> - L  (без скобы),77642064,KEMP,96273700,General Motors
Суппорт передний  Daewoo Lanos 97-> - R  (без скобы),77642065,KEMP,96273701,General Motors
Суппорт задний Chevrolet Laceti Daewoo Nubira 03-> L (без скобы),77642066,KEMP,96549622,General Motors
Суппорт задний Chevrolet Laceti Daewoo Nubira 03-> R (без скобы),77642067,KEMP,96549623,General Motors
Колодки тормозные передние Chevrolet Aveo,77642526,KEMP,551004,Kayaba
Цилиндр тормозной задний Daewo Lanos Aveo,77642809,KEMP,90235422,General Motors
"Диск сцепления Daewoo Lanos, Nubira 1.6",77642869,KEMP,96232995,General Motors
Диск сцепления Daewoo Matiz 0.8,77642870,KEMP,96249465,General Motors
Диск сцепления Daewoo Matiz 1.0,77642871,KEMP,1302353,CRB
Колодки тормозные задние Daewoo Nub.Laceti  (диск),77642955,KEMP,96405131,General Motors
Диск сцепления Daewoo Lanos 1.4 185*24,77642969,KEMP,96211128,General Motors
Ремкомплект заднего тормозного барабана Chevrolet Aveo L,77643003,KEMP,96456494,General Motors
Ремкомплект заднего тормозного барабана Chevrolet Aveo R,77643004,KEMP,96456495,General Motors
Подшипник выжимной Daewoo Matiz,77643094,KEMP,96564141,General Motors
Шланг тормозной задний Daewoo Matiz,77643329,KEMP,96320284,General Motors
Шланг тормозной передний Daewoo Matiz,77643330,KEMP,96316525,General Motors
Трос ручного тормоза Chevrolet Aveo L,77643447,KEMP,96534870,General Motors
Трос ручного тормоза Chevrolet Aveo R,77643448,KEMP,96534871,General Motors
Диск сцепления Daewoo Nexia 201*24,77643554,KEMP,96232994,General Motors
Комплект сцепления корзина+диск без выжимного Chevrolet Laceti 1.8,77643556,KEMP,826422,VALEO PHC
Шланг тормозной задний Daewoo Nubira Chevrolet Laceti -- L,77643739,KEMP,96404803,General Motors
Шланг тормозной задний Daewoo Nubira Chevrolet Laceti -- R,77643740,KEMP,96404804,General Motors
Шланг тормозной задний  Chevrolet Aveo,77643741,KEMP,96407749,General Motors
Ремкомплект направляющие суппорта  Daewoo  Lanos к-кт( +0.25 ),77643789,KEMP,93740249,General Motors
Ремкомплект направляющие суппорта  Daewoo Lanos к-кт,77643790,KEMP,93740249,General Motors
Диск сцепления Daewoo Nexia Lanos,77644114,KEMP,96129618,General Motors
Цилиндр тормозной задний Daewo Lanos Chevrolet Aveo,77645343,KEMP,96574718,General Motors
Суппорт передний  Chevrolet Aveo  - L  (без скобы),77647160,KEMP,96534637,General Motors
Суппорт передний  Chevrolet Aveo  - R  (без скобы),77647161,KEMP,96534638,General Motors
Ст/подъемник электро Daewoo Lanos -- L без мотора,77641270,KEMP,96225383,General Motors
Реле стартера втягивающее Daewoo Lanos.Esp.Nexia (3 крепления),77641276,KEMP,10476117,General Motors
Контактная группа замка зажигания Daewoo Lan.Aveo Tac.Evan.,77641297,KEMP,96238726,General Motors
Переключатель поворотов-света Daewo Lanos,77641558,KEMP,96192078,General Motors
Бендикс Daewoo Matiz Lanos 8зуб.,77641632,KEMP,ZN1048,ZEN
Ст/подъемник электро Daewoo Lanos -- R без мотора,77642308,KEMP,96225384,General Motors
Датчик температуры охл.жидкости Daewoo Lanos,77642310,KEMP,96181508,General Motors
Контактная группа замка зажигания Daewoo Nexia Matiz,77642740,KEMP,96238726,General Motors
Провода высоковольтные Daewoo Sens 1.3 EPDM,77642773,KEMP,1399354,CRB
Провода высоковольтные Daewoo Sens 1.3 SILICONЕ,77642774,KEMP,1399354,CRB
Генератор щеточный узел Daewoo Lanos 85A,77642795,KEMP,93742272,General Motors
Провода высоковольтные Daewoo Lanos/AVEO 1.5 EPDM,77642805,KEMP,96305387,General Motors
Провода высоковольтные Daewoo Nexia SILICONE,77642808,KEMP,0986356972,Bosch
Реле генератора Daewoo Lanos  85А,77642810,KEMP,93740827,General Motors
Личинка замка зажигания Daewoo Nexia Opel Kadet,77642852,KEMP,S6460010,General Motors
Личинка замка зажигания Daewoo Matiz Chevrolet Matiz,77642853,KEMP,93740017,General Motors
Насос омывателя Daewoo Lanos (с манжетой),77642883,KEMP,96318238,General Motors
Датчик заднего хода Chevrolet Aveo Lacetti DaewooLan.Nexia,77642956,KEMP,96192077,General Motors
Датчик положения распредвалаChevrolet Aveo Lacetti Daewoo Nubira,77642957,KEMP,96253544,General Motors
Датчик скорости Daewoo Lanos,77642958,KEMP,96190708,General Motors
Датчик охлаждающей жидкости Chevrolet Aveo Lacetti Daewoo Nubira,77642959,KEMP,96181508,General Motors
Датчик охлаждающей жидкости  Daewoo Nubira Nexia Lanos Matiz,77642960,KEMP,96177604,General Motors
Датчик стоп сигнала (лягушка) Chevrolet Aveo,77642973,KEMP,96289637,General Motors
Датчик включения вентилятора Daewoo Nexia,77642974,KEMP,96181814,General Motors
Датчик давления масла Daewo Lanos  Chevrolet Lacetti 14*1.5,77642976,KEMP,90336039,General Motors
Датчик положения дроссельной заслонки Daewoo SENS/ВАЗ Niva,77642979,KEMP,94580175,General Motors
Катушка зажигания Chevrolet  Lachetti Daewoo Nubira,77642987,KEMP,96453420,General Motors
Мотор стеклоподъемника правый Daewoo Lanos R (треуг.),77642990,KEMP,96190208,General Motors
Бендикс Daewoo Lanos Nex.Esp.Lan.Leg. 9зуб,77643048,KEMP,10475974,General Motors
Бегунок трамблера Daewoo Matiz,77643139,KEMP,93740944,General Motors
Датчик положения коленвала  Daewoo Lanos Nubira,77643241,KEMP,96183235,General Motors
Мотор стеклоподъемника левый Daewoo Lanos L (треуг.),77643245,KEMP,96190207,General Motors
Генератор щеточный узел Daewoo Lanos,77643451,KEMP,211200,General Motors
Ст/подъемник электро Daewoo Lanos -- L без мотора (шестерня),77643474,KEMP,9643050,General Motors
Катушка зажигания Chevrolet Aveo 1.6 CheryAmulet (4х конт.),77643564,KEMP,92099894,General Motors
Ст/подъемник электро Chevrolet Aveo --R без мотора,77643574,KEMP,96541784,General Motors
Мотор стеклоподъемника левый  Daewoo Lanos R (шестер.),77643614,KEMP,96430356,General Motors
Датчик холла Daewoo NEXIA,77644024,KEMP,10470197,General Motors
Датчик скорости Daewoo Nexia,77644113,KEMP,96179944,General Motors
Диодный мост генератора Daewoo Lanos 85A,77644191,KEMP,93740830,General Motors
Переключатель поворотов-света  CHEVROLET  AVEO (с противотуманками),77644196,KEMP,96540684,General Motors
Стартер Daewoo Nexia Lanos Nubira1.4-1.6,77645023,KEMP,96208782,General Motors
Стартер Daewoo Matiz 0.8 1.0,77645602,KEMP,96275481,General Motors
Датчик холостого хода Daewoo Matiz 0.8,77645633,KEMP,93740918,General Motors
Переключатель поворотов света Daewoo Nexia  (без противотуманок),77645731,KEMP,96192061,General Motors
Переключатель стеклоочистителей (дворников) Daewoo Nexia,77645732,KEMP,96215553,General Motors
Переключатель поворотов света Daewoo Matiz,77645733,KEMP,96314332,General Motors
Переключатель стеклоочистителей (дворников) Daewoo Matiz,77645734,KEMP,96314334,General Motors
Переключатель поворотов-света  CHEVROLET  AVEO (без противотуманок),77645770,KEMP,96540683,General Motors
Переключатель стеклоочистителей (дворников ) CHEVROLET  AVEO,77645771,KEMP,96810073,General Motors
Переключатель поворотов-света Daewo Nexia  (без противотуманок),77645778,KEMP,96215551,General Motors
Переключатель поворотов-света Daewo Lanos,77645779,KEMP,96230794,General Motors
Кнопка аварийной сигнализации Daewoo Lanos,77648010,KEMP,96231858,General Motors
Шрус Daewoo Matiz наружный с ABS,77641037,KEMP,96273571,General Motors
Шрус Chevrolet Evanda Epica внутренний,77641171,KEMP,96489833,General Motors
Шрус Chevrolet Aveo 1.5 ABS наружный 22*22,77642012,KEMP,21865,GKN-Spidan
Шрус Daewoo Lanos 1.4-1.6 V16 АКП наружный с ABS 33*22,77642013,KEMP,22197,GKN-Spidan
Шрус Chevrolet Evanda Epica наружный 28*32,77642014,KEMP,22199,GKN-Spidan
Шрус Chevrolet Laceti 1.6 ABS наружный 33*22,77642017,KEMP,96273760,General Motors
ШрусChevrolet Aveo 1.6 ABS наружный 22*22,77642018,KEMP,96183139,General Motors
"Шрус Chevrolet Aveo 1,2- 1.4 16V ABS наружный 22*19*52",77642022,KEMP,21847,GKN-Spidan
Шрус Chevrolet Aveo 1.5 Lacetti J200внутренний 29*22,77642335,KEMP,96245311,General Motors
"Шрус Daewoo Nexia, Lanos внутрений    GP",77643140,KEMP,26010773,General Motors
"Шрус Daewoo Nexia, Lanos внутрений",77643591,KEMP,26010773,General Motors
"Шрус Daewoo Nexia, Lanos наружный 22*29",7764744,KEMP,21482,GKN-Spidan
Шрус Daewoo Lanos Lachetti Nubira 1.6 16V 97- наружный 33*29 cABS,7764768,KEMP,21947,GKN-Spidan
Шрус Daewoo Nubira Chevrolet Laceti  внутрений 34*29,77648542,KEMP,96245286,General Motors
Шрус Chevrolet Cruze 09->  внутренний,77648543,KEMP,13318014,General Motors
Шрус Chevrolet Aveo 1.5 внутренний 22*29,77648558,KEMP,96888653,General Motors
Шрус Daewoo Matiz Tico Chevrolet Spark (Matiz) внутренний,77648567,KEMP,96273572,General Motors
Шрус Daewoo Matiz Tico Chevrolet Spark (Matiz) внутренний,77648569,KEMP,96567442,General Motors
Шрус Chevrolet Cruze 09-> наружный,77648575,KEMP,13318006,General Motors
Шрус Chevrolet Aveo 1.5 внутренний,77648729,KEMP,96391556,General Motors
Ремень генератора DW970mm Daewoo Lanos Nex.1.5 SOHC,77641278,KEMP,96144933,General Motors
Ремень кондиционера Daewoo Lanos 13*840mm,77641280,KEMP,96486814,General Motors
Крышка топливного бака Daewoo Lanos/ Chevrolet Aveo+LacettiI(с ключом),77641557,KEMP,96351800,General Motors
Фильтр воздушный Chevrolet Aveo,77641749,KEMP,96536696,General Motors
Трос газа Daewoo Lanos,77641970,KEMP,96351875,General Motors
Сальники полуоси Daewoo Lanos,77642786,KEMP,96264738,General Motors
Стеклоподъемник передний Daewoo Nexia R механический,77642788,KEMP,90186594,General Motors
Ремень генератора Daewoo Lanos/Chevrolet Aveo  1.6 6PK1875,77642964,KEMP,96183108,General Motors
Трос газа Daewoo Nexia,77642995,KEMP,96130368,General Motors
Патрубок воздушного фильтра Daewoo Nexia 1.5,77643141,KEMP,96143380,General Motors
Стеклоподъемник передний Daewoo Lanos R механический,77643248,KEMP,96304040,General Motors
Трос газа Daewoo Matiz,77643446,KEMP,96316840,General Motors
Ремень генератора Daewoo Sens (10*725),77644115,KEMP,9100082,General Motors
Фильтр воздушный  Daewoo Matiz,77644208,KEMP,96314494,General Motors
Кулиса КПП Daewoo Sens,77644353,KEMP,1301-1703008,General Motors
Болт крепления дверной петли Daewoo Opel (M8 X 26.5),77645309,KEMP,130091,General Motors
Комплект замков (личинки) Chevrolet Aveo (4шт.),77645724,KEMP,96439511,General Motors
Комплект замков (личинки) Chevrolet LacettiI (4шт.),77645725,KEMP,96419747,General Motors
Амортизатор. MB DB Sprinter 208D-314 передний (масло)  стойка,77641031,KEMP,115906M,Sachs
Амортизатор  натяжителя ремня MB diz OM 601-604,77641556,KEMP,6042000214,Mercedes
Амортизатор задний MB 407-410 82-.95г. масло,77642026,KEMP,106214,Sachs
Амортизатор передний MB 407-410 82-.95г. масло,77642027,KEMP,106322,Sachs
Амортизатор задний MB Sprinter 4t 408-416 VW LT 28-46 96-05г.  масло,77642029,KEMP,124654,Sachs
Амортизатор передний MB Sprinter 408D-414   стойка,77642194,KEMP,115904,Sachs
Амортизатор задний MB 609-814 Vario,77643145,KEMP,112023,Sachs
Амортизатор передний MB 609-814 Vario масло,77643146,KEMP,112370,Sachs
Амортизатор  крышки багажника Mercedes Vito Viano 667-238mm 755N,77643288,KEMP,8156808,Lesjofors
"Амортизатор задний MB 124, 202 83-97  газ",7764353,KEMP,106879,Sachs
Амортизатор задний MB 140 91-99  газ,77643912,KEMP,312782,Sachs
Амортизатор передний MB 140 91-99  газ,77643913,KEMP,312264,Sachs
Амортизатор задний MB Vito 639 Viano,77643930,KEMP,311647,Sachs
Амортизатор передний MB Vito 639 Viano газ,77643931,KEMP,311645,Sachs
"Амортизатор задний MB 207,208, 210  2.3 -2.4-2.8  масло",7764424,KEMP,101497,Sachs
Амортизатор задний MB Sprinter 208-313 VW LT 28-36 96-05г.  масло,77644352,KEMP,290377,Sachs
Амортизатор  крышки багажника  Mercedes Vito(638) 772-322mm 630N,77644783,KEMP,6389800364,Mercedes
Амортизатор задний MB Sprinter (906) 3t 3.5t VW Crafter 30-50 06->,77645314,KEMP,314606,Sachs
"Амортизатор передний MB Sprinter (906) 3t 3,5t VW Crafter 30-50 06->",77645322,KEMP,314421,Sachs
Амортизатор задний MB Sprinter (906) 3t 3.5t VW Crafter 30-50 06-> (усиленный),77645334,KEMP,314608,Sachs
Амортизатор передний MB 207-310 82-.95г. масло,77646435,KEMP,101496,Sachs
Амортизатор передний MB Vito 639 Viano 10->,77646450,KEMP,314885,Sachs
Амортизатор задний MB 210,77647455,KEMP,124391,Sachs
Амортизатор передний MB  W210,77647456,KEMP,124390,Sachs
Амортизатор передний MB Sprinter 208D-314   стойка,7764758,KEMP,115906,Sachs
Амортизатор передний MB Sprinter 208D-314   стойка(усиленный),77648249,KEMP,115907,Sachs
Амортизатор передний MB Sprinter 408D-414 (усиленный спарка)  стойка,77648252,KEMP,115905,Sachs
Амортизатор задний MB Vito газ,7764847,KEMP,290043,Sachs
Помпа Vito CDI 99-,77642156,KEMP,6112001001,Mercedes
Помпа MB Sprinter  CDI 00-,77642160,KEMP,6112001101,Mercedes
Мотор печки MB Sprinter 208-412,77642562,KEMP,0018305608,Mercedes
Термомуфта MB Bus 410 2.9 D TD 4крепления,77642566,KEMP,6022000122,Mercedes
"Термомуфта MB 202;124;210;638; 1,8-2,3 (3 крепления)",77642888,KEMP,1112000422,Mercedes
Бачок розширительный охл.жидкости MB 124,77642889,KEMP,1245001749,Mercedes
Мотор печки MB Vito AC-,77643070,KEMP,0028301508,Mercedes
Мотор печки MB Vito AC+,77643071,KEMP,0028301608,Mercedes
Мотор печки MB Sprinter 208-412 AC+,77643072,KEMP,0018305708,Mercedes
Мотор печки MB 207-410 77-96г.(с крыльчаткой),77643073,KEMP,0130007051,Mercedes
Мотор печки MB Sp,77643076,KEMP,0008352285,Mercedes
Помпа MB 208-310 Sprinter  Vito OM601 602,77643159,KEMP,6022000020,Mercedes
Помпа MB 208-310  OM601 602,77643204,KEMP,6022000120,Mercedes
Термомуфта MB Sprinter  (3 крепления),77643305,KEMP,0002005122,Mercedes
Термомуфта MB Sprinter  CDI  (3 крепления),77643306,KEMP,0002005822,Mercedes
Крыльчатка на термомуфту (3крепления) MB Sprinter OM 601-603,77643308,KEMP,0032050206,Mercedes
Мотор печки MB 207-410 77-96г.(без крыльчатки),77643358,KEMP,0130007027,Mercedes
Мотор печки MB 77-96г.(с крыльчаткой),77643359,KEMP,0008206242,Mercedes
Помпа MB   OM601-606 Sprinter Vito W124 W210 W201 Gclas,77643410,KEMP,6022000220,Mercedes
"Патрубок радиатора верхний MB Sprinter CDI,",77644264,KEMP,9015012782,Mercedes
Патрубок радиатора  MB Sprinter 208,77644265,KEMP,9015011882,Mercedes
Крышка радиатора MB 207 Sprinter Vito,77644388,KEMP,1245000406,Mercedes
Мотор печки MB Vito Viano (639)AC-,77644703,KEMP,0008358304,Mercedes
Мотор печки MB Sprinter (906) 06->AC-,77644704,KEMP,0008356007,Mercedes
Мотор печки MB Sprinter (906) 06->AC+,77644705,KEMP,0008356107,Mercedes
Крыльчатка на термомуфту (3крепления) MB W124 OM201-602  W202 2.0-2.3 Kompresor,77644916,KEMP,6032000523,Mercedes
Термомуфта MB W210 W140 R129 Corando 2.8;3.2 (3 крепления),77645428,KEMP,1032000622,Mercedes
Термомуфта MB W210 W202 OM604 (4 крепления),77645429,KEMP,6042000022,Mercedes
Термостат Mercedes OM 601;602;603 2.3-3.0 D  TD,77645430,KEMP,6012000115,Mercedes
"Термостат Mercedes T1 Sprinter Vito Vario  D TD 75""C",77645431,KEMP,6012000215,Mercedes
Помпа MB W202 OM 601;604 W210 OM 604  200-220D,77645448,KEMP,6012001120,Mercedes
Мотор печки MB 210,77645869,KEMP,2108206842,Mercedes
Мотор печки Mercedes Benz W210,77645933,KEMP,2108202442,Mercedes
Мотор печки Mercedes Benz W201,77646087,KEMP,2018204542,Mercedes
Мотор печки MB 124 AC+,77647236,KEMP,0008308208,Mercedes
Мотор печки MB W203 AC+,77647247,KEMP,2038202514,Mercedes
Мотор печки MB 207-410 77-96г.(без крыльчатки),77648220,KEMP,87097,Nissens
Мотор (элекродв+вентилятор) кондиционера Mersedes W210(диам-295),7764954,KEMP,0015001693,Mercedes
Радиатор Mercedes W140 2.8-3.2 91-92 АКПП круглые соты 667*468,7764108,KEMP,1405000403,Mercedes
Радиатор Mercedes Sprinter 208-412 мех 97-06 680*400*33,7764109,KEMP,9015003100,Mercedes
Радиатор печки МВ 207-310 268*152,7764212,KEMP,0018357604,Mercedes
Радиатор Mercedes  W204 W212 CDI 08->642*438,77642752,KEMP,2045001203,Mercedes
Радиатор Mercedes  207-409 АКПП 86-89 473*530,7764312,KEMP,6015005503,Mercedes
Радиатор печки МВ 609-814 Vario 318*170*40,77643142,KEMP,0028352401,Mercedes
Радиатор кондиционера MB E-Class W210 622*480(без осушителя),77643723,KEMP,2108300270,Mercedes
Радиатор кондиционера MB Sprinter 2t-4t 665*371(без осушителя),77643724,KEMP,9015000554,Mercedes
Радиатор кондиционера MBVito (638) 540*541(без осушителя),77644047,KEMP,6388350170,Mercedes
Радиатор кондиционера MB C-Class W203 640*370(без осушителя),77644416,KEMP,2035000154,Mercedes
Радиатор кондиционера MB C-Class W203 590*375(без осушителя),77644417,KEMP,2035000854,Mercedes
Радиатор кондиционера MBVito Viano (639) 670*392(без осушителя),77644434,KEMP,6398350470,Mercedes
"Радиатор Mercedes  W124E 2,0-2,3 84-92 АКПП  410*370",7764480,KEMP,2015002903,Mercedes
Радиатор Mercedes Sprinter (906) VW  LT Crafter 30-50  2006->,77645087,KEMP,9065000002,Mercedes
Радиатор печки МВ Sprinter (дополнительная печка),77645103,KEMP,0038353501,Mercedes
Радиатор печки МВ Sprinter 906 (дополнительная печка),77645104,KEMP,0038359001,Mercedes
Радиатор печки МВ Vito 638,77645105,KEMP,0038350001,Mercedes
Радиатор печки МВ Sprinter 906 (дополнительная печка) с трубками,77645155,KEMP,0038359001,Mercedes
Радиатор Mercedes Vito Viano (639) АКПП (плоские соты),77645843,KEMP,6395010701,Mercedes
Радиатор Mercedes Vito (638) АКП 569*558 1датчик,77645947,KEMP,6385011901,Mercedes
Радиатор Mercedes Vito (638) мех КПП 569*558,77645948,KEMP,6385012701,Mercedes
Радиатор Mercedes Vito (638) мех КПП 570*555,77646186,KEMP,6385013301,Mercedes
Радиатор печки МВ W210 95-03 239*188,77646188,KEMP,2108300661,Mercedes
Радиатор печки МВ Sprinter 901  96-06 170*222,77646192,KEMP,0038356101,Mercedes
Радиатор кондиционера MB S220 580*480  (без осушителя),77646212,KEMP,2205000054,Mercedes
Радиатор Mercedes Vito Viano (639) мех.КПП (плоские соты),77646728,KEMP,6395011101,Mercedes
Радиатор Mercedes E W211 CLS(C219) 02-10  640*457 (механика),77646746,KEMP,2115000202,Mercedes
Радиатор Mercedes E W211 CLS(C219) 2.2-3.5 02-08  640*473 АКП,77646747,KEMP,2115000102,Mercedes
Радиатор Mercedes C W203 180-320 АКП 00-07 г.650*399(плоские соты),77646771,KEMP,2035001003,Mercedes
Радиатор Mercedes S W220 280-350 АКП 98-05 г.640*470,77646772,KEMP,2205001403,Mercedes
Радиатор Mercedes S W220 320-600 АКП 99-05 г.640*470,77646773,KEMP,2205000903,Mercedes
"Радиатор кондиционера MB C,E-Class W204,212.207 610*420(без осушителя)",77647277,KEMP,2045000254,Mercedes
Радиатор кондиционера MB E-Class W210  CDI 610*330(без осушителя),77647279,KEMP,2108300370,Mercedes
Радиатор кондиционера MB E-Class W211 CDI 590*440,77647280,KEMP,2115000254,Mercedes
Радиатор Mercedes Vito (638) АКП 569*558 2датчика,77647470,KEMP,6385012101,Mercedes
Радиатор кондиционера MB Vaneo 02-05  540*380,77647498,KEMP,4145000054,Mercedes
Радиатор печки МВ W 123 79-85 W124 85-92 234*196*40,77647987,KEMP,0028353001,Mercedes
Радиатор кондиционера MB S220 620*480  (без осушителя),77648221,KEMP,94980,Nissens
Радиатор Mercedes Vito (638) мех КПП CDI 569*558,77648244,KEMP,6385013001,Mercedes
Радиатор кондиционера MB C-Class W203 CDTI 630*356,77648247,KEMP,2035001654,Mercedes
Радиатор кондиционера Mercedes Citan 12->Renault Kangoo 08->605*355(без осушит,77648490,KEMP,4155000054,Mercedes
Радиатор кондиционера MB A-Class W168 97-04  510*380,77648499,KEMP,1685000354,Mercedes
Радиатор кондиционера MB S221 CDI 05->  647*435,77648501,KEMP,2215000754,Mercedes
Радиатор кондиционера MB A-Class W168 97-04  578*381,77648505,KEMP,1685000854,Mercedes
Радиатор кондиционера MB M-Class W163 ML 00-05  510*535,77648510,KEMP,1638300370,Mercedes
Радиатор кондиционера MB A:B-Class W176 W246 12->  610*458,77648517,KEMP,2465000054,Mercedes
"Радиатор кондиционера MB W 205, W 213, W 222, W 253 2012->",77648519,KEMP,0995001854,Mercedes
Радиатор кондиционера MB M-Class W163 ML 98-05  510*535,77648523,KEMP,1638300070,Mercedes
Радиатор интеркулер MB Sprinter 906 (OM 642:651) VW Crafter 2.0 TDI 06->640*205,77648665,KEMP,2E0145804A,VAG
Радиатор Mercedes Sprinter (906) VW  LT Crafter 30-50  2006->,77648715,KEMP,9065000402,Mercedes
"Радиатор Mercedes  W201(190) АКПП 1,9-2,2D 82-93  575*368",7764886,KEMP,2015004103,Mercedes
"Радиатор Mercedes  W124E 2,6-3,2 84-93 AC- 450*370",7764912,KEMP,1245001503,Mercedes
Радиатор Mercedes Sprinter 208-412 АКПП AC+97-06 680*408*42,7764921,KEMP,9015003400,Mercedes
Радиатор печки МВ C-202 93-00г.237*190*42,7764980,KEMP,2028300461,Mercedes
Радиатор Mercedes Sprinter 208-416 CDI мех 00-06г. 680*400*33,7764992,KEMP,9015003500,Mercedes
Радиатор Mercedes Sprinter 208-416 CDI АКП 00-06г. 680*406*42,7764993,KEMP,9015003800,Mercedes
Подшипник передней ступ.MB 207-310 82-96г. комплект,77641024,KEMP,713667430,FAG
Подшипник передней ступ.MB. Sprinter 2t-4t VW LT28-46 96-06г. комплект,77641025,KEMP,713667600,FAG
Подшипник передней ступ.MB. W123 W126 76-90г. комплект,77641307,KEMP,713667420,FAG
Подшипник передней ступ.MB. W140  2.8-6.0 93-98 г. комплект,77641308,KEMP,713667350,FAG
Подшипник передней ступ.MB. W202 C180 93-00г.W210 96-02 г. комплект,77641309,KEMP,713667360,FAG
Подшипник передней ступ.MB. W201 84-93г. комплект,77641310,KEMP,713667450,FAG
Подшипник задней ступицы MB W140 92-99г.W211 49*88*46,77641333,KEMP,1409800416,Mercedes
Подшипник задней ступицы MB 207-310 82-96г.45*80*26,77641335,KEMP,33109,FAG
Подшипник задней ступицы MB W124 kombi 86-95г. комплект 84*49*43,77641346,KEMP,713667550,FAG
Подшипник ступицы колеса MB Nissan Volvo 85*45*20.75,77641407,KEMP,6319810005,Mercedes
Подшипник подвесной (с подшипником) MB 609-814,77641531,KEMP,4604100910,Mercedes
Подшипник подвесной MB Sprinter VW LT 96-,77641534,KEMP,9014110312,Mercedes
Подшипник подвесной (с подшипником) MB W201,77641694,KEMP,2014100581,Mercedes
Ролик натяжки поликлинового ремня MB OM 601-602  M-102,77641929,KEMP,6012000770,Mercedes
Подшипник подвесной MB 207-410,77641949,KEMP,6014101710,Mercedes
Подшипник задней ступ.MB. Sprinter 2t-4t VW LT28-46 96-06г. комплект,77642135,KEMP,713667030,FAG
Подшипник задней ступицы MB Sprinter 2t-4t VW LT 28-46  84*49*48,77642136,KEMP,9023501410,Mercedes
Подшипник подвесной MB Sprinter VW LT 96-,77642155,KEMP,9014110312,Mercedes
Механизм натяжки генератора OM601;602мотор MB(коромысло),77642164,KEMP,6012001773,Mercedes
"Подшипник MB190,124,202,Vito (зад)/Peugeot 605/Volvo (пер)84*39*45 (6388910027)",7764218,KEMP,547103E,FAG
Подшипник задней ступ.MB. Sprinter 4t (904) VW LT28-46 96-06г. комплект,77642201,KEMP,713667040,FAG
Сальник ступицы MB Sprinter 4t (55*75*8/13 ),77643144,KEMP,0189973147,Mercedes
Механизм натяжной ремня   MB W203 W210 Sprinter Vito CDI,77643150,KEMP,6112000570,Mercedes
"Подшипник коромысла, MB OM 601-603MB Sprinter 2t-4t",77643167,KEMP,6019810027,Mercedes
Ролик паразитный ремня поликлинового MB Sprinter Vito 638 639 CDI (26.4*69-6PK),77643216,KEMP,0002020919,Mercedes
Ролик паразитный ремня поликлинового MB Sprinter 2t-4t (22*64*8-6PK),77643217,KEMP,6012001070,Mercedes
"Подшипник коромысла, MB OM 601-603",77643316,KEMP,601 981 0027,Mercedes
Механизм натяжки генератора OM601;602 мотор MB(коромысло),7764335,KEMP,6012001773,Mercedes
Механизм натяжной  ремня с роликом DB W203 W210 Sprinter Vito CDI,77643409,KEMP,6112000570,Mercedes
Ролик паразитный ремня поликлинового MB Sprinter Vito 638 639 CDI (26.4*69-6PK),77643432,KEMP,0002020919,Mercedes
Подшипник задней ступицы MB W124 kombi 86-95г.84*49*43М (807760),77643590,KEMP,1249800516,Mercedes
Подшипник подвесной задний MB Vito 639 Viano,77643611,KEMP,6394100681,Mercedes
"Подшипник задней ступицы MB W168,97-05 Vaneo 02-> 43*25*55",77644299,KEMP,1689810327,Mercedes
Механизм натяжки  ремня генератора с болтом OM603-606 мотор MB(коромысло),77644315,KEMP,6062000073,Mercedes
Подшипник подвесной MB 207-410,77644665,KEMP,6014101510,Mercedes
"Подшипник коромысла, MB OM 601-603",77644868,KEMP,601 981 0027,Mercedes
Ролик паразитный ремня поликлинового MB Sprinter Vito 638 639 CDI (26.4*69-6PK),77644869,KEMP,0002020019,Mercedes
Ролик натяжения MB 84-02  2.0-2.5,77644877,KEMP,6012000970,Mercedes
Ролик паразитный ремня поликлинового MB Sprinter 2t-4t (22*64*8-6PK),77644878,KEMP,6012001070,Mercedes
Механизм натяжки генератора OM601;602 мотор MB(коромысло),77645439,KEMP,6012001773,Mercedes
Ролик паразитный ремня поликлинового MB Sprinter 2t-4t (22*64*8-6PK),77645441,KEMP,6012001070,Mercedes
Ролик паразитный ремня поликлинового MB Sprinter Vito 638 639 CDI (26.4*69-6PK),77645443,KEMP,0002020019,Mercedes
"Подшипник коромысла, MB OM 601-603",77645513,KEMP,601 981 0027,Mercedes
Ступица задняя  MB Sprinter  (906) VW LT Crafter 30-50,77645704,KEMP,9063503810,Mercedes
"Подшипник подвесной MB Sprinter/VW Crafter 06-, D=47mm, H=73",77645837,KEMP,9064100281,Mercedes
"Подшипник MB Vito(638)190,124,202,84*39*45 (6388910027)",77646180,KEMP,713667050,FAG
Подшипник подвесной передний Mercedes Benz Vito,77646339,KEMP,6394100481,Mercedes
Подшипник задней ступицы MB W164 W251 ML;GL;R 06-> 54*90*50,77647548,KEMP,1649810106,Mercedes
"Подшипник MB190,124,202,Vito (зад)/Peugeot 605/Volvo (пер)84*39*45 (6388910027)",77647569,KEMP,547103E,FAG
Подшипник задней ступицы MB Sprinter 2t-4t VW LT 28-46  84*49*48,77647578,KEMP,9043560401,Mercedes
Подшипник задней ступицы MB W164 W251 ML;GL;R 06-> 54*90*50,77647579,KEMP,713668100,FAG
Подшипник передней ступ.MB. W201 84-93г. комплект,77647592,KEMP,713667450,FAG
Подшипник передней ступ.MB. W202 C180 93-00г.W210 96-02 г. комплект,77647594,KEMP,713667360,FAG
Ступица задняя  MB W211 2002-2008 W221 2006->,77648040,KEMP,713667810,FAG
Подшипник передней ступ.MB. W211 W212 02->г. комплект,77648084,KEMP,2123300025,Mercedes
Подшипник передней ступ.MB. W203 W204 02->г. комплект,77648085,KEMP,713667820,FAG
"Подшипник зад/пер. ступицы MB W163 ML,98-05 49*88*46",77648101,KEMP,713667740,FAG
Ступица задняя  MB Sprinter  (906) VW LT Crafter 30-50,77648140,KEMP,9063500249,Mercedes
"Подшипник зад/пер. ступицы MB W163 ML,98-05 49*88*46",77648151,KEMP,713667740,FAG
Подшипник задней ступ.MB. Sprinter 2t-4t VW LT28-46 96-06г. комплект,77648152,KEMP,713667030,FAG
Подшипник задней ступ.MB. Sprinter 4t (904) VW LT28-46 96-06г. комплект,77648153,KEMP,713667040,FAG
Подшипник задней ступицы MB 207-310 82-96г.45*80*26,77648159,KEMP,33109,FAG
Подшипник передней ступ.MB 207-310 82-96г. комплект,77648179,KEMP,713667430,FAG
Подшипник передней ступ.MB. 100 (631) 88-96г. комплект,77648180,KEMP,713667300,FAG
Подшипник передней ступ.MB. Sprinter 2t-4t VW LT28-46 96-06г. комплект,77648181,KEMP,713667600,FAG
Подшипник передней ступ.MB. W203 W204 02->г. комплект,77648182,KEMP,713667820,FAG
Ступица задняя  MB W211 2002-2008 W221 2006->,77648191,KEMP,713667810,FAG
Подшипник подвесной (с подшипником) MB W201,77648225,KEMP,2014100581,Mercedes
Ролик паразитный ремня поликлинового MB Sprinter 906 2.2 CDI (60*26mm),77648332,KEMP,651 200 09 70,Mercedes
Ручка двери передней +зад. MB Sprinter Vito L/R,77641585,KEMP,0007601359,Mercedes
Личинка дверных замков MB 207-410  Sprinter Vito,77642276,KEMP,6707600205,Mercedes
Ручка двери  MB 207-310 наружная (микроавтобус),7764259,KEMP,6317601259,Mercedes
Ручка двери сдвижной MB Sprinter внутреняя,77643177,KEMP,9017601361,Mercedes
Ручка двери  MB Sprinter внутреняя L (без троса),77643200,KEMP,9017200066,Mercedes
Ручка двери  MB Sprinter внутреняя R (без троса),77643201,KEMP,9017200166,Mercedes
Ручка открывания моторного отсека MB Vito(639)MB A.B.C.E.Class,77644247,KEMP,1248800320,Mercedes
Ручка передней двери Mercedes Benz Sprinter 906,77645973,KEMP,9067600070,Mercedes
Ручка сдвижной двери Mercedes Benz Sprinter 906,77645974,KEMP,9067600170,Mercedes
Ручка стеклоподъемника Mercedes Sprinter,77646624,KEMP,9017600402,Mercedes
"Пружина передняя MB (W124) 2,6-3,2 85-93г. d15h448mm.",77641249,KEMP,319401,K+F
"Пружина задняя MB (W124) 2,0-3,085-93г.",77641250,KEMP,1243241104,Mercedes
Пружина задняя усиленная MB (W124) 2.0-3.0 85-95г.,77641251,KEMP,KF319411,K+F
Пружина задняя MB VITO108-112 98г.- 10.5/20/10.5*250mm.(прог.завивка)с утон.,77641257V,KEMP,A6383240604,Mercedes
Ремкомплект рычага переднего MB W210,77641695,KEMP,2103300475,Mercedes
Ремкомплект рычага переднего MB W202,77641696,KEMP,2023300075,Mercedes
Шаровая опора нижнего рычага MB Sprinter,77641991,KEMP,9013331127,Mercedes
Стойка стабилизатора переднего MB Vito D/TD  L.,77641993,KEMP,6383230268,Mercedes
Стойка стабилизатора переднего MB Vito D/TD  R,77641994,KEMP,6383230368,Mercedes
Стойка стабилизатора заднего MB Vito 96-04 г.,77641996,KEMP,6383260116,Mercedes
Стойка стабилизатора переднего MB Vito SDI  L.,77641998,KEMP,6383230468,Mercedes
Стойка стабилизатора переднего MB Vito SDI  R.,77641999,KEMP,6383230568,Mercedes
Стойка стабилизатора переднего MB Vito (639)  L.,77642003,KEMP,6393200289,Mercedes
Стойка стабилизатора переднего MB Vito (639)  R.,77642004,KEMP,6393200389,Mercedes
Пружина передняя MB W210 240-430 96-02г.  14.3*395mm.,77642075,KEMP,4056839,Lesjofors
Пружина задняя MB W210 240-430 96-02г. d14.3h355mm.,77642076,KEMP,4256843,Lesjofors
"Пружина передняя MB (W124) 2,0-2,3 85-93г.14.5*435mm.",77642083,KEMP,319402,K+F
Пружина задняя MB VITO108-112 98г.- 18*245,77642251,KEMP,31955500,K+F
Пружина задняя MB VITO109-123 CDI 0.3->(639) d18.5mm h325mm,77642252,KEMP,4256859,Lesjofors
Шаровая опора нижнего рычага MB Sprinter VW LT 28-46,77642466,KEMP,9013331127,Mercedes
Шаровая оппора MB Vito (638),77642505,KEMP,6383300027,Mercedes
Шаровая оппора MB C-Class W201 E-Class W124,77642677,KEMP,1243330127,Mercedes
Шаровая (ремкомплект направляющая стойка) MB 126,77642931,KEMP,1263301335,Mercedes
Стойка стабилизатора заднего MB,77643099,KEMP,1243200289,Mercedes
Стойка стабилизатора переднего MB Vito D/TD L.,77643185,KEMP,6383230268,Mercedes
Стойка стабилизатора переднего MB Vito D/TD R,77643186,KEMP,6383230368,Mercedes
Стойка стабилизатора заднего MB Sprinter 96->MB123 переднего,77643415,KEMP,1233200989,Mercedes
Стойка стабилизатора заднего MB Sprinter ->2006,77643874,KEMP,9013200089,Mercedes
Шаровая оппора MBSprinter VW Crafter 06->,77643923,KEMP,9063304007,Mercedes
"Пружина передняя MB W210 С202 2,0-2,3",77644213,KEMP,4056823,Lesjofors
Пружина передняя MB VITO VIANO CDI 06->(639),77644214,KEMP,4056848,Lesjofors
Пружина передняя MB VITO (638) 96-03г. 15.5*363,77644215,KEMP,4056832,Lesjofors
Пружина задняя MB VITO109-123 CDI 0.3->(639) d16mm h325mm,77644274,KEMP,31957900,K+F
Пыльник стойки передней Mercedes Sprinter,77644468,KEMP,9013230198,Mercedes
Пружина задняя MB VITO109-123 CDI 0.3->(639).(прог.завивка)с утоншением,77646007,KEMP,6393240504,Mercedes
Пружина передняя MB VITO (638) 96-03г.  16*357mm.,77646022,KEMP,6383210404,Mercedes
Пружина задняя MB VITO108-112 98г.- d20h245mm.(усиленная),77646059,KEMP,4256839,Lesjofors
Пружина задняя усиленная MB (W124) 2.0-3.0 85-95г.,77648283,KEMP,124 324 1204,Mercedes
Подушка задней балки MB W124 W201,77641693,KEMP,2013512742,Mercedes
Подушка двигателя  MB 207-510 MB601/602,77641948,KEMP,6012400917,Mercedes
Втулка амортизатора MB 609-711(зад) (BC1341),77642543,KEMP,0003232885,Mercedes
Втулка амортизатора MB Sprinter(зад),77642544,KEMP,0003237085,Mercedes
Подушка КПП  MB 207-410,77642564,KEMP,6012400318,Mercedes
Втулка стабилизатора переднего MB Sprinter 207-410/208-312CDI,77642565,KEMP,6013210350,Mercedes
Сайлентблок переднего рычага МВ W210,77643050,KEMP,2103335514,Mercedes
Сайлентблок переднего рычага МВ C190 W201  W124,77643051,KEMP,2013335114,Mercedes
Подушка рессоры MB Sprinter передняя(пластиковая рессора),77643154,KEMP,9013220019,Mercedes
"Подушка радиатора, MB 208-410",77643309,KEMP,60-700-076,BSG
Подушка двигателя  MB E124,7764336,KEMP,1242401717,Mercedes
Подушка двигателя  MB W123 W126,77643414,KEMP,1232413013,Mercedes
Втулка амортизатора MB Sprinter 208-310(заднего верх.с металической втулкой),77644272,KEMP,0006037-07,BCD
Втулка стабилизатора переднего MB W124 W201 d23mm (внешняя),77644558,KEMP,2013234885,Mercedes
Втулка стабилизатора переднего MB 207-210 (средняя),77644586,KEMP,6023260482,Mercedes
Подушка двигателя  MB Vito 638 2.0-2.3 L,77644587,KEMP,6382411413,Mercedes
Подушка двигателя  MB Vito 638 2.2CDI (задняя),77644589,KEMP,6382420313,Mercedes
Сайлентблок переднего рычага МВ Vito 639,77644590,KEMP,6393330214,Mercedes
Сайлентблок заднего рычага МВ Vito 639,77644591,KEMP,6393520350,Mercedes
Подушка двигателя  MB Sprinter 2t;3t VW LT28-46,77644634,KEMP,9012412413,Mercedes
Подушка двигателя  MB Sprinter3.5t-5t Vito (639),77644645,KEMP,9062411013,Mercedes
Втулка стабилизатора MB G ClassW460-463 MB T2 408-510 (наружная),77644655,KEMP,05657,Febi
Втулка стабилизатора заднего MB 811-814 Vario Sprinter t5 (наружная),77644671,KEMP,6673200073,Mercedes
Втулка амортизатора MB609 (зад),77645167,KEMP,0340320091,Meyle
Сайлентблок задней рессоры  MB 207-310,77645303,KEMP,6023240050,Mercedes
Рейка рулевая Mersedes Sprinter 2-t/4-t 95-00г. с Г/у (без тяг),77641404,KEMP,9014604100-,Mercedes
Рейка рулевая Mercedes (W210)2.0-4.3 92-05г.с Г/У с серво датч.,77641405,KEMP,2104603100,Mercedes
Рейка рулевая Mercedes (W210)2.0-4.3 92-05г.с Г/У без серво датч.,77641412,KEMP,2104603100,Mercedes
Насос гидроусилителя Mercedes Sprinter 2t-4t 208-412 95-02г.,77641644,KEMP,0024662601,Mercedes
Насос гидроусилителя Mercedes Sprinter 2t-4t 208-412 95-02г.,77641645,KEMP,0034660701,Mercedes
Насос гидроусилителя Mercedes Sprinter 2t-4t 212-412 95-02г.,77641646,KEMP,0024662801,Mercedes
Насос гидроусилителя Mercedes Vito 108D 2.3 96-03г.,77641647,KEMP,0024664901,Mercedes
Насос гидроусилителя Mercedes Sprinter 2t-4t CDI 211-416  00-06г.,77641649,KEMP,0024667601,Mercedes
Насос гидроусилителя Mercedes Vito 2.2 CDI 110-112 99-03г.,77641650,KEMP,0024666901,Mercedes
Насос гидроусилителя Mercedes Vito 2.2 CDI 110-112 99-03г.,77641651,KEMP,0024667001,Mercedes
Тяга рулевая продольная MB 207-410 (короткая),77641989,KEMP,6014601505,Mercedes
Тяга рулевая MB Vito V clas 638,77641992,KEMP,6384600205,Mercedes
Наконечник рулевой тяги MB Vito  L. (639),77642000,KEMP,ME-ES-4393,Moog
Наконечник рулевой тяги MB Vito  R. (639),77642001,KEMP,ME-ES-4394,Moog
Насос гидроусилителя Mercedes W220 2.8-5.5 98г.->,77642091,KEMP,0024668601,Mercedes
Наконечник рулевой тяги MB Sprinter VW LT 28-46 L/R,77642497,KEMP,9014600048,Mercedes
Наконечник рулевой тяги MB Vito V Clas L/R,77643174,KEMP,6384600048,Mercedes
Наконечник рулевой тяги MB Vito L. (639),77643175,KEMP,6394600048,Mercedes
Тяга рулевая с наконечником MB Vito V clas 638,77643181,KEMP,6384600205S,Mercedes
Тяга рулевая MB Sprinter,77643196,KEMP,9014600155,Mercedes
Наконечник рулевой тяги MB Sprinter VWCrafter,77643918,KEMP,906 460 0148,Mercedes
Тяга рулевая MB Sprinter VW Crafter 06->,77643921,KEMP,9064600055,Mercedes
Тяга рулевая MB Vito Viano 639,77644022,KEMP,6394600255,Mercedes
Ремкомплект насоса гидроусилителя Mercedes 208-310,77644061,KEMP,0004604861,Mercedes
Ремкомплект насоса гидроусилителя Mercedes 208-310,77644062,KEMP,0140469009,Meyle
Насос гидроусилителя Mercedes Sprinter CDI 06->,77644226,KEMP,0034669301,Mercedes
Насос гидроусилителя Mercedes Sprinter CDI 09->Vito (639) 10->,77645576,KEMP,0064667801,Mercedes
Насос гидроусилителя Mercedes Benz W202/210 OM 602:604:605:611,77646610,KEMP,0024661001,Mercedes
Насос гидроусилителя Mercedes Benz ML,77646611,KEMP,0024663801,Mercedes
Наконечник рулевой тяги MB Sprinter VWCrafter,77646647,KEMP,9064600148,Mercedes
Насос гидроусилителя Mercedes Vito W639  10-> (120mm),77647317,KEMP,0064666601,Mercedes
Рейка рулевая Mersedes Sprinter 2-t/4-t Crafter 30-50 06->г. с Г/у (Б/У без тяг),77648231,KEMP,9064600400,Mercedes
Герметик 200ml Mercedes Benz,,KEMP,70-31414-20,Victor Reinz
Прокладка головки блока DB OM615,77641462,KEMP,3002392410,Federal Mogul
Прокладка головки блока DB OM617 300D/TD,77641463,KEMP,3002397310,Federal Mogul
Прокладка головки блока DB OM 102. 230E/TE/CE,77641470,KEMP,3002600510,Federal Mogul
Прокладка головки блока DB OM 616 76-,77641471,KEMP,612411040,Victor Reinz
Прокладка головки блока DB OM 602 210-410 (89mm),77641512,KEMP,833098,Elring
Прокладка головки блока OM 602 DB Sprinter 212D-412D (89mm),77641513,KEMP,913864,Elring
Фильтр масла MB Sprinter 2t-4t Vito W202W124W210 2.0-3.0D/TD,77643088,KEMP,E172HD35,Hengst
"Фильтр топлива MB Sprinter 2,5t-5t 06-> Vito CDI  03->",77643089,KEMP,6460920301,Mercedes
Ремень поликлиновой MB 208-410 6PK2030,77643160,KEMP,6PK2030,Contitech
Ремень поликлиновой MB Sprinter Vito 6PK2100,77643162,KEMP,6PK2100,Contitech
Ремень поликлиновой MB Sprinter Vito 6PK2150,77643163,KEMP,6PK2150,Contitech
Ремень поликлиновой MB Sprinter Vito 6PK2205,77643164,KEMP,6PK2205,Contitech
"Глушилка двигателя, OM 601 - 602 - 603 (железная)",77643304,KEMP,1427133094,Bosch
Шланг вентиляции картера MB OM604;605;606 W202 W210,77643389,KEMP,6060160481,Mercedes
Звездочка распредвала MB602,77643607,KEMP,25022,Febi
Амортизатор акселератора  (ТНВД) OM 601-602,77643623,KEMP,6010700867,Mercedes
Фильтр воздуха MB T1 208-410 с корпусом не разборной,77643803,KEMP,0030945104,Mercedes
Фильтр воздуха MB Sprinter Vito CDI  VW LT 28-45 TDI 00-06,77643804,KEMP,0030947504,Mercedes
"Фильтр топлива MB Sprinter 2,5t-5t 06-> Vito CDI  03->",77643813,KEMP,KL228/2D,Knecht-Mahle
Фильтр топлива MB Sprinter 2t-4t Vito OM601-603,77643852,KEMP,6010901652,Mercedes
"Фильтр топлива MB Sprinter 2,5t-5t 06-> Vito CDI  03->",77643945,KEMP,6460920001,Mercedes
Фильтр топлива MB W124;202;210; Sprinter (бензин),77643946,KEMP,0024772701,VAG
Фильтр масла MB 207;209 W123 OM 616;617,77643947,KEMP,E196HND03,Hengst
Фильтр воздуха MB W203;204 W211 1.8-2.0,77643948,KEMP,2710940204,Mercedes
Успокоитель цепи MB OM 601;602;603,77643981,KEMP,6010500816,Mercedes
Успокоитель цепи MB OM 615;616;617 ->90,77643982,KEMP,6150500916,Mercedes
Фильтр топлива MB W123; MB100 MB207-409  OM615-617,77644317,KEMP,H31WK01,Hengst
Фильтр воздуха MB Sprinter 906  VW LT Crafter 2006->,77644772,KEMP,BG09011,Begel
Фильтр воздуха MB Sprinter  VW LT (c поролоном),77644773,KEMP,BG52004-1,Begel
"Глушилка двигателя, OM 601 - 602 - 603  (железная)",77645449,KEMP,0000703353,Mercedes
"Глушилка двигателя, OM 615 - 616 - 617  (железная)",77645450,KEMP,0000705053,Mercedes
Ремень поликлиновой  Mercedes A150-A200;B150-200 A;B Class Audi A6 VW Passat B5,77645481,KEMP,0159974792,Mercedes
Патрубок вентиляции картера MERCEDES T1(W601-603) тройник,77645570,KEMP,6030160081,Mercedes
Патрубок вентиляции картера MERCEDES T1(W601-603) уголок,77645571,KEMP,6010160381,Mercedes
Патрубок вентиляции картера MERCEDES T1(W601-603) с 4 отводами,77645572,KEMP,6010160481,Mercedes
Патрубок вентиляции картера MERCEDES T1(W601-603) трубка,77645573,KEMP,6010160030,Mercedes
Прокладка ГБЦ STD Mercedes Benz M601,77646305,KEMP,61-29120-20,Victor Reinz
Замок двери MB 207-410 (механизм торцевой) L,77642274,KEMP,A6017200335,Mercedes
Замок двери MB 207-410 (механизм торцевой) R,77642275,KEMP,6017202135,Mercedes
Кронштейн сдвижной двери MB Sprinter верхний,77643168,KEMP,9017601047,Mercedes
"Клык зад. бампера, MB Sprinter R",77643275,KEMP,60-920-003,BSG
"Скоба двери, MB 609-814 Vario",77643303,KEMP,0007230503,Mercedes
Кронштейн сдвижной двери MB Vito 95-03 нижний,77643895,KEMP,6387601847,Mercedes
Кронштейн сдвижной двери MB Vito (639) 03- нижний,77644228,KEMP,6397601747,Mercedes
Вставка зеркала MB Sprinte  с пласт.и подогревом  L,77644769,KEMP,6423966,Alkar
Значок крышки багажника (эмблема) MB W202,77645470,KEMP,2027580158,Mercedes
Значок крышки багажника (эмблема) MB W210,77645471,KEMP,2107580158,Mercedes
Значок крышки багажника (железн эмблема) MB W201 W124,77645472,KEMP,2017580058,Mercedes
Значок эмблема капота MB W123 W126 (прицел),77645522,KEMP,1268800286,Polcar
Замок двери MB Sprinter  (механизм торцевой передний) L,77645592,KEMP,9017201035,Mercedes
Кронштейн сдвижной двери MB Sprinter 410-416 LT46 средний,77645672,KEMP,9047600447,Mercedes
Кронштейн сдвижной двери MB Vito (639) 03- верхний,77645673,KEMP,6397601347,Mercedes
Кронштейн сдвижной двери MB Vito (639) 03- средний,77645674,KEMP,6397601547,Mercedes
Кронштейн сдвижной двери MB Sprinter (906) 06-> нижний,77645880,KEMP,9067600547,Mercedes
Кронштейн сдвижной двери MB Sprinter средний,77645881,KEMP,9067600347,Mercedes
Кронштейн сдвижной двери MB Sprinter верхний,77645882,KEMP,9067600147,Mercedes
Кронштейн сдвижной двери MB 207-410 (601;602) верхний ремкомплект,77646641,KEMP,6017600647,Mercedes
Шланг тормозной передний MB W123 W124 MB207-410 450mm,77641719,KEMP,1234280335,Mercedes
Шланг тормозной передний MB Vito,77641722,KEMP,6384280835,Mercedes
Подшипник выжимной MB 207-409,77642115,KEMP,3151133331,Sachs
Колодки тормозные задние MB Sprinter 208-214 95г.,77642528,KEMP,21621,LEX
Колодки тормозные задние MB Vito 108/110/113(с датчиком),77642529,KEMP,21278,LEX
Цилиндр тормозной задний MB 207-310 d15.87,77642539,KEMP,MGH-581,Maxgear
Цилиндр сцепления главный MB Sprinter 208-413,77642561,KEMP,0002903212,Mercedes
Колодки тормозные задние MB Sprinter VW Crafter 06->,77643087,KEMP,0044206920,Mercedes
Подшипник выжимной гидравлический MB Sprinter 2t-5tVito CDI VW Crafter 30-50TDI,77643157,KEMP,510003510,GP
Подшипник выжимной гидравлический MB Vito CDI (638),77643158,KEMP,510003610,GP
Трос ручного тормоза передний MB Sprinter,77643179,KEMP,9014202085,Mercedes
Трос ручного тормоза задний MB Sprinter 4t  VW LT 28-46 -- R,77643213,KEMP,9044200285,Mercedes
Трос ручного тормоза задний MB Sprinter 4t  VW LT 28-46 -- L,77643214,KEMP,9044200185,Mercedes
Колодки тормозные задние MB Sprinter 208-214 95г.(с датчиком),77643221,KEMP,21621,LEX
Колодки тормозные задние MB Sprinter 2t 3t VW LT28-35,77643226,KEMP,23021,LEX
Цилиндр сцепления главный MB  208-410 ->96г.,77643281,KEMP,0012958606,Mercedes
Цилиндр сцепления рабочий MB  208-410 ->96г.,77643282,KEMP,0022951307,Mercedes
Цилиндр  сцепления главный MB W201;W202;W124;W210,77643310,KEMP,0012951006,Mercedes
Колодки тормозные задние MB W202 W124,77643388,KEMP,GDB911,TRW
Колодки тормозные задние Mercedes Opel Volvo VW,77643416,KEMP,GDB910,TRW
Подшипник выжимной MB 608-709 OM314,77643484,KEMP,0002504015,Mercedes
Подшипник выжимной MB 201 W124 W123 W461 2.0-3.0,77643489,KEMP,3151122331,Mercedes
Направляющая (палец ) суппорта MB Vito К-кт.,77643529,KEMP,0004200582,Mercedes
Вакуумный насос тормозов MB 208 Sprinter Vito 124 210 190 OM 601-602 85-00,77643530,KEMP,0002303165,Mercedes
Цилиндр тормозной главный MB 207-310 d23мм,77643580,KEMP,0034308201,Mercedes
Колодки тормозные задние MB Vito,77643594,KEMP,GDB1408,TRW
Колодки тормозные стояночного тормоза MB Sprinter 2t:3t 160*40,77643596,KEMP,GPS0624,GP
Сальник первичнго Вала КПП Sprinter (35*47*8),77643656,KEMP,CO01019481B,Corteco
Шланг тормозной передний  MB Vito Viano (639),77643743,KEMP,6394280835,Mercedes
Шланг тормозной задний MB Vito Viano (639),77643744,KEMP,6394280435,Mercedes
"Шланг тормозной задний MB Sprinter 3,5-4t 06->",77643746,KEMP,9064280935,Mercedes
Шланг тормозной задний  MB Sprinter 4.6-5t  WV CRAFTER 30-50 06->,77643747,KEMP,9064280435,Mercedes
Шланг тормозной передний MB Sprinter 3.5-5t WV CRAFTER 30-50  06->,77643748,KEMP,9064280635,Mercedes
Шланг тормозной задний MB100,77643771,KEMP,6314280335,Mercedes
Вакуумный насос тормозов MB W210 W461 Sprinter OM 602 Vario,77643901,KEMP,0002304365,Mercedes
Колодки тормозные стояночного тормоза MB Sprinter209-318  06->,77644118,KEMP,19-0333,Maxgear
Колодки тормозные передние задние MB Sprinter 2t 4t VW LT28-35 96->,77644319,KEMP,0044202420,Mercedes
Колодки тормозные задние MB Sprinter 4.6 5t VW Crafter 30-50  06->,77644320,KEMP,0044208120,Mercedes
Колодки тормозные стояночного тормоза MB Vito 639 Viano,77644397,KEMP,19-1777,Maxgear
Цилиндр тормозной главный MB Sprinter (d 23.81mm),77645070,KEMP,0004314701,Mercedes
Колодки тормозные задние MB Vito 98->,77645165,KEMP,0271700,Remsa
Колодки тормозные стояночного тормоза MB Sprinter 312,77645166,KEMP,02.35.051,Trucktec
"Направляющая заднего суппорта (ремкомплект) MBSprinter 509-519,06->",77645170,KEMP,0004230663,Mercedes
Цилиндр сцепления рабочий MB Sprinter 210 MB123;116,77645432,KEMP,0002954007,Mercedes
Колодки тормозные задние MB Sprinter VW Crafter 06-> Vito (639) Viano,77645526,KEMP,FDB1779,Ferodo
Колодки тормозные задние MB Vito 638 система ATE.(+ датчиком),77645565,KEMP,FDB1044,Ferodo
Педаль сцепления MB Sprinter 901MB Vito (638) VW LT  28-46 96->,77645591,KEMP,9012901916,Mercedes
Главный цилиндр сцепления Mercedes Benz Sprinter,77646240,KEMP,9062900112,Mercedes
Суппорт задний  Benz VITO V- CLASS  1997-2003 (ATE)  - R,77647174,KEMP,6384231598,Mercedes
Суппорт задний  Benz VITO V- CLASS  1997-2003 (ATE)  - L,77647175,KEMP,6384231498,Mercedes
Суппорт задний  W201 W124 W202 1985-2000  L,77647188,KEMP,1244200283,Mercedes
Сальник хвостовика КПП MB W201:W202:W123:W124 (40*55*8),77648212,KEMP,0239970147,Mercedes
Подшипник выжимной MB 608-709 OM314,77648222,KEMP,3151033031,Sachs
Шланг тормозной передний MB W123 W124 MB207-410 450mm,77648223,KEMP,4634280235,Mercedes
Суппорт задний MB  SPRINTER VW LT 28-46 96-06 L (система ATE  D52mm),77648349,KEMP,2D0615423,VAG
Суппорт задний MB  SPRINTER VW LT 28-46 96-06 R (система ATE  D52mm),77648350,KEMP,2D0615424,VAG
Суппорт передний   SPRINTER 2006-> 4.6-5T VW LT 30-50 L,77648361,KEMP,2E0615101A,VAG
Суппорт передний   SPRINTER 2006-> 4.6-5T VW LT 30-50 R,77648362,KEMP,2E0615102A,VAG
Суппорт передний MB  SPRINTER VW LT 28-46 96-06 L,77648375,KEMP,2D0615123A,VAG
Суппорт передний MB  SPRINTER VW LT 28-46 96-06 R,77648376,KEMP,2D0615124A,VAG
Суппорт задний  W202 W210  1996-2002  L,77648377,KEMP,0014205083,Mercedes
Суппорт задний  W202 W210  1996-2002  R,77648378,KEMP,0014205183,Mercedes
Суппорт передний   MB Vito 639 03-> L,77648379,KEMP,0044202783,Mercedes
Суппорт передний   MB Vito 639 03-> R,77648380,KEMP,0044202883,Mercedes
Суппорт передний   MB W211 02-08  L,77648381,KEMP,0034200183,Mercedes
Суппорт передний   MB W211 02-08  R,77648382,KEMP,0034200283,Mercedes
Суппорт передний MB  SPRINTER VW LT 28-46 96-06 L,77648383,KEMP,9024201101,Mercedes
Суппорт передний MB  SPRINTER VW LT 28-46 96-06 R,77648384,KEMP,9024201201,Mercedes
Суппорт задний MB  SPRINTER(906) VW Crafter 30-50 06-> L,77648385,KEMP,2E0615405B,VAG
Суппорт задний MB  SPRINTER(906) VW Crafter 30-50 06-> R,77648386,KEMP,2E0615406B,VAG
Суппорт задний  Benz VITO V- CLASS  1997-2003 (Bosch)  - L,77648387,KEMP,0014206483,Mercedes
Суппорт задний  Benz VITO V- CLASS  1997-2003 (Bosch)  - R,77648388,KEMP,0014206583,Mercedes
Суппорт задний  Benz VITO (639) 2003-> (Bosch)  - L,77648389,KEMP,6394200283,Mercedes
Суппорт задний  Benz VITO (639) 2003-> (Bosch)  - R,77648390,KEMP,6394200983,Mercedes
Суппорт задний   MB W211 02-08  L,77648391,KEMP,0024202583,Mercedes
Суппорт задний   MB W211 02-08  R,77648392,KEMP,0024202683,Mercedes
Суппорт задний MB  SPRINTER 4t VW LT 28-46 96-06 L,77648393,KEMP,0024203483,Mercedes
Суппорт задний MB  SPRINTER 4t VW LT 28-46 96-06 R,77648394,KEMP,0024205483,Mercedes
Суппорт передний   MB Vito 639 03-> L,77648395,KEMP,6394200083,Mercedes
Суппорт передний   MB Vito 639 03-> R,77648396,KEMP,6394200183,Mercedes
Суппорт задний MB  SPRINTER 4.6-5t (906) VW Crafter 30-50 06-> L,77648397,KEMP,2E0615423A,VAG
Суппорт задний MB  SPRINTER 4.6-5t (906) VW Crafter 30-50 06-> R,77648398,KEMP,2E0615424A,VAG
Крышка распределителя зажигания MB W124 2.6-3.0 86-95г.,77641316,KEMP,1031580002,Mercedes
Крышка трамблера MB W201 W124 2.0-2.3 84-93 г.,77641321,KEMP,0001584902,Mercedes
Крышка трамблера MB W201 W123 2.0-2.3 77-92 г.,77641322,KEMP,0001584302,Mercedes
Провода высоковольтные MB124 (4 цил),77641541,KEMP,ZEF466,Beru
Бендикс MB 2.0-3.0 Diz.,77641631,KEMP,1006209523,Bosch
Реле стартера втягивающее Mercedes 2.0-3.0 D/TD тип BOSH12V,77642524,KEMP,0331402016,Bosch
Реле стартера втягивающее Mercedes тип BOSH24V,77642525,KEMP,0331402053,Bosch
Насос стеклоомывателя MB 201;124;202;210 86-03,77642930,KEMP,2028690021,Mercedes
Расходомер воздуха MB 430-600 01->,77642934,KEMP,0280217810,Bosch
Расходомер воздуха MB Vito Sprinter CDI,77642935,KEMP,0280217114,Bosch
Датчик износа тормозных колодок MB Sprinter 2t-4t VW LT 28-46 задний,77643148,KEMP,9015400117,Mercedes
Датчик износа тормозных колодок MB Sprinter 2t-4t VW LT 28-46 передний,77643149,KEMP,9015400217,Mercedes
Свеча накала  MBSprinter TDI,77643203,KEMP,0011592601,Mercedes
Шкив генератора (обгонный) MB Sprinter W210 Vario,77643215,KEMP,6041500060,Mercedes
Шкив генератора (обгонный) MB W210 W203 CDI,77643218,KEMP,6111500360,Mercedes
Стартер MB Sprinter Vito,77643318,KEMP,0041518901,Mercedes
Датчик числа оборотов MB SprinterTDI-CDI,77643502,KEMP,0148990007,Meyle
Датчик температуры MB Sprinter OM602,77643506,KEMP,0005426218,Mercedes
Генератор щеточный узел (регулятор напряжения) BOSH 24V MB Man,77643525,KEMP,0340150005,Meyle
Бендикс MB126:W124:W140 4.2 ;5.0,77643809,KEMP,1006209539,Bosch
Бендикс MB OM 616;617 Diz.MB207-409 W123,77643810,KEMP,2006209500,Bosch
Переключатель стеклоочистителей света поворотов  MB 609,77643871,KEMP,6735400445,Mercedes
Датчик износа тормозных колодок MB Sprinter  VW Crafter передний  06->,77644334,KEMP,9065401517,Mercedes
Стеклоподъемник передний електрический MB E-Class W211 02-09 L без мотора,77644846,KEMP,2117200346,Mercedes
Стеклоподъемник передний електрический MB E-Class W211 02-09 R без мотора,77644847,KEMP,2117200446,Mercedes
Мотор переднего стеклоочистителя  MB W202 C-Class,77645010,KEMP,2028202308,Mercedes
Мотор переднего стеклоочистителя  MB W210 E-Class,77645013,KEMP,2108201742,Mercedes
Мотор переднего стеклоочистителя  MB W140 S-Class,77645014,KEMP,1408200008,Mercedes
Мотор переднего стеклоочистителя  MB Sprinter(901) LT28-46 праворульный запчасти,77645018,KEMP,0390241345,Bosch
Мотор переднего стеклоочистителя  MB Sprinter(906) VWCrafter  30-50,77645019,KEMP,9068200040,Mercedes
Насос стеклоомывателя MB T1T2 (601-609)Sprinter (901-904) Vito,77645358,KEMP,6388600126,Mercedes
Реле стартера втягивающее Mercedes тип BOSH12V,77645425,KEMP,0331402013,Bosch
Свеча накала  MBW202 OM604;605 W124 OM605;606,77645434,KEMP,GN860,Beru
Свеча накала  MBW202 W210 S140 OM603-606,77645435,KEMP,GN948,Beru
Насос стеклоомывателя MB  Vito (639) Viano W210 W211 W202 W203,77645451,KEMP,2108690821,Mercedes
Личинка замка зажигания MB W201 W124 W126,77645590,KEMP,1264600604,Mercedes
Стартер MB W203 W204 W211 W212 Sprinter (906)OM271,77645615,KEMP,0001107406,Bosch
Переключатель стеклоочистителей света поворотов  MB 208-310,77645647,KEMP,0055455124,Mercedes
Выключатель стоп сигнала (лягушка тормозная) Mercedes W201:202W124:210,77645656,KEMP,0005457709,Mercedes
Реле стартера втягивающее Mercedes Ford Opel/ Fiat VW/Audi  (тип Bosch),77645768,KEMP,0331303071,Bosch
Датчик темепературы охлаждающей жидкости M601/602 Mercedes Benz Sprinter/Vito,77646313,KEMP,0055422617,General Motors
Выключатель стоп сигнала (лягушка тормозная) Mercedes Vito 639 Sprinter 906,77647975,KEMP,0015453809,Mercedes
Выключатель стоп сигнала (лягушка тормозная) Mercedes W211 W219 (2PIN),77648008,KEMP,0015454009,Mercedes
Выключатель стоп сигнала (лягушка тормозная) Mercedes W211 W219 (4PIN),77648009,KEMP,0015456709,Mercedes
Датчик положения коленвала Mercedes Benz M112/113 00->OM612/646  06->,77648021,KEMP,0031532828,Mercedes
Датчик положения распредвалаMercedes Benz M611/612/642,77648029,KEMP,0051531328,Mercedes
Шрус Mercedes Vito (638) 108-112 CDI 99-03; ABS:48: 27*36 наружн,77642299,KEMP,20228,GKN-Spidan
Шрус Mercedes Vito/V Class 96-03;  A:27/F:27без ABS наружн,77643107,KEMP,A6383340534,Mercedes
Шрус Mercedes Vito (638) 108-112 CDI 99-03; внутрений,77643109,KEMP,6383342334,Mercedes
Пыльник ШРУСа  наружный MB Vito CDI,77643508,KEMP,14071,Febi
Шрус Mercedes Vito (639)  Viano наружний,77643575,KEMP,25-1606,Maxgear
Шрус Mercedes Vito (638) 96-03; Opel Omega 2.0-3.0внутрений,77643649,KEMP,6383341734,Mercedes
Крестовина кардана MB Vario (31*110mm),77644053,KEMP,GU-3111,GMW
Крестовина кардана MB 408-913 (38*55.8mm),77644181,KEMP,GU-7300,GMW
Шрус Mercedes Vito (638) 108-112 CDI 99-03; внутрений,77644366,KEMP,0144980010,Maxgear
Шрус Mercedes Vito (639)  Viano наружний,77644735,KEMP,6393500710,Mercedes
Крестовина кардана MB 408-913 (38*55.8mm),77645079,KEMP,U-730,GKN-Spidan
Шрус Mercedes Vito/V Class 96-03;  A:27/F:27/O:38/X/ABS:48 наружн,7764766,KEMP,20985,GKN-Spidan
Шрус Mercedes MB W164  07->(z30*37),77648545,KEMP,A1643300801,Mercedes
Шрус Mercedes MB W164 CDI 06->(z30*39),77648546,KEMP,1643302001,Mercedes
Чехол резиновый кулисы КПП MB124,77642933,KEMP,1242670097,Mercedes
Чехол резиновый кулисы КПП MB123,77643096,KEMP,1232670097,Mercedes
Крышка бака  MB 814-1117 (без ключа),77644119,KEMP,04412,Febi
Крышка залива масла MB OM 111,77644764,KEMP,0140380000,Meyle
Муфта еластичная кардана MB W202 W210 2.0-3.0,77645454,KEMP,2024110315,Mercedes
"Муфта еластичная кардана MB W124 W201 2.6-3,2",77646735,KEMP,1244100815,Mercedes
Пружина задняя  BMW E36 d16h210mm.,77641256,KEMP,33531138284,BMW
Ступица колеса передняя BMW 3 E36 93-98г.E46 98-05 г.,77641324,KEMP,31226757024,BMW
Ступица колеса передняя BMW 7 (E38) 725-750 94-01 г.,77641326,KEMP,31211137996,BMW
Подшипник задней ступицы BMW E61 E63 E64 E66 E53  00->г.,77641327,KEMP,33411095238,BMW
Подшипник задней ступицы BMW (E24) E28 E32 E34 85-97 г.,77641329,KEMP,33411123426,BMW
Подшипник задней ступицы BMW E36 E46 E38 Z3 94-05г.45*85*41,77641332,KEMP,33411090505,BMW
Ступица колеса передняя BMW E32.E34 92-97г. сABS,77641358,KEMP,31221139345,BMW
Подшипник задней ступицы BMW 5 E39 97-03г.80*45*41,77641359,KEMP,33411093102,BMW
Ступица колеса передняя BMW 3 E30 315-325 83-91г.,77641360,KEMP,31211128157,BMW
Ступица колеса передняя BMW 5 E34 518-535 88-95г.c ABS,77641361,KEMP,31211129386,BMW
Ступица колеса передняя BMW E65 E66 730-760 01->,77641362,KEMP,31226750217,BMW
Ступица колеса передняя BMW E60 E61 520-550  03->г.,77641363,KEMP,31226760177,BMW
Пружина передняя BMW E39 528-540 d14.2h340mm.,77642082,KEMP,101524,K+F
Радиатор BMW E30 320-325 83-91 АКП АС- плоские соты 440*330,77642100,KEMP,1719355,BMW
Радиатор BMW E30 316i-318i 87-91 AKП АС+ плоские соты 440*440,77642101,KEMP,1719136,BMW
Радиатор BMW E53 X5 3.0D 3.0i AC+ мех. 00-> 590*590,77642277,KEMP,60789A,Nissens
Радиатор BMW E53 X5 3.0 D 590*597 03->мех,77642278,KEMP,60819,Nissens
Пружина задняя  BMW E46 (прог.завивка)с утоншением,77642406,KEMP,101535,K+F
Радиатор BMW E34 520-525 88-95 АС+ АКПП 440*329,7764688,KEMP,60703A,Nissens
Радиатор BMW E36 316-325 91-98 АКПП АС- 440*440,7764834,KEMP,60613A,Nissens
Радиатор BMW E30 318. 87-91 E30 Tovrinc 316. 318. 87-93 мех АС- 380*330,7764863,KEMP,60729A,Nissens
Радиатор BMW E30 320-325 85-91 мех АС+ плоские соты 440*440,7764865,KEMP,60635A,Nissens
Радиатор BMW E30 316. 318 87-91 E36 316. 91-93 АКПП АС- 380*330,7764866,KEMP,60731А,Nissens
Радиатор BMW E30 324TD 325 85-91 E32 730V8 E34 530V8 92- пл.соты мех - 550*440,7764868,KEMP,1719260,BMW
Радиатор BMW E30 324TD 325 85-91 E32 730V8 E34 530V8 92- пл.соты АКП 550*440,7764869,KEMP,60618A,Nissens
Радиатор BMW E39 525TDS 96-03 E38 725TDS96-01 650*440 AKП,7764982,KEMP,60603A,Nissens
Амортизатор крышки багажника Peugeot Partner 96-> 660N   420-700mm,77643544,KEMP,8731.E0,Peugeot/Citroen
Амортизатор задний Fiat Ducato Boxer Jamper 94-06 газ,77643907,KEMP,280979,Sachs
Амортизатор передний Peugeot Partner  Berlingo 306 Xsara 96-08 газ R 800kg,77643910,KEMP,200463,Sachs
Амортизатор передний Peugeot Partner  Berlingo 306 Xsara 96-08 газ L 800kg,77643911,KEMP,200459,Sachs
Амортизатор передний Fiat Ducato Boxer Jamper 94-06 газ,77643919,KEMP,280975,Sachs
Амортизатор задний Fiat Doblo 01-09 газ,77643920,KEMP,290032,Sachs
Амортизатор передний Peugeot Partner Berlingo 306 Xsara 96-08 газ L 600kg,77643932,KEMP,200448,Sachs
Амортизатор крышки багажника  Peugeot Partner Berlingo 96-> 700-244mm 670N,77644763,KEMP,8731.E0,Peugeot/Citroen
Амортизатор крышки багажника Fiat Doblo 01-> 866-345mm 370N,77644776,KEMP,46824070,Fiat/Alfa/Lancia
Амортизатор люка на крыше DOBLO 01>240-74mm 300N,77644777,KEMP,46826216,Fiat/Alfa/Lancia
Амортизатор крышки багажника Fiat Stilo 01- 502-200mm 270N,77644813,KEMP,46784590,Fiat/Alfa/Lancia
Амортизатор задний Peugeot 806:807 FiatUlysse Citroen C8  Evasion 02->,77645312,KEMP,312725,Sachs
Амортизатор задний Peugeot Bipper Fiat Qubo Fiorino Citroen Nemo 08->,77645317,KEMP,315132,Sachs
Амортизатор задний Fiat Doblo 10->,77645325,KEMP,315374,Sachs
Амортизатор задний Peugeot Expert 806 Fiat Scudo Citroen Jumpi 98->,77645327,KEMP,200433,Sachs
Амортизатор задний Peugeot Partner Berlingo  96-08,77645330,KEMP,200449,Sachs
Амортизатор передний  Fiat Scudo Citroen Jumpi 07-> L,77646438,KEMP,314032,Sachs
Амортизатор передний  Fiat Scudo Citroen Jumpi 07-> R,77646439,KEMP,314033,Sachs
Амортизатор задний Peugeot Fiat Scudo Citroen Jumpi 07->,77646440,KEMP,314663,Sachs
Амортизатор передний Citroen Nemo Fiat Fiorino Qubo Peugeot Bipper  08-> L,77646441,KEMP,315125,Sachs
Амортизатор передний Citroen Nemo Fiat Fiorino Qubo Peugeot Bipper  08-> R,77646442,KEMP,315126,Sachs
Амортизатор передний Peugeot Partner  Berlingo 08-> газ R,77646446,KEMP,314888,Sachs
Амортизатор передний Fiat Doblo 10->Opel Combo 12-> L,77646448,KEMP,315372,Sachs
Амортизатор передний Fiat Doblo 10->Opel Combo 12-> R,77646449,KEMP,315373,Sachs
Амортизатор задний Peugeot Fiat Scudo Citroen Jumpi 07->(усиленый),77646679,KEMP,314663 U,Sachs
Амортизатор передний Peugeot 301Citroen C-Elysee 12-> газ L,77647295,KEMP,3338001,Kayaba
Амортизатор передний Peugeot 301Citroen C-Elysee 12-> газ R,77647296,KEMP,3338000,Kayaba
Амортизатор передний  Citroen C-4 Picasso Grand Picasso Peugeot 308 06-> газ R,77647298,KEMP,314743,Sachs
Амортизатор задний Peugeot 301Citroen C-Elysee 12-> газ,77647299,KEMP,3438000,Kayaba
Амортизатор крышки багажника Citroen C-4 04-> 547-158 425N,77647696,KEMP,8731J8,Peugeot/Citroen
Амортизатор крышки багажника Citroen Evasion Peugeot 806 95-02 610-215 600N,77647697,KEMP,8731C1,Peugeot/Citroen
Амортизатор крышки багажника Citroen C-4 Grand Picasso 06-> 585-190 625N,77647698,KEMP,8731N9,Peugeot/Citroen
Амортизатор крышки багажника Citroen C8 Peugeot 807Fiat Ulysse 02-> 632-235 510N,77647699,KEMP,1489342080,Fiat/Alfa/Lancia
Амортизатор задний Fiat Ducato Boxer Jamper 94-06 газ 1800 кг,77648226,KEMP,280985,Sachs
Амортизатор передний Fiat Ducato Boxer Jamper 94-06 1800kg газ,77648319,KEMP,280977,Sachs
Амортизатор задний Fiat Doblo 01-09 газ  усиленный,77648321,KEMP,311931,Sachs
Амортизатор передний  Citroen C-4  Peugeot 307 02-> газ R,77648478,KEMP,290960,Sachs
Амортизатор передний  Citroen C-4  Peugeot 307 02-> газ L,77648479,KEMP,290959,Sachs
Амортизатор задний  Citroen C-4  Peugeot 307 00-> газ,77648480,KEMP,290963,Sachs
Мотор печки Fiat Ducato 94->,77644715,KEMP,1318888080,Fiat/Alfa/Lancia
Мотор печки Fiat Doblo Punto AC- 00-,77644723,KEMP,46722948,Fiat/Alfa/Lancia
Мотор печки Fiat Scudo Citroen Jumpy Peugeot Expert  AC+ (c блоком упр.),77644724,KEMP,6441.E3,Peugeot/Citroen
Мотор печки  Citroen Berlingo Peugeot Partner,77644725,KEMP,6441.S0,Peugeot/Citroen
Мотор печки Fiat Ducato 02->AC-,77644730,KEMP,71734232,Fiat/Alfa/Lancia
Мотор печки  Citroen Berlingo: ZX Peugeot Partner AC+ (c блоком упр.),77644832,KEMP,6441.L3,Peugeot/Citroen
Крышка расширительного бачка Citroen Berlingo Peugeot 106-605 Partner,77644922,KEMP,1306.84,Peugeot/Citroen
Мотор радиатора Fiat Doblo 1.9D,77644989,KEMP,Fiat/Alfa/Lancia,Fiat/Alfa/Lancia
Мотор радиатора Fiat Doblo 1.9Multijet 1.3 JTD 1.9JTD AC-,77644990,KEMP,51738799,Fiat/Alfa/Lancia
Мотор радиатора Fiat Doblo 1.9Multijet 1.3 JTD 1.9JTD AC+,77644991,KEMP,51753828,Fiat/Alfa/Lancia
Мотор радиатора Citroen Berlingo C5 C8 Xsara Peugeot Partner AC-,77644995,KEMP,9635494380,Fiat/Alfa/Lancia
Мотор печки Fiat Doblo Punto AC+,77645003,KEMP,71735484,Fiat/Alfa/Lancia
Мотор радиатора Fiat Doblo 1.9Multijet 1.2;1.6 16V AC- (без дифузора),77645039,KEMP,46737731,Fiat/Alfa/Lancia
Мотор радиатора Fiat Doblo 1.9Multijet 1.2;1.6 16V AC+ (без дифузора),77645041,KEMP,51738718,Fiat/Alfa/Lancia
Мотор радиатора Fiat Fiorino Qubo CITRO Nemo Biper 1.3 1.4HDI Multiget 08->390mm,77647208,KEMP,51780703,Fiat/Alfa/Lancia
Мотор радиатора Fiat Doblo 1.3-2.0 10-> 405mm 300W(дифузор резистор),77647218,KEMP,51821155,Fiat/Alfa/Lancia
"Мотор радиатора  Peugeot Boxer, Fiat Ducato, Citroen Jumper 00->",77647222,KEMP,1328088080,Fiat/Alfa/Lancia
Мотор радиатора Fiat Doblo 1.6D2.0D Multijet  10-> 405mm 430W,77647224,KEMP,51833973,Fiat/Alfa/Lancia
"Мотор печки  Peugeot Boxer, Fiat Ducato, Citroen Jumper  06->",77647242,KEMP,77364058,Fiat/Alfa/Lancia
Мотор печки  Fiat Fiorino Qubo CITRO Nemo Biper  AC+,77647243,KEMP,77366856,Fiat/Alfa/Lancia
Мотор печки  Fiat Fiorino Qubo CITRO Nemo Biper  AC-,77647244,KEMP,77366871,Fiat/Alfa/Lancia
Мотор печки Fiat Scudo Citroen Jumpy Peugeot 806  AC+ (c блоком упр.),77647431,KEMP,6441.E2,Peugeot/Citroen
Радиатор  интеркулер PEUGEOT BOXER (UG) 2.2 16- 735 x 112 x 80 mm,77641293,KEMP,1382428080,Fiat/Alfa/Lancia
Радиатор Peugeot  Partner Citroen Berlingo 1.8D1.9D 96->670*366,77641492,KEMP,133058,Peugeot/Citroen
Радиатор Iveco 35-10 TI 642*488,77642,KEMP,61972,Nissens
"Радиатор Ducato (250) 2.3JTD PSA Boxer 3 , Jumper 3 2014-> -AC (Euro 5, 6)",77642751,KEMP,606554,Nissens
Радиатор Iveco 625*440,77643,KEMP,61975,Nissens
Радиатор Peugeot  Partner Citroen Berlingo 1.1-1.4 96> 610*380,77643027,KEMP,63547,Nissens
Радиатор Peugeot  Partner Citroen Berlingo 1.4-1.8i 96-> 610*378,77643029,KEMP,63716,Nissens
"Радиатор Peugeot Boxer, Fiat Ducato, Citroen Jumper 94-02 700*418 1.9TD",77643030,KEMP,61862,Nissens
Радиатор кондиционера Fiat Doblo 01->488*312*18(без осушителя),77643666,KEMP,94632,Nissens
Радиатор кондиционера Peugeot 307 01- 510*368(с осушителем),77644413,KEMP,94570,Nissens
Радиатор кондиционера Peugeot Partner 06- 520*360(с осушителем),77644423,KEMP,94870,Nissens
Радиатор кондиционера Peugeot Biper Corsa Nemo 570-353(с осушителем),77644431,KEMP,94973,Nissens
Радиатор кондиционера Peugeot Partner 96- 1.9 620*340(без осушителя),77644435,KEMP,94218,Nissens
"Радиатор кондиционера Peugeot 307 01- 2,0HDI 510*368(с осушителем)",77644437,KEMP,94571,Nissens
Радиатор Peugeot 806 Fiat Ulysse  Citroen C8 2.0 16V 2.0HDI 2.0JTD,77645090,KEMP,1330H8,Peugeot/Citroen
Радиатор Peugeot 806 Exper  Citroen C5 C8 Jumpy 2.0 16V 2.0HDI,77645092,KEMP,1330A4,Peugeot/Citroen
Радиатор Peugeot 806 Expert Fiat Scudo  Citroen Jumpy 1.9D-2.0HDI  98->,77645095,KEMP,133072,Fiat/Alfa/Lancia
"Радиатор печки Peugeot Boxer, Fiat Ducato, Citroen Jumper",77645107,KEMP,6448H8,Peugeot/Citroen
Радиатор Fiat Doblo 1.3D-JTD  1.9D-JTD 01-> 700*306,77645191,KEMP,46807378,Fiat/Alfa/Lancia
Радиатор Fiat Qubo  Peugeot Bipper  Citroen Nemo 1.3D. HDI 10->,77645193,KEMP,51780659,Fiat/Alfa/Lancia
Радиатор Peugeot 806 Expert Fiat Scudo  Citroen Jumpy 1.9D-2.0HDI  98->670*446,77645220,KEMP,1301Y7,Peugeot/Citroen
"Радиатор печки Peugeot Boxer, Fiat Ducato, Citroen Jumpe  94-02   220*195",77645229,KEMP,644893,Peugeot/Citroen
Радиатор Fiat Doblo 1.3 Multijet  2010->(плоские соты),77645841,KEMP,51812209,Fiat/Alfa/Lancia
Радиатор Peugeot 807 Expert Fiat Scudo  Citroen Jumpy 1.6-2.0HDI  06-> (пл.соты),77645842,KEMP,1330Q7,Peugeot/Citroen
Радиатор Peugeot  Partner Citroen Berlingo 1.6 HDI 08-> 380*560,77645936,KEMP,636007,Nissens
Радиатор Fiat Qubo  Peugeot Bipper  Citroen Nemo 1.4. HDI 10->630*325,77645945,KEMP,636004,Nissens
Радиатор печки Iveco 310*157,7764605,KEMP,93933970,Fiat/Alfa/Lancia
Радиатор Fiat Qubo  Peugeot Bipper  Citroen Nemo 1.4. HDI 10-> AC+630*325,77646085,KEMP,1330Y1,Peugeot/Citroen
Радиатор кондиционера Fiat Doblo 10-> Opel Combo 12->669*393   (с осушителем),77646208,KEMP,940169,Nissens
Радиатор Fiat Qubo  Peugeot Bipper  Citroen Nemo 1.4.08-> 540*360 AC+/-,77646568,KEMP,636005,Nissens
"Радиатор Peugeot Boxer, Fiat Ducato, Citroen Jumper AC+1000*414",77646577,KEMP,61393,Nissens
Радиатор Fiat Ducato 2.0D 11-> 780*376,77646587,KEMP,1367533080,Fiat/Alfa/Lancia
Радиатор Peugeot 308  Citroen DS4 1.6 10-> 613*414,77646589,KEMP,636012,Nissens
"Радиатор печки Peugeot Partner, 306, Ciroen Berlingo  234*156",7764660,KEMP,644878,Nissens
"Радиатор печки Peugeot 405, 406  250*158",7764661,KEMP,644877,Nissens
Радиатор маслянный Fiat Doblo 1.3 JTD 04>,77646851,KEMP,55193743,Fiat/Alfa/Lancia
"Радиатор интеркулер Peugeot 806, Fiat Scudo, Citroen Jumpy  680*322",77646938,KEMP,96849,Nissens
"Радиатор Peugeot Boxer, Citroen Jumper  10-> 781*416",77646941,KEMP,606169,Nissens
Радиатор кондиционера Peugeot 1007.2008.207.208 05-> Citroen C2.C3 02->,77647264,KEMP,94595,Nissens
Радиатор кондиционера Fiat Doblo D JTD 04->610*305,77647268,KEMP,94727,Nissens
Радиатор кондиционера Fiat Doblo D JTD 04->560*309,77647269,KEMP,94633,Nissens
Радиатор кондиционера Fiat Doblo 10-> Opel Combo 12->565*346,77647270,KEMP,940095,Nissens
Радиатор кондиционера Peugeot 806 Expert Fiat Scudo  Citroen Jumpy 725*451,77647487,KEMP,94210,Nissens
"Радиатор кондиционера Peugeot Boxer, Fiat Ducato, Citroen Jumper 02->530*366",77647490,KEMP,94712,Nissens
Радиатор Peugeot 406 :607  Citroen C5 2.0 16V 2.0HDI 00-04г.,77647525,KEMP,63705A,Nissens
Радиатор Peugeot 406  Citroen C5 2.0 16V 2.0HDI АКП 00-04г.,77647526,KEMP,61292A,Nissens
Радиатор Peugeot 406 1.6HDI 2.2  Citroen C5 1.6:2.0HDI  04г.->380*549,77647530,KEMP,63605A,Nissens
Радиатор Peugeot  Partner Citroen Berlingo 1.1-1.4 96> 460*380,77647566,KEMP,63546,Nissens
Радиатор Peugeot 106  2  Citroen SAXO 1.1-1.6 96-> 530*322,77647984,KEMP,63736,Nissens
Радиатор Peugeot 1007 207  Citroen C2 C3 03-> 380*402,77647985,KEMP,61284,Nissens
Радиатор кондиционера Peugeot 308 (2) C4Picasso  13-> 734*358,77648251,KEMP,940458,Nissens
Радиатор кондиционера Peugeot 206 02-> 590*360,77648492,KEMP,94855,Nissens
Радиатор кондиционера Fiat Doblo 01->595*303,77648503,KEMP,940061,Nissens
Радиатор кондиционера Citroen C1 Peugeot 107 05-> 386*348,77648504,KEMP,94891,Nissens
Радиатор кондиционера Peugeot 407 Citroen C5 3 C6 06->670*303,77648513,KEMP,94830,Nissens
Радиатор кондиционера Peugeot 807  Fiat Ulysse  Citroen C8 02-> 560*462,77648514,KEMP,94609,Nissens
"Радиатор кондиционера Peugeot Boxer, Fiat Ducato, Citroen Jumper 06->710*386",77648516,KEMP,94985,Nissens
"Радиатор интеркулер Peugeot Boxer, Fiat Ducato, Citroen Jamper  96-> (295*205)",77648627,KEMP,96889,Nissens
Радиатор Peugeot 407.508 1.6HDI 2.2  Citroen C5 1.6:2.0HDI  08г.->567*380,77648650,KEMP,636008,Nissens
"Радиатор интеркулер Peugeot Bipper, Fiat Fiorino, Citroen Nemo 1.3 1.4 HDI 09->",77648669,KEMP,96536,Nissens
Радиатор интеркулер  Fiat Doblo 1.3:1.9 D JTD 04->,77648670,KEMP,96736,Nissens
"Радиатор интеркулер Peugeot 806 Expert, Fiat Scudo, Citroen Jumpy  07->",77648673,KEMP,96609,Nissens
Радиатор  интеркулер Peugeot  Partner 308: Citroen Berlingo C4 1.6 HDI 06->,77648681,KEMP,96627,Nissens
Радиатор  интеркулер Peugeot  Partner  Citroen Berlingo 1.6 HDI 08->,77648682,KEMP,96584,Nissens
Радиатор Peugeot 807 Expert Fiat Scudo  Citroen Jumpy 1.6-2.0HDI  06-> (кр.соты),77648722,KEMP,63621A,Nissens
Радиатор Tipo/Dedra/Alfa155 '88-'99 558*377*34,7764928,KEMP,7655947,Fiat/Alfa/Lancia
Радиатор Peugeot 406 1.9 TD 96-04г. P-605 2.1TD 89-99г. 640*398,7764978,KEMP,61349A,Nissens
Радиатор Fiat Doblo 1.4-1.6. 1.9D01-> 650*400,7764987,KEMP,61766,Nissens
Подшипник пер.ступицы внеш.Iveco 30-8 35-10 96-> 62*25*18.25,77641348,KEMP,30305F,FAG
"Подшипник передней ступицы внут..Iveco 30-8 35-12 96-> 80*40*24,75 MAN M90",77641350,KEMP,32208F,FAG
Подшипник передней ступицы внеш.Iveco 45-10/49-10/49-12 80*40*32.2,77641351,KEMP,33208F,FAG
Подшипник пер.ступ.Fiat Ducato 02->Jumper/Boxer Renault Master2 84*49*48,77641353,KEMP,EVR4017,Ruville
Подшипник конический 30204F 47*20*15,77641354,KEMP,30204F,FAG
"Подшипник пер.ступицы внеш..Iveco75-9 83-93г.Ducato R16 зад. 62*30*21,3 MAN G90",77641366,KEMP,32206F,FAG
Подшипник задней ступицы Iveco 35-10 35-1285-96г. FiatDucato 02-04 55*90*60,77641369,KEMP,201051,FAG
Подшипник пер.ступ. Peugeot Partner Berlingo комплект 42*82*36,77641932,KEMP,713640180,FAG
Подшипник пер.ступ. Peugeot Partner Berlingo 08-> c ABS 42*82*36,77641933,KEMP,713630760,FAG
Ступица задняя Peugeot P305 P405,77641936,KEMP,713640260,FAG
Ступица задняя Peugeot P406 Partner 00->,77641939,KEMP,713630530,FAG
Ролик натяжной с механизмом Citroen Berlingo Peugeot Partner;806 1.8D1.9D;TD,77642954,KEMP,5751.30,Peugeot/Citroen
Подшипник передней ступицы  Peugeot 106 диск 3отв 32*35*66,77644280,KEMP,95603182,Peugeot/Citroen
Ролик паразитный поликлиново ремня FiatScudo Citroen Peugeot1.8-2.2 16V(25*78),77644874,KEMP,575160,Peugeot/Citroen
Ступица передняя Peugeot P306- P406 Partner Citroen Berlingo  BX;C3;C4,77644980,KEMP,3307.69,Peugeot/Citroen
Ступица передняя  Fiat Scudo Citroen Jumpy Peugeot Expert,77644984,KEMP,3307.64,Peugeot/Citroen
Ступица задняя Fiat Doblo 01->,77645710,KEMP,713690730,FAG
Ступица передняя  Fiat Ducato 94-02,7764651,KEMP,3307.65,Peugeot/Citroen
Ступица передняя  Fiat Ducato 94-02,7764652,KEMP,1307355080,Fiat/Alfa/Lancia
Подшипник перед.ступицы Fiat Ducato Boxer Mercedes G 80*50*20 (32010F),7764685,KEMP,332627,Peugeot/Citroen
Ступица задняя Peugeot  Partner Citroen Berlingo Xsara 02->,77647126,KEMP,713640460,FAG
Ступица задняяFiat Qubo  Peugeot Bipper  Citroen Nemo,77647536,KEMP,713690710,FAG
"Подшипник пер.ступ.Fiat Qubo  Peugeot Bipper Citroen Nemo1,4Opel Corsa D1.0-1.4",77647547,KEMP,713606390,FAG
Подшипник передней ступицы  Peugeot 1007 106 2 206 306 96-> 37*72*33,77647552,KEMP,713650060,FAG
Подшипник передней ступицы  Peugeot 1007 106  206 306 03->ABS 37*72*33,77647554,KEMP,713640310,FAG
Подшипник перед.ступицы  Fiat Doblo 10->Opel Combo 12->37*74.37 ABS,77647555,KEMP,713690800,FAG
"Подшипник передней ступицы   Peugeot P806 Expert 44*82,5*37 ABS",77647556,KEMP,713630580,FAG
Подшипник задней ступицы Citroen C4 Peugeot  307 25*60*45,77647559,KEMP,713640470,FAG
Подшипник пер. ступицы  Peugeot 308-607 Citroen C4 C5 C6  06->45*83*44 ABS,77647560,KEMP,713640500,FAG
Подшипник задней ступицы Citroen C4 Peugeot  307 25*60*45,77647574,KEMP,713640470,FAG
Подшипник задней ступицы Iveco 35-10 35-1285-96г. FiatDucato 02-04 55*90*60,77647577,KEMP,201051,FAG
Подшипник пер. ступицы  Peugeot 308-607 Citroen C4 C5 C6  06->45*83*44 ABS,77647584,KEMP,713640500,FAG
Подшипник пер.ступ. Peugeot Partner Berlingo комплект 42*82*36,77647586,KEMP,713640180,FAG
"Подшипник пер.ступ.Fiat Qubo  Peugeot Bipper Citroen Nemo1,4Opel Corsa D1.0-1.4",77647588,KEMP,713606390,FAG
Подшипник перед.ступицы  Fiat Doblo 10->Opel Combo 12->37*74.37 ABS,77647589,KEMP,713690800,FAG
"Подшипник передней ступицы   Peugeot P806 Expert 44*82,5*37 ABS",77647595,KEMP,713630580,FAG
Подшипник передней ступицы   Peugeot P806 Expert К-КТ.,77647596,KEMP,713630580,FAG
Подшипник передней ступицы  Peugeot 1007 106  206 306 03->ABS 37*72*33,77647597,KEMP,713640310,FAG
Подшипник передней ступицы  Peugeot 1007 106 2 206 306 96-> 37*72*33,77647598,KEMP,713650060,FAG
Ступица задняяFiat Qubo  Peugeot Bipper  Citroen Nemo,77647630,KEMP,713690710,FAG
Ступица задняя Peugeot P806 Citroen Jumpy Fiat Scudo 02->,77648037,KEMP,713640010,FAG
Ступица задняя Peugeot P107 Citroen C1 05->,77648042,KEMP,713618870,FAG
Подшипник задней ступицы Citroen C4 Peugeot  307 30*62*48,77648044,KEMP,713640480,FAG
Подшипник задней ступицы Citroen Berlingo Peugeot Partner 08-> 30*62*51,77648045,KEMP,713640610,FAG
Подшипник задней.ступ.Fiat Ducato Jumper/Boxer 94-02,77648050,KEMP,682327,Optimal
Подшипник пер.ступ.Fiat Ducato 06->Jumper/Boxer 06-> 55*90*54,77648083,KEMP,713640550,FAG
Подшипник пер.ступ.Fiat Ducato 02->Jumper/Boxer 02-> 55*90*60,77648086,KEMP,713690940,FAG
Подшипник пер.ступ. Peugeot 107 Citroen C1 1.0 1.4 HDI 05-> 38*69*39,77648087,KEMP,713640490,FAG
Подшипник зад.ступ.Fiat Ducato Jumper/Boxer 90-02 R16  (комплект),77648090,KEMP,713650430,FAG
Подшипник пер.ступ.Fiat Ducato Jumper/Boxer 94-02 55*90*24,77648091,KEMP,713650330,FAG
Подшипник зад.ступ.Fiat Ducato J5/C25 82-94 (комплект),77648092,KEMP,713650410,FAG
Подшипник задней.ступ.Fiat Ducato Jumper/Boxer 94-02 02-> 42*75*60,77648094,KEMP,713640330,FAG
Подшипник задней.ступ.Fiat Ducato Jumper/Boxer 94-02 55*90*60,77648095,KEMP,713640400,FAG
Подшипник пер.ступ. Peugeot Partner Berlingo  42*82*36,77648106,KEMP,600308,Optimal
Подшипник пер.ступ.Fiat Ducato J5/C25 82-94,77648107,KEMP,713650310,FAG
Подшипник перед.ступицы Fiat Tipo 88-95 Panda 03->Seicento 35*66*33,77648108,KEMP,713690080,FAG
Ступица задняя Fiat Ducato Jumper/Boxer 06-> 11->,77648109,KEMP,71753810,Fiat/Alfa/Lancia
Подшипник зад.ступ.Fiat Ducato J5/C25 82-94  (комплект),77648149,KEMP,713650410,FAG
Подшипник зад.ступ.Fiat Ducato Jumper/Boxer 94-02 R16  (комплект),77648150,KEMP,713650430,FAG
Подшипник задней ступицы Citroen Berlingo Peugeot Partner 08-> 30*62*51,77648155,KEMP,713640610,FAG
Подшипник задней ступицы Citroen C4 Peugeot  307 30*62*48,77648156,KEMP,713640480,FAG
Подшипник задней.ступ.Fiat Ducato Jumper/Boxer 94-02 02-> 42*75*60,77648166,KEMP,713640330,FAG
Подшипник задней.ступ.Fiat Ducato Jumper/Boxer 94-02 55*90*60,77648167,KEMP,713640400,FAG
Подшипник пер.ступ. Peugeot 107 Citroen C1 1.0 1.4 HDI 05-> 38*69*39,77648168,KEMP,713640490,FAG
Подшипник пер.ступ. Peugeot Partner Berlingo 08-> c ABS 42*82*36,77648169,KEMP,713630760,FAG
Подшипник пер.ступ.Fiat Ducato 02->Jumper/Boxer 02-> 55*90*60,77648173,KEMP,713690940,FAG
Подшипник пер.ступ.Fiat Ducato 06->Jumper/Boxer 06-> 55*90*54,77648174,KEMP,713640550,FAG
Подшипник пер.ступ.Fiat Ducato J5/C25 82-94,77648175,KEMP,713650310,FAG
Подшипник пер.ступ.Fiat Ducato Jumper/Boxer 94-02 55*90*24,77648176,KEMP,713650330,FAG
Подшипник перед.ступицы Fiat Tipo 88-95 Panda 03->Seicento 35*66*33,77648178,KEMP,713690080,FAG
Ступица задняя Fiat Doblo 01->,77648192,KEMP,713690730,FAG
Ступица задняя Peugeot P107 Citroen C1 05->,77648198,KEMP,713618870,FAG
Ступица задняя Peugeot P806 Citroen Jumpy Fiat Scudo 02->,77648199,KEMP,713640010,FAG
Ступица задняя Peugeot P806 Citroen Jumpy Fiat Scudo 96->,77648200,KEMP,713630570,FAG
Комплект замков (личинки) Peugeot 206 (4шт.),77642860,KEMP,272-158,Polcar
Ручка двери Fiat Doblo 00- передн. R,77644597,KEMP,735309959,Fiat/Alfa/Lancia
Ручка двери Fiat Doblo 00- передн.+багажник L,77644598,KEMP,735309960,Fiat/Alfa/Lancia
Кронштейн сдвижной двери F.Ducato C.Jumper P.Boxer 94-02 нижний,77645666,KEMP,1334554080,Fiat/Alfa/Lancia
Кронштейн сдвижной двери F.Ducato C.Jumper P.Boxer 06-> нижний с кронштейном,77645667,KEMP,1344239080,Peugeot/Citroen
Кронштейн сдвижной двери F.Ducato C.Jumper P.Boxer 06-> верхний с кронштейном,77645669,KEMP,1344234080,Peugeot/Citroen
Направляющая сдвижной двери Fiat Ducato Peugeot Boxer 96-06,77645676,KEMP,1358687080,Fiat/Alfa/Lancia
Замок двери зад./бок.верх.Fiat Ducato Peugeot Boxer 96-06,77645677,KEMP,1335777080,Fiat/Alfa/Lancia
Замок двери зад./бок.верх.Fiat Ducato Peugeot Boxer 06->,77645678,KEMP,1344901080,Fiat/Alfa/Lancia
Личинки дверных замков (2шт.) Peugeot Parttner Citroen Berlingo L/R,77645783,KEMP,252522,VALEO PHC
Ручка двери Fiat Doblo 00- боковой/сдвижной L,77646620,KEMP,735309962,Rotweiss
Ручка двери раздвижной R Fiat Ducato Boxer 94-02,77646622,KEMP,1301418808,Fiat/Alfa/Lancia
Ручка двери задней распашной L Fiat Fiorino Qubo Nemo 08-,77646623,KEMP,735507864,Fiat/Alfa/Lancia
Кронштейн сдвижной двери Peugeot Partner Citroen Berlingo 08->верхний L,77646628,KEMP,9680486980,Peugeot/Citroen
Кронштейн сдвижной двери Peugeot Partner Citroen Berlingo 08-> L средний,77646629,KEMP,9680486580,Peugeot/Citroen
Кронштейн сдвижной двери Peugeot Partner Citroen Berlingo 08-> L нижний,77646630,KEMP,9680486780,Peugeot/Citroen
Комплект замков полный Peugeot Expert Citroen Jumpi Fiat Scudo 98->,77647999,KEMP,4162F4,VALEO PHC
Скоба замка двери Fiat Ducato/ Peugeot Boxer/Citroen Jumper 06-> (зад.низ),77648642,KEMP,1345736080,Fiat/Alfa/Lancia
Скоба замка двери Fiat Ducato/ Peugeot Boxer/Citroen Jumper 06-> (зад.верх),77648643,KEMP,1362281080,Fiat/Alfa/Lancia
Замок двери задней левый нижний механ Fiat Ducato 2006-2014,77648644,KEMP,1385567080,Fiat/Alfa/Lancia
"Пружина передняя Citroen Berlingo Peugeot Partner 98->1.8D-2.0HDI7витков 12,5mm",77642245,KEMP,4015611,Lesjofors
Пружина передняя Citroen Berlingo Peugeot Partner 98->1.8D-2.0HDI7витков13*475mm,77642369,KEMP,500279,Peugeot/Citroen
Пружина передняя Fiat Ducato Boxer 1.9-2.5 94-02г. h435mm*d18.1mm,77642372,KEMP,5002J6,Peugeot/Citroen
Пружина передняя Citroen Berlingo Peugeot Partner 96-> 1.4-1.9D 13.6*361 5витков,77642376,KEMP,87136100,K+F
Стойка стабилизатора переднего Peugeot Partner Citroen Berlingo ->2008,77642462,KEMP,508739,General Motors
Шаровая опора Peugeot Partner Citroen Berlingo 18mm,77642498,KEMP,364050,Peugeot/Citroen
Рычаг передний Peugeot 806 Exspert Fiat Scudo Citroen Jumpi L.,77642519,KEMP,352094,Peugeot/Citroen
Рычаг передний Peugeot 806 Exspert Fiat Scudo Citroen Jumpi R.,77642520,KEMP,352164,Peugeot/Citroen
Стойка стабилизатора переднего Peugeot Partner Citroen Berlingo ->2008,77642707,KEMP,PE-LS-5046,Moog
Шаровая опора Peugeot Partner Citroen Berlingo 18mm,77642709,KEMP,CI-BJ-0523,Moog
Подушка верхняя опорная Peugeot Partner Berlingo P 306,77644579,KEMP,5038.21,Peugeot/Citroen
Подушка верхняя опорная Peugeot Boxer Citroen Jumper  Fiat Ducato R,77644580,KEMP,5038.42,Peugeot/Citroen
Подушка верхняя опорная Peugeot Boxer Citroen Jumper  Fiat Ducato L,77644581,KEMP,5038.41,Peugeot/Citroen
Подушка верхняя опорная Peugeot Boxer Citroen Jumper  Fiat Ducato L 06->,77644582,KEMP,5038.87,Peugeot/Citroen
Подушка верхняя опорная Peugeot Boxer Citroen Jumper  Fiat Ducato R 06->,77644583,KEMP,5038.89,Peugeot/Citroen
Рычаг передний Peugeot Partner Citroen Berlingo R. 08->,77646650,KEMP,3521G8,Peugeot/Citroen
Рычаг передний Peugeot Partner Citroen Berlingo L. 08->,77646651,KEMP,3520.K8,Peugeot/Citroen
Шаровая опора Peugeot Boxer Citroen Jumper  Fiat Ducato L/R 06->,77646655,KEMP,364067,General Motors
Шаровая опора Peugeot Boxer Citroen Jumper  Fiat Ducato L/R 02->,77646656,KEMP,364055,Peugeot/Citroen
Шаровая опора Peugeot Boxer Citroen Jumper  Fiat Ducato L/R 96- 02,77646657,KEMP,364054,Peugeot/Citroen
Пружина передняя Fiat Ducato Boxer 06->,77647671,KEMP,4026196,Lesjofors
Пружина задняя Fiat Scudo Peugeot Expert Citroen Jumpy 96-06,77647677,KEMP,4226115,Lesjofors
Сайленблок переднего рычага Peugejt 605 :607,77644503,KEMP,21652777,Corteco
Подушка двигателя  Peugeot 309 405 Partner,77644542,KEMP,1809.04,Peugeot/Citroen
Подушка двигателя  Peugeot 307-806 Partner,77644543,KEMP,1809.16,Peugeot/Citroen
Сайленблок переднего рычага (передний) Peugeot Partner  P306 Citroen  Berlingo,77644562,KEMP,3523.62,Peugeot/Citroen
Сайленблок переднего рычага (передний) Peugeot Boxer Citroen Jumper  Fiat Ducato,77644564,KEMP,3523.93,Peugeot/Citroen
Втулка (сайлентблок)рулевого вала Citro Berlingo Peugeot Partner  P205-405 сГ.У,77644568,KEMP,4059.05,Peugeot/Citroen
Подушка двигателя  Peugeot 306 Partner Citroen Berlingo R,77644970,KEMP,1844.47,Peugeot/Citroen
Подушка двигателя Citroen Jumper Fiat Ducato Peugeot Boxer L,77644973,KEMP,1307908080,Fiat/Alfa/Lancia
Сайлентблок переднего рычага задний P-406,7764972,KEMP,3523.61,Peugeot/Citroen
Насос гидроусилителя Peugeot Partner 1.9D 96г.->,77641638,KEMP,4007.P0,Peugeot/Citroen
Насос гидроусилителя Peugeot Boxer Citroen Jamper 2.5D TD 96-02г.,77641639,KEMP,4007.03,Peugeot/Citroen
Насос гидроусилителя Peugeot Partner Citroen Berlingo1.9D 00г.->(с бачком),77641640,KEMP,4007.HY,Peugeot/Citroen
Насос гидроусилителя Peugeot 406 806 1.8-2.0 16V Citroen Jumpi 1.9D 95-02г.,77641655,KEMP,4007.N4,Peugeot/Citroen
Наконечник рулевой тяги Peugeot 205-309 Partner Citroen Berlingo ->2008г.,77642455,KEMP,381750,Peugeot/Citroen
Насос гидроусилителя Fiat Ducato 94-02 Tempra Punto 90-97,77642573,KEMP,46413323,Fiat/Alfa/Lancia
Насос гидроусилителя Fiat Doblo Cargo Multipla 1.9D/JTD 01->,77642574,KEMP,60815754,Fiat/Alfa/Lancia
Наконечник рулевой тяги Peugeot 205-309 Partner Citroen Berlingo ->2008г.,77642708,KEMP,PE-ES-5703,Moog
Рейка рулевая  Fiat Ducato Jumper Boxer 94-00 мех.,77643681,KEMP,9451178380,Peugeot/Citroen
Насос гидроусилителя Peugeot J5 205-405 Partner Citroen C25 Berlingo,77643878,KEMP,4007.V7,Peugeot/Citroen
Насос гидроусилителя Fiat Ducato Citroen Jumper  2.2  06->Ford Transit 2.2 06->,77645577,KEMP,4007.KK,Peugeot/Citroen
Насос гидроусилителя Peugeot Expert Citroen Jumpy Fiat Scudo 1.6 HDI06->,77645579,KEMP,4007VR,Peugeot/Citroen
Насос гидроусилителя Fiat Doblo Cargo Multipla Brava Marea 99->,77646290,KEMP,46459346,Fiat/Alfa/Lancia
Насос гидроусилителя Peugeot Partner1.8 1.9D P306 P405 Berlingo 96г.->(6p 114mm),77646604,KEMP,4007.5C,Peugeot/Citroen
Насос гидроусилителя Peugeot Partner Citroen Berlingo 2.0HDI 00г.->(с бачком),77646605,KEMP,4007.AT,Peugeot/Citroen
Насос гидроусилителя Fiat Ducato 2.5 2.8 TDI 94-02,77646607,KEMP,46460675,Fiat/Alfa/Lancia
Насос гидроусилителя Fiat Ducato 2.3 JTD 02->06->,77646608,KEMP,504000927,Fiat/Alfa/Lancia
Насос гидроусилителя Fiat Ducato  Multijet 2.3D 06->2.8 08->,77646609,KEMP,504184720,Fiat/Alfa/Lancia
Насос гидроусилителя Peugeot Bipper Citroen Nemo 1.4HDI 08г.->,77646613,KEMP,4007.TC,Peugeot/Citroen
Тяга рулевая Peugeot 806 Exspert Fiat Scudo Citroen Jumpi,77646660,KEMP,9947713,Fiat/Alfa/Lancia
Наконечник рулевой тяги Peugeot 806 Exspert Fiat Scudo Citroen Jumpi  L/R,77646661,KEMP,405909,Fiat/Alfa/Lancia
Наконечник рулевой тяги Peugeot Boxer Citroen Jumper  Fiat Ducato L 06->,77646663,KEMP,77364253,Fiat/Alfa/Lancia
Наконечник рулевой тяги Peugeot Boxer Citroen Jumper  Fiat Ducato R 06->,77646664,KEMP,77364009,Fiat/Alfa/Lancia
Наконечник рулевой тяги Fiat Qubo  Peugeot Bipper  Citroen Nemo L,77646665,KEMP,77364568,Fiat/Alfa/Lancia
Наконечник рулевой тяги Fiat Qubo  Peugeot Bipper  Citroen Nemo R,77646666,KEMP,77364569,Fiat/Alfa/Lancia
Насос гидроусилителя Peugeot Partner Citroen Berlingo 1.6  D/i 08->,77647316,KEMP,4007.TQ,Peugeot/Citroen
Рейка рулевая  Iveco Daily мех пыльник тяга,7764897,KEMP,93808812,Fiat/Alfa/Lancia
Рейка рулевая  Iveco Daily гидро пыльник тяга НОВА,7764944,KEMP,93808323,Fiat/Alfa/Lancia
Шрус трешип внутрений Fiat Ducato Boxer Jumper  06->,77641035,KEMP,46308312,Fiat/Alfa/Lancia
Полуось Peugeot Partner Citroen Berlingo 1.0-1.4 96-> L,77642301,KEMP,3272Y7,Peugeot/Citroen
Полуось Peugeot Partner Citroen Berlingo 1.0-1.4 96-> R,77642302,KEMP,23353,GKN-Spidan
Шрус наружный Fiat Ducato Boxer Jumper 94->,77644473,KEMP,20633,GKN-Spidan
Шрус Peugeot 806 Ekspert Fiat Scudo Citroen Jumpy,77644948,KEMP,24543,GKN-Spidan
Шрус наружный Fiat Scudo 1.9D,77644949,KEMP,24526,GKN-Spidan
Шрус наружный Citroen Berlingo 08->C4 04->Peugeot Partner,77648555,KEMP,21731,GKN-Spidan
Шрус наружный Fiat Ducato Boxer Jumper 94->,77648564,KEMP,20986,GKN-Spidan
Вакуумный насос Fiat Ducato Boxer Jumper 2.5D/TD с шкивом + гарантия,77640346,KEMP,456516,Peugeot/Citroen
Стартер Citroen Berlingo Peugeot Parther 1.1-1.6 96г.->,77641622,KEMP,9608719280,Peugeot/Citroen
Шланг тормозной задний Peugeot Partner 96->,77641714,KEMP,FT1152,K&K
Шланг тормозной передний Peugeot Partner Berlingo 96->,77641715,KEMP,FT1158 K-K,K&K
Шланг тормозной передний Peugeot 806 F Scudo 96->,77641728,KEMP,FT4712 K-K,K&K
Вакуумный насос Fiat Ducato Boxer Jumper 2.5D/TD 95->г. 6 ручейков,77642149,KEMP,456532,Peugeot/Citroen
Крышка бензобака с ключом Peugeot 405,77642865,KEMP,1508.67,Peugeot/Citroen
Подшипник выжимнойCitroen Berlingo Peugejt Partner Fiat Scudo 96-,77643479,KEMP,3151826001,Sachs
Подшипник выжимнойCitroen Berlingo Jumpi Xsara Peugeot Partner,77643480,KEMP,3151276501,Sachs
Подшипник выжимной Citroen C25 Peugeot J5 Fiat Ducato,77643486,KEMP,3151275601,Sachs
Подшипник выжимнойCitroen Berlingo Jumpi Xsara Peugeot Partner,77643499,KEMP,3151994301,Sachs
Мотор переднего стеклоочистителя Citroen Jumper Fiat Ducato Peugeot Boxer 02->,77645011,KEMP,9949394,Fiat/Alfa/Lancia
Стеклоподъемник електрический Fiat Doblo передний L,77645024,KEMP,46751439,Fiat/Alfa/Lancia
Стеклоподъемник електрический Fiat Doblo передний R,77645025,KEMP,46751438,Fiat/Alfa/Lancia
Стеклоподъемник електрический Peugeot Partner Berlingo 96-> передний L (+мотор),77645026,KEMP,9221.G3,Peugeot/Citroen
Стеклоподъемник електрический Peugeot Partner Berlingo 96-> передний R(+мотор),77645027,KEMP,9221.G1,Peugeot/Citroen
Ремень поликлиновой Citroen Berlingo Fiat Punto Peugeot 205-306 309 Partner,77645503,KEMP,46451652,Fiat/Alfa/Lancia
Колодки тормозные передние Fiat Ducato Peugeot Boxer Citroen Jumper 06->,77645527,KEMP,ST1439,Tomex
Колодки тормозные передние Fiat Ducato Peugeot Boxer Citroen Jumper 94->,77645530,KEMP,ST1245,Tomex
Колодки тормозные задние  Fiat Ducato Peugeot Boxer Citroen Jumper 94->,77645531,KEMP,ST1246,Tomex
Колодки тормозные передние Fiat Ducato Peugeot Boxer Citroen Jumper 01->,77645532,KEMP,ST1247,Tomex
Колодки тормозные передние (+датчик) Fiat Scudo Peugeot Expert 806 Citroen Jumpy,77645552,KEMP,ST12442,Tomex
Колодки тормозные задние Fiat Scudo Peugeot Expert 806 Citroen Jumpy,77645553,KEMP,ST1594,Tomex
Стартер Citro.Berlingo Scudo Ducato Boxer 1.9D TD 2.0HDI,77645614,KEMP,,HC Parts
Стартер Citroen ZX Peugeot P405 P306 1.6-2.0i 2.0 16V 92-01г.,77645619,KEMP,D6RA511,Peugeot/Citroen
Стартер Citro.Berlingo Jumpy Nemo Bipper 1.4:1.6 HDI08->,77645622,KEMP,D6RA110,VALEO PHC
Стартер Fiat Doblo Brava Stilo 1.9D Multijet  JTD,77645624,KEMP,0001109030,Bosch
Датчик холостого хода Citroen Berlingo C2 C3 Peugeot P106 P206 Partner 1.1:1.4i,77645635,KEMP,1920.AH,Peugeot/Citroen
Датчик холостого хода Fiat Tipo Brava Bravo Palio 1.4-16i 1.6 16V,77645636,KEMP,9945635,Fiat/Alfa/Lancia
Датчик холостого хода Citroen Berlingo  Peugeot Partner1.8i,77645638,KEMP,230016079247,Magneti Marelli
Датчик холостого хода Citroen Berlingo  Peugeot 106:306 Partner1.4i,77645639,KEMP,9624800480,Peugeot/Citroen
Датчик холостого хода Citroen Jamper Peugeot P306-P806 Boxer 2.0 i,77645642,KEMP,9569691680,Peugeot/Citroen
Датчик холостого хода Citroen Berlingo  Peugeot P206 P306 Partner1.4i,77645761,KEMP,19209L,Peugeot/Citroen
Замок зажигания Peugeot Boxer Fiat Ducato Citroen Jamper 02-06,77645774,KEMP,1329316080,Fiat/Alfa/Lancia
Замок зажигания Peugeot Partner Citroen Berlingo (6 проводов) 96 ->,77645782,KEMP,96244156,Peugeot/Citroen
Контактная група замка зажигания Fiat Doblo 02-Idea Palio (7 конт. узкие),77645793,KEMP,46819068,Fiat/Alfa/Lancia
Контактная група замка зажигания Fiat Doblo 02-Uno Palio (7 конт.широкие),77645795,KEMP,51831900,Fiat/Alfa/Lancia
"Прокладка ГБЦ 1,5мм Jumper/Ducato/Movano/Boxer 2.8",77646363,KEMP,863.130,Elring
Фильтр воздушныйDoblo/Combo,77646619,KEMP,95513089,General Motors
Суппорт передний  Peugeot 206-307 Partner Citroen C2-C4 Berlingo 96->L,77646975,KEMP,4400N0,Peugeot/Citroen
Суппорт передний  Peugeot 206-307 Partner Citroen C2-C4 Berlingo 96->R,77646976,KEMP,4400N1,Peugeot/Citroen
"Фильтр топливный Fiat Doblo 1.9 MJTD 05-, Fiorino 1.3 JTD 08-",77647063,KEMP,PP966/2,Filtron
Супорт задний  Fiat ULYSSE Citroen Cc Peugeot 807 2002-2011 L  (без скобы),77647172,KEMP,9464216180,Fiat/Alfa/Lancia
Скоба замка двери Peugeot Boxer/Citroen Jumper/Fiat Ducato/Peugeot Bipper/Citroe,77647442,KEMP,51864555,Fiat/Alfa/Lancia
Фильтр воздушный Fiat Doblo Fiorino 1.3JTD 2004-,77647845,KEMP,C3877/1 SX1920,Fiat/Alfa/Lancia
"Переключатель подрулевой (повороты,свет,ст.очиститель)Fiat Doblo 06->",77647993,KEMP,735360414,Fiat/Alfa/Lancia
"Переключатель подрулевой (повороты,свет,ст.очиститель)Fiat Doblo 06->",77647994,KEMP,735360416,Fiat/Alfa/Lancia
"Переключатель подрулевой (повороты,свет,ст.очиститель)Fiat Doblo 01->",77647995,KEMP,735292037,Fiat/Alfa/Lancia
Выключатель стоп сигнала  Citroen Berlingo  Peugeot P206 P306 Partner(4pin),77648007,KEMP,9643478880,Fiat/Alfa/Lancia
Замок зажигания  Fiat Doblo Punto 01->(комплект узкие контакты),77648148,KEMP,46753084,Fiat/Alfa/Lancia
Суппорт задний  Fiat Ducato Peugeot Boxer Citroen Jumper 06->L,77648409,KEMP,4401K4,Peugeot/Citroen
Суппорт задний  Fiat Ducato Peugeot Boxer Citroen Jumper 06->R,77648410,KEMP,4401K5,Peugeot/Citroen
Суппорт передний  Fiat Ducato Peugeot Boxer Citroen Jumper 06->L,77648417,KEMP,4401J6,Peugeot/Citroen
Суппорт передний  Fiat Ducato Peugeot Boxer Citroen Jumper 06->R,77648418,KEMP,4401J7,Peugeot/Citroen
Суппорт задний  Fiat Ducato Peugeot Boxer Citroen Jumper 96->L,77648419,KEMP,4401F2,Peugeot/Citroen
Суппорт задний  Fiat Ducato Peugeot Boxer Citroen Jumper 96->R,77648420,KEMP,4401F3,Peugeot/Citroen
Суппорт передний   Peugeot Boxer Citroen Jumper 06->L,77648421,KEMP,4401J8,Peugeot/Citroen
Суппорт передний   Peugeot Boxer Citroen Jumper 06->R,77648422,KEMP,4401J9,Peugeot/Citroen
Суппорт передний   Peugeot Boxer Citroen Jumper 10->L,77648423,KEMP,4401K0,Peugeot/Citroen
Суппорт передний   Peugeot Boxer Citroen Jumper 10->R,77648424,KEMP,4401K1,Peugeot/Citroen
Суппорт передний  Peugeot Boxer Citroen Jumper Fiat Ducato 94-02  02->L,77648425,KEMP,4401N0,Peugeot/Citroen
Суппорт передний  Peugeot Boxer Citroen Jumper Fiat Ducato 94-02  02->R,77648426,KEMP,4401N1,Peugeot/Citroen
Суппорт задний  Peugeot Expert Citroen Jumpy 07->L,77648427,KEMP,4401.L0,Peugeot/Citroen
Суппорт задний  Peugeot Expert Citroen Jumpy 07->R,77648428,KEMP,4401.L1,Peugeot/Citroen
Суппорт задний  Peugeot  Partner Citroen  Berlingo 96->L,77648451,KEMP,4400.P8,Peugeot/Citroen
Суппорт задний  Peugeot  Partner Citroen  Berlingo 96->R,77648452,KEMP,4400.P9,Peugeot/Citroen
Распредвал Peugeot Partner;806;Boxer Citroen Berlingo Jumpy 1.9 D TD,77648589,KEMP,0801.E8,Peugeot/Citroen
Распредвал Fiat Ducato Iveco Daily2 Opel Movano 2.5-2.8 D;JTD;TDI,77648597,KEMP,98427674,Fiat/Alfa/Lancia
Радиатор алюм Lada 2106 450*335,7764628,KEMP,2106-1301012,Luzar
Радиатор алюм Lada 2107 451*333,7764629,KEMP,2107-1301010,Luzar
Радиатор алюм Lada 2110 560*327,7764631,KEMP,623552,Nissens
Радиатор алюм Lada 21213 630*330 (Niva 1.7),7764632,KEMP,623556,Nissens
Радиатор печки алюм ВАЗ 2105,7764659,KEMP,21058101060,Luzar
"ШРУС ВАЗ 2108, 2109",7764736,KEMP,20817,GKN-Spidan
ШРУС Москвич 2141,7764737,KEMP,22996,GKN-Spidan
Радиатор печки алюм Lada 2110,7764817,KEMP,2110 печка,Luzar
"Радиатор печки алюм Lada 2126 (ИЖ Ода,Орбита)",7764832,KEMP,2126 печка,Luzar
Амортизатор задний Renault Kangoo 97-08 (газ),77643908,KEMP,230609,Sachs
Амортизатор задний Renault Trafic 01- газ,77643924,KEMP,312656,Sachs
Амортизатор передний Renault Kangoo 97-08 масло,77643927,KEMP,230380,Sachs
Амортизатор задний Renault Master2 Movano 98- газ,77643934,KEMP,200777,Sachs
Амортизатор передний Renault Master2 Movano 98- газ,77643935,KEMP,200775,Sachs
Амортизатор крышки багажника Opel Vivaro Renault  Trafic 905-307mm730N,77644798,KEMP,4414419,Opel
Амортизатор задний Renault Kangoo 08->,77645329,KEMP,315299,Sachs
Амортизатор передний Renault Trafic 01- (масло),77645813,KEMP,335803,Sachs
Амортизатор передний Renault Kangoo 08>,77646434,KEMP,315297,Sachs
Амортизатор передний Renault Master3 Movano 10-> газ,77646436,KEMP,335835,Kayaba
Амортизатор задний Renault Laguna 3,77646443,KEMP,344813,Kayaba
Амортизатор передний Renault Laguna 3,77646444,KEMP,339704,Kayaba
Амортизатор задний Renault Master3 Movano 10-> газ,77646473,KEMP,345702,Kayaba
Амортизатор задний Renault Megane 3  08-> газ,77646681,KEMP,315011,Sachs
Амортизатор передний Renault Megane 2 (пакет плохие дороги)02-> газ,776467310,KEMP,338712,Kayaba
Амортизатор задний Renault Megane 2 (пакет плохие дороги)02-> газ,776467311,KEMP,344814,Kayaba
Амортизатор передний Renault Clio 2 98-> 52mm,77647300,KEMP,230271,Sachs
Амортизатор передний Renault Clio 2 98-> 58mm,77647301,KEMP,230275,Sachs
Амортизатор задний Dacia Logan Sandero  04- масло,77647308,KEMP,315530/343418,Sachs
Амортизатор задний Renault Kangoo 97-08 (газ)пакет плохие дороги),77648476,KEMP,230611,Sachs
Мотор радиатора Renault 9;11;21 Clio Espace (без крыльчатки),77644736,KEMP,7700828623,Renault (RVI)
Мотор радиатора Renault  Clio Kangoo,77644738,KEMP,7701045816,Renault (RVI)
Мотор радиатора Renault  Kangoo 1.5DCI 05-> 1.9DCI 03->(без рамки),77644740,KEMP,7701062959,Renault (RVI)
Мотор печки Renault  Clio Kangoo,77644741,KEMP,7701206105,Renault (RVI)
Мотор радиатора Renault 9;11;21 Clio Espace (без крыльчатки),77644835,KEMP,7700828624,Renault (RVI)
Крышка расширительного бачка Renault 9-25 Fiat  Lancia 1.0 bar,77644925,KEMP,46556737,Fiat/Alfa/Lancia
Мотор радиатора Renault  Clio Kangoo Dacia Logan Sondero AC+,77644987,KEMP,6001550769,Renault (RVI)
Мотор радиатора  Dacia Logan Sandero Renault Clio Kangoo AC- (без рамки),77644996,KEMP,6001550770,Renault (RVI)
Мотор радиатора  Dacia Logan Sandero AC+,77644998,KEMP,8200765566,Renault (RVI)
Мотор радиатора Renault Master 2 Opel Movano 2003-> (с дифузором),77645000,KEMP,7701059544,Renault (RVI)
Мотор печки  Dacia Logan Sondero Duster AC-,77645004,KEMP,6001547691,Renault (RVI)
Мотор печки  Dacia Logan Sondero Duster AC+,77645005,KEMP,6001547487,Renault (RVI)
Мотор радиатора Renault  Clio Kangoo Trafic 1.9D (без дифузора),77645040,KEMP,7701070217,Renault (RVI)
Мотор радиатора Renault Kangoo 1.9D 1.5CDI (с дифузором),77645042,KEMP,7710043963,Renault (RVI)
Мотор радиатора  Dacia  2010-> Renault Duster  (с рамкой) AC-,77645043,KEMP,8200880554,Renault (RVI)
Корпус термостата Renault Kangoo/Megane/Laguna,77646142,KEMP,8200561420,Renault (RVI)
Мотор радиатора  Dacia Logan Sandero Renault Sandero AC-,77647211,KEMP,6001550773,Renault (RVI)
Мотор радиатора Renault Megan 3 Scenic 3 09-> AC+,77647219,KEMP,214819402R,Renault (RVI)
Мотор радиатора Renault  Kangoo 08-,77647220,KEMP,7701069288,Renault (RVI)
Мотор радиатора   RENAULT MASTER III (2 мотора+дифузор),77647227,KEMP,921209221R,Renault (RVI)
Мотор печки Renault Trafic 2 Opel Vivaro 01-> AC+,77647249,KEMP,7701050310,Renault (RVI)
Мотор радиатора   RENAULT MASTER II 98-> 350W 385mm (без дифузора),77647257,KEMP,7701043673,Renault (RVI)
Мотор печки Renault Master 2 Opel Movano AC+ Safrane 1:2,77647432,KEMP,7701035892,Renault (RVI)
Подшипник пер.ступ. Renault Trafic 2 MEGAN-2комплект 88*45*39,77641931,KEMP,713644290,FAG
Подшипник задней ступицы Renault Kangoo Laguna безABS комплект,77641935,KEMP,713630270,FAG
Ступица задняя Renault Kangoo,77641938,KEMP,713630390,FAG
"Подшипник пер.ступ. Renault 19, 21/Kangoo/Rapid/Megane/Laguna/Fiat37*72*37",7764220,KEMP,562398A,FAG
Подшипник задней ступицы Renault Master Opel Movano комплект,77644016,KEMP,713630810,FAG
Подшипник задней ступицы Renault Trafic Opel Vivaro Nisan Primastar комплект,77644020,KEMP,713644140,FAG
Подшипник задней ступицы Renault 9;11;19 Clio Logan Megan (барабан),77644277,KEMP,546467,FAG
Ступица передняя Renault 19;21; Kangoo Clio Megan,77644981,KEMP,7700768318,FAG
Ремень поликлиновой Renault 9-211.7 Citroen Berlingo Jumpy Jumper Scudo,77645496,KEMP,030145933AJ,VAG
Подшипник верхний опорный Renault Kangoo 96->,77646157,KEMP,7700800107,Renault (RVI)
Подшипник задней ступицы Renault Kangoo Laguna безABS комплект,77647581,KEMP,713630270,FAG
Подшипник задней ступицы Renault Trafic Opel Vivaro Nisan Primastar комплект,77647582,KEMP,713644140,FAG
Ступица задняя Renault Kangoo,77647629,KEMP,713630390,FAG
Ступица задняя Renault Kangoo,77648036,KEMP,713630690,FAG
Подшипник задней ступицы Renault Clio Megane 2 Modus,77648088,KEMP,713630950,FAG
Подшипник задней ступицы Renault Clio Megane 2 Modus 25*55*45,77648104,KEMP,7701208058,Renault (RVI)
Подшипник пер.ступ. Renault Duster Megane3 Scenik 42*80*39,77648110,KEMP,713631110,FAG
Подшипник задней ступицы Renault Duster 10-> 42*77*39,77648112,KEMP,402109533R,Renault (RVI)
Подшипник задней ступицы Renault Clio Modus Dacia Logan Sandero 06-> 25*55*43,77648139,KEMP,713631080,FAG
Подшипник задней ступицы Renault Clio Megane 2 Modus,77648161,KEMP,713630970,FAG
Подшипник задней ступицы Renault Clio Modus Dacia Logan Sandero 06-> 25*55*43,77648162,KEMP,713631080,FAG
Подшипник задней ступицы Renault Dokker Duster  Kango 08-> 30*62*48,77648163,KEMP,713631130,FAG
Подшипник задней ступицы Renault Master Opel Movano комплект,77648164,KEMP,713630810,FAG
Подшипник пер.ступ. Renault Duster Megane3 Scenik 42*80*39,77648170,KEMP,713631110,FAG
Подшипник пер.ступ. Renault Trafic 2 MEGAN-2комплект 88*45*39,77648172,KEMP,713644290,FAG
Подшипник передней ступицы Renault Clio Megane 2 Scenic2 04-> 42*77*39,77648185,KEMP,713630850,FAG
Подшипник передней ступицы Renault LagunaMegane3 Scenic3 01->Kango 08- 45*83*39,77648186,KEMP,713630900,FAG
Ступица задняя Renault Kangoo,77648201,KEMP,713630690,FAG
Радиатор Renault 9-11 1.6D 82-88г. 400*396,77642238,KEMP,7700765602,Renault (RVI)
"Радиатор Renault 19 1,7-1,8  92-95г.570*378",77642240,KEMP,7700816323,Renault (RVI)
"Радиатор Renault Clio 1,9D 91-98г.460*400",77642241,KEMP,7700804240,Renault (RVI)
Радиатор Renault Megane Scenic 1.4-2.0 1.9D dTI 96->г.585*415,77642244,KEMP,7700425842,Renault (RVI)
Радиатор Renault Laguna 2. 1.6-2.0 16V 01->690*420 (плоские соты),77642291,KEMP,8200008764,Renault (RVI)
Радиатор Renault Master 2 Opel Movano 1.9-2.5CDI AC+ 730*415 01->мех.,77642292,KEMP,7701057120,Renault (RVI)
Радиатор Renault Master 2 Opel Movano 1.9-2.2 DTI 730*420 AC- мех.00->(пл  соты),77642293,KEMP,7701049664,Renault (RVI)
Радиатор печки Renault  Megan2 Scenic 220*150*42,77642298,KEMP,7701207712,Renault (RVI)
Радиатор Renault Master 3 Opel Movano B 2.3CDTI AC+/- 10->(пл.соты),77642877,KEMP,630733,Nissens
"Радиатор Renault 21 1,7 86-94г.540*378",77643024,KEMP,7700795174,Renault (RVI)
Радиатор Renault Kangoo Clio 1.2-1.9 97->480*415,77643026,KEMP,7700430784,Renault (RVI)
Радиатор кондиционера Renault Kangoo Nissan Kubistar 03-> 580*403(без осушителя),77643663,KEMP,8200137650,Renault (RVI)
Радиатор кондиционера Dacia Logan 06-> Sondero 08-> 510*400*12(без осушителя),77643664,KEMP,8200741257,Renault (RVI)
Радиатор кондиционера Renault Kangoo 97-> 512*380*16(без осушителя),77643665,KEMP,8200221132,Renault (RVI)
Радиатор кондиционера Renault Trafic 2.0 06-> 610*435*16без осушителя),77644346,KEMP,8200465490,Renault (RVI)
Радиатор Dacia Logan 06-> Sondero 08-> 1.5DCI,77645096,KEMP,8200582026,Renault (RVI)
Радиатор Dacia Daster 1.5DCI 2010-> круглые,77645097,KEMP,8200880550,Renault (RVI)
Радиатор Renault Trafic Opel Vivaro 1.9DTi 01->,77645098,KEMP,8200073817,Renault (RVI)
Радиатор Renault Trafic Opel Vivaro 2.5 03-> A/C+/- 780*449 АКП,77645099,KEMP,8200019380,Renault (RVI)
Радиатор Renault Kangoo 08-> 1.5dCI AC+/-,77645100,KEMP,8200418327,Renault (RVI)
Радиатор печки Renault Kangoo,77645108,KEMP,7701205538,Renault (RVI)
Радиатор печки Renault Master Opel Movano,77645109,KEMP,7701205584,Renault (RVI)
Радиатор печки Renault Trafic2 Opel Vivaro,77645110,KEMP,7701065763,Renault (RVI)
Радиатор печки Renault Trafic2 Opel Vivaro (плоские соты),77645111,KEMP,7701473279,Renault (RVI)
Радиатор Renault Kangoo 08-> 1.5dCI 560*430 AC+,77645152,KEMP,8200418329,Renault (RVI)
Радиатор Dacia Logan 1.5DCI 05-> Renault Megane 1.6 1.9 99-03  585*415,77645222,KEMP,8200189288,Renault (RVI)
Радиатор Renault Kangoo 03-> 1.5dCI,77645224,KEMP,8200072712,Renault (RVI)
Радиатор Renault Master 2 Opel Movano 2.5CDTI AC+/- 06->(круг.соты),77645844,KEMP,7701066109,Renault (RVI)
Радиатор Renault Trafic Opel Vivaro 2.0 CDTI 06->(круглые соты),77645847,KEMP,8200411166,Renault (RVI)
Радиатор Renault Kangoo Clio 1.2  97->430*378,77645932,KEMP,7700314382,Renault (RVI)
Радиатор Renault Master 2 Opel Movano 1.9-2.5CDI AC+ 730*390 01->мех.,77645935,KEMP,7701057119,Renault (RVI)
Радиатор кондиционера Renault Duster 1.5 DCI 010-> 656*319*16 (с осушителем),77646206,KEMP,8200880551,Renault (RVI)
Радиатор кондиционера Renault Kangoo 08->  Mercedes Citan 12->605*355(без осушит,77646214,KEMP,8200455795,Renault (RVI)
Радиатор Dacia Daster 1.5DCI 2010-> (плоские соты),77646460,KEMP,8200880550,Renault (RVI)
Радиатор Renault Kangoo Clio 1.2  97->480*395,77646579,KEMP,7700430648,Renault (RVI)
Радиатор Renault Kangoo 08-> 1.5dCI 560*480 AC+,77646583,KEMP,8200455801,Renault (RVI)
Радиатор интеркулер Renault Trafic Opel Vivaro1.9 01->540*176,77646939,KEMP,7700312903,Renault (RVI)
Радиатор Renault Trafic Opel Vivaro 2.5 01-> A/C+/- 780*449,77646940,KEMP,8200465488,Renault (RVI)
Радиатор Renault Trafic Opel Vivaro 2.0 CDTI 10->760*463(круглые соты),77646942,KEMP,214109682R,Renault (RVI)
Радиатор кондиционера Dacia Logan Sondero 05-> Renault Megane1 Scenic1,77647266,KEMP,8200191738,Renault (RVI)
Радиатор кондиционера Renault Megane3 Scenic3 08-> 690*347,77647286,KEMP,921100001R,Renault (RVI)
"Радиатор кондиционера RENAULT ESPACE V, KADJAR NISSAN QASHQAI II, X-TRAIL  12->",77647381,KEMP,9211000Q0A,Renault (RVI)
Радиатор кондиционера RENAULT Clio 3 05-> Modus 04-> (модуль охлаждения),77647382,KEMP,8200134606,Renault (RVI)
Радиатор Renault Master 2 Opel Movano 2.5CDTI AC+/- 06->(пл.соты),77647476,KEMP,7701066109,Renault (RVI)
Радиатор кондиционера Renault Master 2 Opel Movano 1.9-2.5CDI 01->730*378,77647491,KEMP,7701052120,Renault (RVI)
Радиатор кондиционера Renault Trafic 2.0 06-> 578*467*16без осушителя),77647495,KEMP,8200895918,Renault (RVI)
Радиатор кондиционера Renault Koleos 2.0DCI 2.5 08-> 630*452,77647501,KEMP,921005115R,Renault (RVI)
Радиатор кондиционера Renault Trafic 2.0 06-> 580*461*16без осушителя),77647505,KEMP,8200411148,Renault (RVI)
Радиатор кондиционера Renault Trafic 2.5 01->740*391*16без осушителя),77647506,KEMP,8200019382,Renault (RVI)
Радиатор кондиционера Renault Megane2 Scenic2 1.9:2.0 DCI 05-> 622*415,77647511,KEMP,8200325004,Renault (RVI)
Радиатор кондиционера Renault Master 2 Opel Movano 2.5 CDI 06->690*380,77647512,KEMP,7701066110,Renault (RVI)
Радиатор кондиционера Renault Trafic 3 Opel Vivaro 1.6  14-> 788*358,77647516,KEMP,940596,Nissens
Радиатор Renault Megane Scenic 1.6-2.0  96->г.570*349,77647528,KEMP,639391,Nissens
Радиатор Renault Megane Scenic 1.4-2.0 1.9D dTI 96->г.585*397 AC+,77647529,KEMP,63938A,Nissens
Радиатор Renault 19 Clio 1.2-1.4 89-96 390*349,77647982,KEMP,639271,Nissens
Радиатор Renault TWINGO 1.2  430*377,77647983,KEMP,63856,Nissens
Радиатор Renault Kangoo 01-> 460*470,77648144,KEMP,63762,Nissens
Радиатор Renault Megan 3 Scenic 3 08-> (382x628),77648457,KEMP,637647,Nissens
Радиатор Renault Megan 3 Fluence 08-> (652*390),77648458,KEMP,637607,Nissens
Радиатор кондиционера Renault Laguna 2 01-> 590*361,77648488,KEMP,94551,Nissens
Радиатор кондиционера Clio 2 Kangoo 01-> 510*380,77648496,KEMP,94439,Nissens
Радиатор кондиционера Renault Kangoo 97-> 510*376,77648507,KEMP,94324,Nissens
Радиатор кондиционера RENAULT Clio 3 08-> Modus 05-> 510*380,77648520,KEMP,940142,Nissens
Радиатор Renault Megan 3 1.6-2.0 DCI 10-> (650*390),77648625,KEMP,637617,Nissens
Радиатор Renault Scenic 3 Grand Scenic 3 09-> (625*380),77648626,KEMP,637608,Nissens
Радиатор Renault Kangoo 08-> 1.5dCI 560*430 AC+ ( плоские соты),77648656,KEMP,637618,Nissens
Радиатор Renault Master 3 Opel Movano B 2.3CDTI AC+/- 10->(пл.соты),77648661,KEMP,630732,Nissens
Радиатор Renault Master 3 Opel Movano B 2.3CDTI AC+/- 10->(круг.соты),77648663,KEMP,630732,Nissens
Радиатор интеркулер Renault Master 2 Opel Movano  1.9-2.5  01-> 740*176,77648677,KEMP,96767,Nissens
"Радиатор печки RENAULT KANGOO, EXPRESS, MASTER III,OPEL MOVANO B, 1.2-Electric",77648714,KEMP,7701209819,Renault (RVI)
Радиатор Renault Master 3 Opel Movano B 2.3CDTI AC+/- 10->,77648718,KEMP,630733,Nissens
Кронштейн сдвижной двери Renault Trafic 2001- средний (ремкомплект ролики),77644230,KEMP,7700312372,Renault (RVI)
Кронштейн сдвижной двери Renault Maste/Movano 98-10 нижний (ремкомплект ролики),77644232,KEMP,8200080754,Renault (RVI)
Замок капота Renault Trafic Opel Vivaro (верхняя часть),77644603,KEMP,93859372,Opel
Ролик кронштейна сдвижной двери Renault Trafic Opel Vivaro 2001 верхний,77645066,KEMP,7700312370,Renault (RVI)
Комплект замков (полный4шт) Dacia Logan Sandero Duster,77645784,KEMP,6001549589,Renault (RVI)
Рем-кт верхнего ролика сдвижной двери Renault Master/Opel Movano 10>,77646246,KEMP,777946809R,Renault (RVI)
Кронштейн сдвижной двери Renault Maste/Movano 98-10 верхний (ремкомплект ролик),77646627,KEMP,8200080743,Renault (RVI)
Ручка сдвижной двери Renault Master 98>,77646934,KEMP,8200856290,Renault (RVI)
Кронштейн сдвижной двери Renault Trafic 2001- средний (с кронштейном),77648637,KEMP,7700312372,Renault (RVI)
Кронштейн сдвижной двери Renault Maste/Movano 98-10 средний (с кронштейном),77648638,KEMP,7700352379,Renault (RVI)
Кронштейн сдвижной двери Renault Maste/Movano 10-> средний,77648639,KEMP,8200661119,Renault (RVI)
Кронштейн сдвижной двери Renault Master/Opel Movano 10>нижний L,77648640,KEMP,745970687R,Renault (RVI)
Направляющая сдвижной двери Fiat Ducato/ Peugeot Boxer/Citroen Jumper 94>06,77648641,KEMP,1313566080,Fiat/Alfa/Lancia
"Пружина передняя Renault Kangoo 1,9D 98> d13h370mm.",77641252,KEMP,KIL22005,ATS
Пружина передняя Renault Kangoo 1.6 16V 1.9D,77642257,KEMP,87130300,K+F
Пружина передняя Renault Kangoo 1.4-1.5 DCI 12.5*361,77642258,KEMP,87128900,K+F
Шаровая опора Renault Clio Megan Scenic 02->,77642456,KEMP,401604793R,Renault (RVI)
Стойка стабилизатора переднего Renault Kangoo 08-> Megan Scenic 2 (285mm),77642494,KEMP,8200669065,Renault (RVI)
Шаровая опора Renault Kango R9;11;19;21 Megan Clio Dacia Solenza Supernova,77642509,KEMP,7701472038,Renault (RVI)
Шаровая опора Renault Master 2 opel Movano нижняя ->2006,77642512,KEMP,7700312852,Renault (RVI)
Стойка стабилизатора переднего Renault Trafic 2 Laguna 2 Opel Vivaro,77642587,KEMP,8200002870,Renault (RVI)
Шаровая опора Renault Master 2 opel Movano верхняя,77642590,KEMP,7700312851,Renault (RVI)
Шаровая опора Renault Trafic Laguna 2 Opel Vivaro нижняя ->06г,77642591,KEMP,7701476576,Renault (RVI)
Шаровая опора Renault Kango R9;11;19;21 Megan Clio Dacia Solenza Supernova,77642710,KEMP,7701472038,Renault (RVI)
Шаровая опора Renault Trafic Nissan Primastar Opel Vivaro 06-> нижняя,77643642,KEMP,7701477385,Renault (RVI)
Стойка стабилизатора переднего Dacia Logan Sandero   04->,77644585,KEMP,6001547138,Renault (RVI)
Стойка стабилизатора переднего Renault Kangoo 97-> Clio 1:2:,77644614,KEMP,7700799404,Renault (RVI)
Пружина передняя DACIA LOGAN 04->,77647664,KEMP,401 70 00,Lesjofors
Пружина задняя DACIA LOGAN MCV Renault logan 07->универсал,77647670,KEMP,4217002,Lesjofors
Пружина задняя DACIA LOGAN 07->,77647680,KEMP,4217000,Lesjofors
Пружина задняя Opel  VIVARO Renault Trafic 01->;06->9.5/17/9.5*315)с утоншением,77648241,KEMP,4263463,Lesjofors
Пружина задняя Opel  VIVARO Renault Trafic 01->;06->(с переменной жосткостю),77648242,KEMP,4263462,Lesjofors
Подушка верхняя опорная Renault Kangoo Clio2  98->,77644528,KEMP,7700829529,Renault (RVI)
Подушка верхняя опорная Dacia Logan Sondero 05->,77644530,KEMP,8200275528,Renault (RVI)
Подушка верхняя опорная Renault Kangoo Clio2  98->(с подшипником),77644538,KEMP,7700829529,Renault (RVI)
Подушка двигателя  Renault Kango Clio Megan (опора КПП (зад) L),77644617,KEMP,8200089697,Renault (RVI)
"Подушка двигателя  Renault Kango Clio  (зад) 1,5 DCI 1.6 16V",77644618,KEMP,8200151995,Renault (RVI)
"Подушка двигателя  Renault Kango Clio  (зад) 1,5 DCI 1.6 16V (косточка)",77644972,KEMP,8200155207,Renault (RVI)
Наконечник рулевой тяги Renault Kangoo Megane 99-> Clio2 3 R,77642496,KEMP,7701047416,Renault (RVI)
Тяга рулевая Renault Kangoo Clio 98-> CMI m12*1,77642499,KEMP,7701472120,Renault (RVI)
Наконечник рулевой тяги Renault Kangoo Megane 99-> Clio2 3 L,77642515,KEMP,7701047415,Renault (RVI)
Наконечник рулевой тяги Renault Trafic 2  Opel Vivaro L,77642583,KEMP,7701049282,Renault (RVI)
Наконечник рулевой тяги Renault Trafic 2 Opel Vivaro R,77642584,KEMP,7701049283,Renault (RVI)
Наконечник рулевой тяги Renault Master 2 Opel Movano  L,77642585,KEMP,7701470363,Renault (RVI)
Наконечник рулевой тяги Renault Master 2 Opel Movano  R,77642586,KEMP,7701470364,Renault (RVI)
Тяга рулевая Renault Trafic 2  Opel Vivaro,77642589,KEMP,7701473333,Renault (RVI)
Наконечник рулевой тяги Renault Master 2 Opel Movano L,77642626,KEMP,7701470363,Renault (RVI)
Наконечник рулевой тяги Renault Master 2 Opel Movano R,77642627,KEMP,7701470364,Renault (RVI)
Тяга рулевая  Dacia Logan Sandero 05->,77643637,KEMP,6001550441,Renault (RVI)
Наконечник рулевой тяги Dacia Logan Sandero 05-> L,77643638,KEMP,6001550442,Renault (RVI)
Наконечник рулевой тяги Dacia Logan Sandero 05-> R,77643639,KEMP,6001550443,Renault (RVI)
Насос гидроусилителя Renault Trafic2 Opel Vivaro 01->1.9;2.0TDI,77643881,KEMP,8200024738,Renault (RVI)
Насос гидроусилителя Renault Kango Megan Dacia Logan,77643882,KEMP,7700419117,Renault (RVI)
Насос гидроусилителя Renault Trafic Master  Opel Vivaro Movano 01->(6руч.125mm),77644378,KEMP,4414166,Opel
Насос гидроусилителя Renault Trafic   Opel Vivaro AC- 01->(5руч.126mm),77644440,KEMP,4405479,Opel
Насос гидроусилителя Renault Master2 Opel  Movano AC- 01->(5руч.126mm),77645582,KEMP,8300024778,Renault (RVI)
Рейка рулевая  Dacia Logan Sondero 05-> гидро,77645681,KEMP,8200720881,Renault (RVI)
Насос гидроусилителя Renault Clio Megan Dacia Logan D132*6,77646519,KEMP,491100522R,Renault (RVI)
Насос гидроусилителя Renault Master2 Opel  Movano  06->,77646614,KEMP,8200193992,Renault (RVI)
Супорт задний  Renault Trafic 2.Opel Vivaro  01->L  (без скобы),7764 7168,KEMP,7701056166,Renault (RVI)
Супорт задний  Renault Trafic 2.Opel Vivaro  01->R  (без скобы),7764 7169,KEMP,7701056165,Renault (RVI)
Супорт задний  левый Renault Master 10>  (без скобы),7764 7194,KEMP,440118711R,Renault (RVI)
"Фильтр топливный Renault Master, Movano, Trafic, Vivaro, 1.9-3.0 dCi, 03-",77641456,KEMP,FE204DH,Shafer
"Стартер Renault 19.21.Megane Laguna Volvo 440-460 1.4-1,7 86-03г.(9зуб.).",77641623,KEMP,7700100647,Renault (RVI)
Шланг тормозной задний Dacia Logan Sondero Renault Rapid,77641717,KEMP,7704003765,Renault (RVI)
"Фильтр салонный Opel Vivaro, Trafic, 01- противоаллергенный антибактериальный",77642439,KEMP,ECO382,Shafer
Подшипник выжимной Renault 11;19;21;Clio Volvo 440-460,77643481,KEMP,3151847001,Sachs
Шланг тормозной передний Renault Trafic Opel Vivaro  01->,77643773,KEMP,4409164,K&K
Шланг тормозной передний Dacia Logan Sondero Renault Rapid,77643778,KEMP,FT2798,K&K
Крышка заливки маслаRenault Kangoo 1.5dCi Master2. 2.2-2.5dCi Trafic 2.5 dCi,77644917,KEMP,7700741840,Renault (RVI)
Щуп уровня масла с крышкой Renault Trafic 2.0 CDi,77644918,KEMP,7701069551,Renault (RVI)
Стеклоподъемник електрический Renault Kangoo 97-> передний L,77645028,KEMP,8200188553,Renault (RVI)
Стеклоподъемник електрический Renault Kangoo 97-> передний R,77645029,KEMP,8200188551,Renault (RVI)
Стеклоподъемни електрический Renault Trafic Opel Vivaro Nis.Primastar передний R,77645035,KEMP,7700311821,Renault (RVI)
Ремень поликлиновой Renault Kango Clio Megane Dacia Logan 1.5 DCI,77645491,KEMP,5PK1137,Contitech
Колодки тормозные передние Renault Master2 Opel Movano 98-> R15,77645536,KEMP,ST1301,Tomex
Колодки тормозные задние Renault Master2 Opel Movano 98->,77645538,KEMP,ST1352,Tomex
Колодки тормозные задние Renault Master 3 Opel Movano 10->,77645539,KEMP,ST1648,Tomex
Колодки тормозные передние Renault Master3 Opel Movano 10->,77645540,KEMP,ST1640,Tomex
Колодки тормозные задние Renault Kangoo 07->,77645562,KEMP,ST1585,Tomex
Стартер Renault Kango Clio Megan 1.5 CDI (12 зубов),77645601,KEMP,CS1273,HC Parts
Стартер Renault Kango  Megan Scenic 1.9 DCI,77645605,KEMP,M1T85781,Mitsubishi
Датчик холостого хода Renault Clio Kangoo Tvingo 1.1 1.2,77645643,KEMP,7701042403,Renault (RVI)
Кнопка включения аварийного сигнала Renault Kangoo,77645655,KEMP,7700308821,Renault (RVI)
Выключатель стоп сигнала (лягушка тормозная)Renault Kangoo Trafic  Master (2pin),77645657,KEMP,7700414986,Renault (RVI)
Выключатель стоп сигнала (лягушка тормозная)Renault Kangoo Trafic  Clio (4pin),77645659,KEMP,7700414988,Renault (RVI)
Выключатель стоп сигнала (лягушка тормозная)Renault 05-> (4pin),77645660,KEMP,8200276361,Renault (RVI)
Стартер Renault 19.21.Laguna Volvo 440-460 1.4-1.8 86-99г.,77645760,KEMP,D6RA33,VALEO PHC
Контактная група замка зажигания Renault Trafic2 Kangoo R 19 Clio(4 конт.),77645775,KEMP,7700805669,Renault (RVI)
Кнопка стеклоподъемника Renault Kango Clio 97-> (6 pin),77645788,KEMP,8200090327,Renault (RVI)
Крышка бензобака с ключом Renault Kango 97->,77645789,KEMP,745373,Peugeot/Citroen
Замок зажигания Renault Kango Trafik (4 провода) 97 ->,77645792,KEMP,7701470736,Renault (RVI)
Кнопка стеклоподъемника Renault Kango Clio 97-> (5 pin),77645811,KEMP,7700838099,Renault (RVI)
"Кнопка стеклоподъемника Renault Logan, Sandero  (заднего) (6 pin)",77645812,KEMP,8200199223,Renault (RVI)
Фильтр Масляный Renault =50mm (низкий),77645967,KEMP,7700274177,Renault (RVI)
Колодки задние Renault Trafic,77646823,KEMP,SB23980,Shafer
Супорт задний  Renault Master 2 OPEL Movano 01->L  (без скобы),77647156,KEMP,7701206754,Renault (RVI)
Супорт задний  Renault Master 2 OPEL Movano 01->R  (без скобы),77647157,KEMP,7701206755,Renault (RVI)
Супорт задний  правый Renault Master 10>  (без скобы),77647195,KEMP,440014373R,Renault (RVI)
"Фильтр салонный угольный Renault Megane III 08-, Fluence 14-",77647468,KEMP,LA684,Mahle Original
Переключатель стеклоочистителей Renault Espace4 Laguna2 Opel Vivaro 01->,77647976,KEMP,7701048915,Renault (RVI)
Переключатель стеклоочистителей Renault Trafic2Master2,77647977,KEMP,7701059269,Renault (RVI)
Переключатель поворотов света Renault Lodgy Dokker Sandero II Logan II,77647979,KEMP,8201167981,Renault (RVI)
Выключатель стоп сигнала (лягушка тормозная)Renault  Master 3 Megan 2 (4pin),77648004,KEMP,8200168238,Renault (RVI)
Выключатель стоп сигнала (лягушка тормозная)Renault  Master2 3 Megan 2 3 (2pin),77648005,KEMP,8200168239,Renault (RVI)
Выключатель стоп сигнала (лягушка тормозная)Renault Kangoo Trafic  Master (2pin),77648006,KEMP,8200168240,Renault (RVI)
Кнопка аварийки Renault Master2 Laguna2 Espace4,77648012,KEMP,8200442724,Renault (RVI)
Выключатель концевик двери Duster Loga Sandero 06->,77648016,KEMP,7700427640,Renault (RVI)
Переключатель поворотов света  Dacia Logan Sandero 2006->,77648145,KEMP,6001551365,Renault (RVI)
Суппорт задний   Renault SCENIC2 03->L,77648433,KEMP,7701208256,Renault (RVI)
Суппорт задний   Renault Laguna 2 Espace 4 01->L,77648453,KEMP,7701049108,Renault (RVI)
Суппорт задний   Renault Laguna 2 Espace 4 01->R,77648454,KEMP,7701049109,Renault (RVI)
Суппорт задний   Renault Clio 3 Modus 05->L,77648455,KEMP,7 701 208 361,Renault (RVI)
Суппорт задний   Renault Clio 3 Modus 05->R,77648456,KEMP,7 701 208 362,Renault (RVI)
Распредвал Renault Clio Kangoo Megane 1.5 DCI 01->,77648588,KEMP,8200089894,Renault (RVI)
Распредвал Renault Clio Kangoo Megane 1.9 DTi  DCi,77648599,KEMP,8200043152,Renault (RVI)
Распредвал Renault Clio Kangoo Megane 1.9 D,77648600,KEMP,7700106678,Renault (RVI)
Полуось Renault Master 3.0 CDI 2003-> R (правая),77644129,KEMP,27-3035/MG,Maxgear
Шрус наружный Renault Master 2001-> ABS,77644132,KEMP,25-1453/MG,Maxgear
Шрус наружный Renault Master 1998-> ABS,77644474,KEMP,25-1371/MG,Maxgear
Шрус наружный Renault Trafic 2001->,77644541,KEMP,25-1549MG,Maxgear
Шрус наружный Renault Trafic 2.0 2006->,77646974,KEMP,24874,GKN-Spidan
Шрус Dacia Logan Sandero 04-> наружный z21*30,77648544,KEMP,24160,GKN-Spidan
Полуось Dacia Logan Sandero 1.2-1.6  04-> L,77648560,KEMP,24161,GKN-Spidan
Полуось Dacia Logan Sandero 1.2-1.6  04-> R,77648561,KEMP,24163,GKN-Spidan
Полуось Renault Kangoo1.5 DCI Megane 2  2009-> R (правая),77648582,KEMP,23742,GKN-Spidan
Амортизатор Nissan Sunni 3 универсал зад масло,77642188,KEMP,999423,Sachs
Радиатор кондиционера Mazda6 13-17 2.0 2.5,7764221,KEMP,940575,Nissens
Амортизатор Nissan Sunni 3 универсал зад.газ 91-00г.,77642307,KEMP,312 075,Sachs
Радиатор кондиционера KIA Sorento 2 09->695*425,77643561,KEMP,940216,Nissens
Ступица колеса переднего Nissan Almera (N16) 00->,77645804,KEMP,40202-4M400,Nissan
Радиатор Mazda3 14-17 USA BM 375 x 737 x 16 mm (плоские соты),77648500,KEMP,68555,Nissens
Радиатор Nissan Rogue 14- (плоские соты),77648708,KEMP,214604BA0A,Nissan
Радиатор Mazda6 13-17 2.0 2.5,77648709,KEMP,68539,Nissens
Радиатор NISSAN	X-TRAIL (T32) (14-) ( с трубками АКПП),77648909,KEMP,68789,Nissens
Распредвал 480 (Аналог) A11/A15/A18 Chery Amulet/Karry  1.6л,77641745,KEMP,480EEBJ1006015,Chery
Фонарь задний  Amulet L внутрений,77641752,KEMP,A153773010BA,Chery
Фонарь задний  Amulet R внутрений,77641753,KEMP,A153773020BA,Chery
Шаровая опора Amulet,77641758,KEMP,А15-2909060,China
Прокладка поддона (резиновая) Amulet,77641762,KEMP,480-1009021BA,Chery
Помпа Chery Amulet,77641763,KEMP,480-1307010BA,Chery
Датчик положения дроссельной заслонки Chery Amulet,77641764,KEMP,480EE-1008051,Chery
Датчик холостого хода Chery Amulet,77641765,KEMP,480EE-1008052,Chery
Датчик (лямбдазонд) Cheri Amulet Fora Tiggo,77641769,KEMP,A11-1205110DA,Chery
Диск сцепления Cheri Amulet,77641772,KEMP,A11-1601030S,Chery
Подушка верхняя опорная пер.стойки Cheri Amulet,77641773,KEMP,A11-2901030,Chery
Сайлентблок рычага переднего Cheri Amulet (передний),77641775,KEMP,A11-2909040,Chery
Кулак поворотный Cheri Amulet L,77641776,KEMP,A11-3001011AB,Chery
Кулак поворотный Cheri Amulet R,77641777,KEMP,A11-3001012AB,Chery
Подшипник передней ступицы Cheri Amulet 39mm,77641779,KEMP,A11-3001015BC,Chery
Ступица задняя в сборе под ABS Cheri Amulet,77641780,KEMP,A11-3301030BC,Chery
Рейка рулевая Chery Amulet с г/у,77641781,KEMP,A11-3400010BB,Chery
Диск тормозной передний Cheri Amulet,77641783,KEMP,A11-3501075,Chery
Колодки тормозные задние Cheri Amulet,77641784,KEMP,A11-3502170,Chery
Цилиндр тормозной задний Cheri Amulet,77641785,KEMP,A11-3502190,Chery
Цилиндр тормозной главный Cheri Amulet,77641786,KEMP,A11-3505010,Chery
Трос ручного тормоза Cheri Amulet,77641788,KEMP,A11-3508090,Chery
Наконечник рулевой Chery   Amulet L,77641791,KEMP,A11-3003050,Chery
Наконечник рулевой Chery   Amulet R,77641792,KEMP,A11-3003060,Chery
Мотор печки Chery Amulet,77641800,KEMP,A11-8107027AB,Chery
Замок капота верхний Chery Amulet,77641802,KEMP,A11-8402050,Chery
Замок капота нижний Chery Amulet,77641803,KEMP,A11-8402080,Chery
Радиатор кондиционера Chery Amulet AC+,77641806,KEMP,A15-8105010,Chery
Направляющая бампера переднего Chery Amulet R,77641813,KEMP,A11-2803052,Chery
Направляющая бампера заднего Chery Amulet L,77641814,KEMP,A11-2804051,Chery
Направляющая бампера заднего Chery Amulet R,77641815,KEMP,A11-2804052,Chery
Шестерня 5-й передачи Chery Amulet,77641816,KEMP,A11-3AD015311361AA,Chery
Шестерня 5-й передачи Chery Amulet,77641817,KEMP,A11-3AD15311159A,Chery
Сальник коленвала передний Chery Amulet,77641822,KEMP,480-1011020,Chery
Фильтр масляный Chery Amulet,77641827,KEMP,480-1012010,Chery
Первичный вал КПП Chery Amulet,77641829,KEMP,A11-3AD015311101AA,Chery
Амортизатор Chery Amulet задний (газ),77641835,KEMP,А11-2905010ВG,Chery
Амортизатор Chery Amulet задний (масло),77641836,KEMP,А11-2905010ВА,Chery
Датчик потока воздуха впускного колектора Chery Amulet,77641857,KEMP,480EE-1008080,Chery
Сайлентблок рычага переднего Cheri Amulet,77641859,KEMP,A11-2909045,Chery
Подшипник выжимной Chery Amulet,77641860,KEMP,A15-1601117,Chery
Ролик натяжки ремня ГРМ Chery Amulet,77641979,KEMP,4801007050,Chery
Фонарь задний Amulet L наружный,77641980,KEMP,A153773030BA,Chery
Фонарь задний Amulet R наружный,77641981,KEMP,A153773040BA,Chery
Ролик натяжки ремня ГРМ Chery Amulet,77641983,KEMP,A118111200AB,Chery
Ролик приводного ремня паразитный Chery Amulet,77641984,KEMP,A11-8111210,Chery
Насос гидроусилителя Chery Amulet,77641987,KEMP,A11-3407020,Chery
Сайлентблок задней балки Chery Amulet,77641988,KEMP,191501541,Chery
Термостат Cheri Amulet 87г/C,77642320,KEMP,480-1306020,Chery
Петля капота Cheri Amulet L,77642321,KEMP,A11-8402320-DY,Chery
Петля капота Cheri Amulet R,77642322,KEMP,A11-8402420-DY,Chery
Накладка зеркала Cheri Amulet R,77642324,KEMP,A15-8202050-DQ,Chery
Направляющая суппорта (A11),77642326,KEMP,A11-3501067,Chery
Пружина передняя Chery Amulet,77642422,KEMP,A112902011,Chery
Рычаг подвески передний Cheri Amulet L/R,77642444,KEMP,A11-2909010,Chery
Фара противотуманная передняя L Amulet A15,77642732,KEMP,HD21-4005-1L,Chery
Фара противотуманная передняя R Amulet A15,77642733,KEMP,HD21-4005-1R,Chery
Ремень ГРМ Cheri Amulet,77642746,KEMP,480-1007081BA,Chery
Комплект замков (лечинки) Cheri QQ (4шт.) с Ц.З.,77642849,KEMP,224-155QQ,Chery
Комплект замков (лечинки) Cheri QQ (4шт.),77642850,KEMP,225-156QQ,Chery
Трос сцепления Cheri Amulet (мех.),77643426,KEMP,A15-1602040AB,Chery
Шаровая опора Amulet,77643599,KEMP,А11-2909060,Chery
Радиатор кондиционера Chery Eastar БЕЗ ОСУШИТЕЛЯ,77644421,KEMP,B11-8105010,Chery
Сайлентблок переднего рычага задний Cheri Amulet.усиленный 60*41*12mm,77644660,KEMP,191407181BG,VAG
Ролик натяжки ремня ГРМ Chery Amulet,77644895,KEMP,A11-8111200AB,Chery
Бачек розширительный Chery Amulet,77644937,KEMP,A11-1311111BA,Chery
Ступица задняя  Cheri Amulet,77645797,KEMP,A11-3301030BB,Chery
Ступица передняя  Cheri Eastar Elara Fora (B11),77645800,KEMP,B11-3001030,Chery
Радиатор кондиционера Chery Tiggo 698*400,77647289,KEMP,T118105110,Chery
Радиатор кондиционера Chery Tiggo 490*491,77647383,KEMP,T118105110BE,Chery
Радиатор кондиционера Chery Amulet AC+,77647459,KEMP,A11-8105110,Chery
Амортизатор  передний  левый  KIA Rio (DE) (2005 - 2011)Hyundai Accent 05-10,77648764,KEMP,313517,Sachs
Амортизатор  передний  правый  KIA Rio (DE) (2005 - 2011)Hyundai Accent 05-10,77648765,KEMP,313518,Sachs
Амортизатор  передний левый Mitsubishi Colt (Z3A) (2004 - 2008),77648751,KEMP,313188,Sachs
Амортизатор  передний правый  Mitsubishi Colt (Z3A) (2004 - 2008),77648752,KEMP,313189,Sachs
Амортизатор задние  Toyota Land Cruiser PRADO 120  J12 02->,77648794,KEMP,312215,Sachs
Амортизатор задний  Dacia Duster (HS) (2010 - 2020) 4Х4,77648784,KEMP,315361,Sachs
Амортизатор задний  Daewoo Matiz (KLYA) (1998 - 2008),77648759,KEMP,290788,Sachs
"Амортизатор задний  Honda Accord (CL, CM) (2003 - 2008)",77648771,KEMP,312135,Sachs
Амортизатор задний  KIA Rio 05-11,77648762,KEMP,313519,Sachs
Амортизатор задний  KIA Sorento (JC) (2002 - 2006),77648756,KEMP,314469,Sachs
Амортизатор задний  Mercedes A (W168) (1997 -,77648767,KEMP,553663,Sachs
Амортизатор задний  Mitsubishi  Colt 04-08,77648750,KEMP,313192,Sachs
Амортизатор задний  Mitsubishi  Lancer IX 03->,77648753,KEMP,313861,Sachs
"Амортизатор задний  Mitsubishi Lancer Х (CY_A, CZ_A) (2007 - 2020)",77648796,KEMP,315332,Sachs
"Амортизатор задний  Mitsubishi Lancer Х 18"" (2007 - 2020)",77648801,KEMP,315194,Sachs
Амортизатор задний  Volkswagen Sharan Ford Galaxy Seat Alhambra,77648769,KEMP,200421,Sachs
Амортизатор задний Audi A4 (В6) 00-04,77648805,KEMP,312783,Sachs
Амортизатор задний Dacia Duster 10-20,77648783,KEMP,315362,Sachs
Амортизатор задний Hyundai   Accent 05-10,77648763,KEMP,314754,Sachs
Амортизатор задний Hyundai  H-1 07->,77648739,KEMP,314891,Sachs
Амортизатор задний Hyundai H1 97-07,77648775,KEMP,230445,Sachs
Амортизатор задний Hyundai Santa Fe KIA Sorento 06-12,77648738,KEMP,315917,Sachs
Амортизатор задний Hyundai Sonata III (Y-3) 93-,77646529,KEMP,200712,Sachs
Амортизатор задний Mazda 6 02-07,77648745,KEMP,313856,Sachs
Амортизатор задний MB (W 202) 93-,77648778,KEMP,170451,Sachs
Амортизатор задний MB (W 211) 02-,77648766,KEMP,317265,Sachs
Амортизатор задний Mercedes C 01-07 Mercedes CLC-Class 08-11,77648773,KEMP,553870,Sachs
Амортизатор задний Nissan X-Trail 07-14 Renault Koleos 08-20,77648780,KEMP,314044,Sachs
Амортизатор задний Scoda Fabia VW Polo Seat Cordoba Ibiza Audi A2,77648804,KEMP,290887,Sachs
Амортизатор задний Toyota Auris (E18) (2012 - 2020),77648742,KEMP,314890,Sachs
Амортизатор задний Toyota Avensis 03-08,77648755,KEMP,311912,Sachs
Амортизатор задний левый  Toyota Camry (V40) (2006 - 2011),77648790,KEMP,313453,Sachs
Амортизатор задний левый Hyundai   Tucson KIA Sportage  04-10,77648786,KEMP,314996,Sachs
Амортизатор задний правый  Toyota Camry (V40) (2006 - 2011),77648791,KEMP,313452,Sachs
Амортизатор задний правый Hyundai   Tucson KIA Sportage  04-10,77648787,KEMP,314997,Sachs
Амортизатор передней подвески левый Daewoo Matiz (KLYA) 98->,77648760,KEMP,314215,Sachs
Амортизатор передней подвески правый Daewoo Matiz (KLYA) 98->,77648761,KEMP,314216,Sachs
Амортизатор передние  Toyota Land Cruiser PRADO 120  J12 02->,77648795,KEMP,312214,Sachs
Амортизатор передний    правый  Mazda 6 02-07,776487446,KEMP,313854,Sachs
Амортизатор передний   левый    Mazda  6 02-07,776487447,KEMP,313855,Sachs
Амортизатор передний   левый Hyundai  H-1 07->,77648740,KEMP,314892,Sachs
Амортизатор передний  Dacia Duster (HS) (2010 - 2020),77648785,KEMP,315360,Sachs
"Амортизатор передний  Honda Accord (CL, CM) (2003 - 2008)",77648772,KEMP,313866,Sachs
Амортизатор передний  Hyundai H1 (97-07),77648776,KEMP,230441,Sachs
Амортизатор передний  Hyundai Sonata (Y-3) (1993 - 1998),77648807,KEMP,200711,Sachs
Амортизатор передний  Hyundai Sonata 04-10,77648777,KEMP,314691,Sachs
Амортизатор передний  Mercedes A (W168) (1997 - 2004),77648768,KEMP,553667,Sachs
Амортизатор передний  Mercedes C (W202) (1993 - 2000),77648779,KEMP,170450,Sachs
Амортизатор передний  Mitsubishi  Lancer IX 03->,77648754,KEMP,313849,Sachs
Амортизатор передний  Volkswagen Sharan Ford Galaxy Seat Alhambra,77648770,KEMP,200419,Sachs
Амортизатор передний  левый  Mitsubishi Lancer Х  (2007 - 2020),77648797,KEMP,315330,Sachs
"Амортизатор передний  левый  Mitsubishi Lancer Х  18"" (2007 - 2020)",77648799,KEMP,315192,Sachs
Амортизатор передний  левый  Toyota Camry (V40) (2006 - 2011),77648792,KEMP,313451,Sachs
Амортизатор передний  левый  Toyota Prius (ZVW30) (2009 - 2015),77648802,KEMP,339243,Sachs
Амортизатор передний  правый  Mitsubishi Lancer Х  (2007 - 2020),77648798,KEMP,315331,Sachs
"Амортизатор передний  правый  Mitsubishi Lancer Х  18"" (2007 - 2020)",77648800,KEMP,315193,Sachs
Амортизатор передний  правый  Toyota Camry (V40) (2006 - 2011),77648793,KEMP,313450,Sachs
Амортизатор передний  правый  Toyota Prius (ZVW30) (2009 - 2015),77648803,KEMP,339242,Sachs
Амортизатор передний  правый Hyundai  H-1 07->,77648741,KEMP,314893,Sachs
Амортизатор передний  правый Nissan X-Trail 07-14 Renault Koleos 08-20,77648782,KEMP,314042,Sachs
Амортизатор передний  правыйвый Hyundai   Tucson KIA Sportage  04-10,77648789,KEMP,314995,Sachs
Амортизатор передний Chevrolet Aveo   L c ABS  (газ.),77648330,KEMP,314766 G,Sachs
Амортизатор передний Chevrolet Aveo   R c ABS  (газ.),77648331,KEMP,314767 G,Sachs
Амортизатор передний Ford Sierra 1.6-1.8-2.0 82-93  газ,77648329,KEMP,115482,Sachs
Амортизатор передний левый Ford Fiesta 01-08 Mazda 2 03-07,77648748,KEMP,314679,Sachs
Амортизатор передний левый Hyundai   Tucson KIA Sportage  04-10,77648788,KEMP,314994,Sachs
Амортизатор передний левый KIA Sorento 02-06,77648757,KEMP,313523,Sachs
Амортизатор передний левый Nissan X-Trail 07-14 Renault Koleos 08-20,77648781,KEMP,314043,Sachs
Амортизатор передний левый Toyota Auris Toyota Corolla 06->,77648743,KEMP,315012,Sachs
Амортизатор передний правый Ford Fiesta 01-08 Mazda 2 03-07,77648749,KEMP,314680,Sachs
Амортизатор передний правый KIA Sorento 02-06,77648758,KEMP,313524,Sachs
Амортизатор передний правый Toyota Auris Toyota Corolla 06->,77648744,KEMP,315013,Sachs
Суппорт задний Ford  TRANSIT Bus  TDCi 2006-2014 -L RWD   (без скобы),77648922,KEMP,1501244,Ford
Суппорт задний Ford  TRANSIT Bus  TDCi 2006-2014 -R RWD  (без скобы),77648923,KEMP,1501243,Ford
Радиатор печки  Opel Kadet E 84=91 150*188 (плоские соты),77647084,KEMP,1806110,Opel
