name,oe,mpn,article,make
Акція Маточина колеса передня BMW 3 E30 315-325 83-91г.,31211128157,77641360,561948-AEZ72,KEMP
Акція Маточина колеса передня BMW 3 E30 315-325 83-91г.,31211128157,77641360,561948-AEZ72,KEMP
Акція Маточина колеса передня BMW 3 E36 93-98г.E46 98-05 г.,31226757024,77641324,561935AE,KEMP
Акція Маточина колеса передня BMW 5 E34 518-535 88-95г.з ABS,31211129386,77641361,562583-DAZ72,KEMP
Акція Маточина колеса передня BMW 7 (E38) 725-750 94-01 г.,31211137996,77641326,578413A,KEMP
АКЦІЯ Маточина колеса передня BMW E32.E34 92-97г. з ABS,31221139345,77641358,,KEMP
АКЦІЯ Маточина колеса передня BMW E60 E61 520-550  03->г.,31226760177,77641363,805506D,KEMP
АКЦІЯ Маточина колеса передня BMW E65 E66 730-760 01->,31226750217,77641362,805062C,KEMP
АКЦІЯ Маточина передня BMW E28 81-87г.,31211131298,77648962,31 21 1 131 298,KEMP
АКЦІЯ Підшипник задньої маточини BMW (E24) E28 E32 E34 85-97 г.,33411123426,77641329,527243C,KEMP
АКЦІЯ Підшипник задньої маточини BMW 5 E39 97-03г.80*45*41,33411093102,77641359,,KEMP
АКЦІЯ Підшипник задньої маточини BMW E36 E46 E38 Z3 94-05г.45*85*41,33411090505,77641332,580191,KEMP
АКЦІЯ Підшипник задньої маточини BMW E61 E63 E64 E66 E53  00->г.,33411095238,77641327,580494C,KEMP
Акція Пружина задня  BMW E46 (прог.завивка)з утоншенням,101535,77642406,33531095711,KEMP
АКЦІЯ Радіатор BMW E34 520-525 88-95 АС+ АКПП 440*329,1719305,7764688,60703A,KEMP
АКЦІЯ Радіатор BMW E36 316-325 91-98 АКПП АС- 440*440,1723528,7764834,60613A,KEMP
Акція Радіатор BMW E53 X5 3.0D 3.0i AC+ мех. 00-> 590*590,17111439104,77642277,60789A,KEMP
Амортизатор  кр. багажника Chevrolet Aveo 390-150mm (350N),77642868,77642868,96540939,KEMP
Амортизатор  кр. багажника Daewoo Lanos HB 475-174mm 440N,96306157,77644770,,KEMP
Амортизатор  кр. багажника Daewoo Lanos HB(450N) 270-480mm,96306157,77642735,,KEMP
Амортизатор  кр. багажника Daewoo Lanos HB(500N) 270-480mm,96306157,77642736,,KEMP
Амортизатор  кр. багажника Daewoo Matiz 98-> (300N) 280-500mm,96314606,77642737,,KEMP
Амортизатор  кр. багажника Daewoo Matiz 98-> 495-182mm 300N,96563503,77644775,77644775,KEMP
Амортизатор  кришка багажника Ford Transit 85->810 N  31-55см,6142658,77642760,,KEMP
Амортизатор  кришки багажника  Mercedes Vito(638) 772-322mm 630N,6389800364,77644783,77644783,KEMP
Амортизатор  кришки багажника Ford Fiesta Mk4 96-01 576-235mm 310N,1008276,77644778,,KEMP
Амортизатор  кришки багажника Ford Focus C-MAX 03- 570-230mm 460N,1252377,77644779,,KEMP
Амортизатор  кришки багажника Ford Scorpio H-B 85-93 501-175mm 780N,77644780,77644780,1661165,KEMP
Амортизатор  кришки багажника Ford Sierra CARAVAN 83-93 485-196mm 520N,1637864,77644782,,KEMP
Амортизатор  кришки багажника Ford Sierra HB 83-93 489-144mm 565N,1637863,77644781,,KEMP
Амортизатор  кришки багажника Mercedes Vito 639 Viano 667-238mm 755N,77643288,77643288,8156808,KEMP
Амортизатор  кришки багажника Opel Ascona C  512-200mm 450N,132693,77644784,77644784,KEMP
Амортизатор  кришки багажника Opel Astra F H/B 91-98 591-237mm 350N,90341282,77644786,,KEMP
Амортизатор  кришки багажника Opel Astra G caravan 98-> 566-204mm 500N,132739,77642878,,KEMP
Амортизатор  кришки багажника Opel Astra G Caravan 98-> 573-226mm520N,132739,77644789,,KEMP
Амортизатор  кришки багажника Opel Astra G H/B 98-> 535-215mm480N,132741,77644788,,KEMP
Амортизатор  кришки багажника Opel Kadet E caravan 84-91 700-257mm 610N,77642966,77642966,132706,KEMP
Амортизатор  кришки багажника Opel Kadet E caravan 84-91 700-260mm 330N,77642993,77642993,132711,KEMP
Амортизатор  кришки багажника Opel Omega A універсал 511-199mm 530N,77643436,77643436,132709,KEMP
Амортизатор  кришки багажника Opel Omega B94-03 439-158mm 350N,77643437,77643437,90379054,KEMP
Амортизатор  крышки багажника Ford Transit  V-184  640 N  827mm,15807325S,77643542,,KEMP
Амортизатор  крышки багажника Ford Transit Conect 04->480N 38-68см,2T14V406A10AB,77642761,,KEMP
Амортизатор  крышки багажника Opel Astra F Caravan 91-98 508-195mm 600N,90341377,77644787,,KEMP
Амортизатор  крышки багажника Opel Astra F caravan 91-98 508-200mm 600N,77642762,77642762,90341378,KEMP
Амортизатор  крышки багажника Opel Astra G H/B 98-> 537-205mm430N,77642763,77642763,90521517,KEMP
Амортизатор  крышки багажника Opel Kadet E HB 84-91 400N 30-55см,90191627,77642967,,KEMP
Амортизатор  крышки багажника OPEL VIVARO 730N  2001-> 58--91cм,4414419,77643010,,KEMP
Амортизатор  натяжника ремня Mercedes diz OM 601-604,6042000214,77641556,1032000114,KEMP
Амортизатор  натяжного ролика  VW LT 28-46 2.5TDI  T4 2.0-2.5 96-03г.,074145299A,77643820,533002010,KEMP
Амортизатор  передний Audi A2 Skoda Fabia VW Polo 00->   (стойка  масло),77642030,77642030,300032,KEMP
Амортизатор  передний Audi A2 Skoda Fabia VW Polo 10-> (газ),77646456,77646456,314717,KEMP
Амортизатор  передний Audi A2 Skoda Fabia VW Polo 10-> (газ),314 717,77646857,6RU413031B,KEMP
Амортизатор  передний VW  LT40-55  масло,77648473,77648473,101932/291413031,KEMP
Амортизатор  передний VW Golf IV/Bora /Octavia   газ,7764762,7764762,200954,KEMP
Амортизатор  передний VW Golf IV/Bora /Octavia   газ,200 954,77646860,334812,KEMP
Амортизатор  передний VW Golf IV/Bora /Octavia   масло,7764761,7764761,200951,KEMP
Амортизатор  передний VW Golf Jetta3 Cadi3 Pasat B6 Octavia A5 Audi A3 55 mm,1T0413031DH,77643860,,KEMP
Амортизатор  передний VW Golf Jetta3 Cadi3 Pasat Octavia A5 Audi A3 04- (50mm),77645326,77645326,312267,KEMP
Амортизатор  передний VW Golf Jetta3 Cadi3 Pasat Octavia A5 Audi A3 04- (50mm),312 267,77646861,,KEMP
Амортизатор  передний VW Golf Jetta3 Cadi3 Pasat Octavia A5 Audi A3 04- газ,311 863,77646862,335808,KEMP
Амортизатор  передний VW Golf-2  84-91  масл (стойка),115 158,77647893,27-A58-0,KEMP
"Амортизатор  передний VW Passat В5,A4,A6,Superb 96-04  газ",27C12F,77641224,,KEMP
"Амортизатор  передний VW Passat В5,A4,A6,Superb 96-04  газ (пакет плохие дороги)",7764844,7764844,290186/4B0412031CE,KEMP
"Амортизатор  передний VW Passat В5,A4,A6,Superb 96-04 газ",557 837,77646863,341273,KEMP
Амортизатор  передний VW Passat-B3 88-92 масл (стойка),7764828,7764828,170129/634810,KEMP
Амортизатор  передний VW Passat-B4 92-96  газ. (стойка),77642190,77642190,170160/334811,KEMP
Амортизатор  передний VW Passat-B4 92-96  газ. (стойка),170 160,77647895,334811,KEMP
Амортизатор  передний VW Passat-B4 92-96  масл (стойка),170 381,77647896,634811,KEMP
Амортизатор  передний VW Touareg 02-10 L левый,77648465,77648465,314461/7L6413031L,KEMP
Амортизатор  передний VW Transporter T-3  масло,77648471,77648471,101825/251413031,KEMP
Амортизатор  передний VW Transporter T-3 (усиленный) масло,77648470,77648470,106477/251413031G,KEMP
Амортизатор  передний VW Transporter T-4   газ.,77642192,77642192,170880,KEMP
Амортизатор  передний VW Transporter T-4 (усиленный) масло,77645052,77645052,105819 U,KEMP
Амортизатор  передний VW Transporter T-4 (усиленный) масло,105 819 U,77646865,444119,KEMP
Амортизатор  передний VW Transporter T-5  газ.,313 327,77646866,V4505,KEMP
Амортизатор  передній Audi A2 Skoda Fabia VW Polo 00-> (газ),77646060,77646060,312594/300 032,KEMP
Амортизатор  передній Audi A6 (C6) 04->,77645310,77645310,312638,KEMP
Амортизатор  передній VW  LT28-35  масло,77648472,77648472,101637/281413031C,KEMP
Амортизатор  передній VW Golf Jetta3 Cadi3 Pasat Octavia A5 Audi A3 04- газ,77643938,77643938,311863,KEMP
Амортизатор  передній VW Golf-2  84-91  масляний (стійка),7764346,7764346,115158/27-A58-0,KEMP
Амортизатор  передній VW Golf-3 Vento посилений газ (стійка),77646082,77646082,170795,KEMP
"Амортизатор  передній VW Passat В5,A4,A6,Superb 96-04 газ",77642034,77642034,557837,KEMP
Амортизатор  передній VW Passat-B3 88-92  газ. (стійка),77642189,77642189,170130/334810,KEMP
Амортизатор  передній VW Passat-B4 92-96  масл (стійка),7764622,7764622,170381/634811,KEMP
Амортизатор  передній VW Touareg 02-10 Rправий,77648464,77648464,314462/7L6413032L,KEMP
Амортизатор  передній VW Transporter T-4  масло,7764618,7764618,105819/444119,KEMP
Амортизатор Chery Amulet задній (газ),А11-2905010ВG,77641835,,KEMP
Амортизатор Chery Amulet задній (масло),А11-2905010ВА,77641836,,KEMP
Амортизатор Chery Amulet передній (стійка),A11-2915010BA,77641834,,KEMP
Амортизатор Nissan Sunni 3 універсал зад масло,999423,77642188,,KEMP
Амортизатор Nissan Sunni 3 універсал зад.газ 91-00г.,312075,77642307,312 075,KEMP
Амортизатор акселератора  (ТНВД) OM 601-602,6010700867,77643623,08241,KEMP
Амортизатор задний  140 91-99  газ,77643912,77643912,312782,KEMP
Амортизатор задний  Citroen C-4  Peugeot 307 00-> газ,77648480,77648480,290963/5206EK,KEMP
Амортизатор задний  KIA Sorento (JC) (2002 - 2006),314469,77648756,55300-3E031,KEMP
Амортизатор задний  Mitsubishi  Lancer IX 03->,313861,77648753,MR589972,KEMP
"Амортизатор задний  Mitsubishi Lancer Х (CY_A, CZ_A) (2007 - 2020)",315332,77648796,4162A130,KEMP
Амортизатор задний  Peugeot 307 02-> газ (универсал),77648481,77648481,315167/344408,KEMP
Амортизатор задний  VW Golf Jetta3 Octavia A5 Audi A3 Passat 03- (усиленный),77648462,77648462,400083,KEMP
Амортизатор задний  VW Golf Jetta3 Octavia A5 Audi A3 Passat 03- газ,77643939,77643939,310950,KEMP
Амортизатор задний  VW Transporter T-3  масло,77648468,77648468,101824/251513031,KEMP
Амортизатор задний  VW Transporter T-3 (усиленный) масло,77648469,77648469,106478/251513031A,KEMP
Амортизатор задний  VW Transporter T-4  газ.,170 786,77648124,345900,KEMP
Амортизатор задний  VW Transporter T-4  масло,7764619,7764619,105820/32-D73-0,KEMP
Амортизатор задний  VW Transporter T-4 (усиленный)  масло,105 820 U,77646868,32-D73-0,KEMP
Амортизатор задний  VW Transporter T-5  газ.,77641703,77641703,313031/V1169,KEMP
Амортизатор задний  VW Transporter T-5  газ.,313 031,77647898,V1169,KEMP
Амортизатор задний Audi A4 (B7) 04->,77645331,77645331,313367/344807,KEMP
Амортизатор задний Chevrolet  Aveo,77642747,77642747,312975/96653235,KEMP
Амортизатор задний Dacia Logan Sandero  04- масло,315 530,77647879,343418,KEMP
Амортизатор задний Fiat Doblo 01-09 газ,290 032,77648127,345031,KEMP
Амортизатор задний Fiat Doblo 01-09 газ  усиленный,77648321,77648321,311931,KEMP
Амортизатор задний Fiat Doblo 10->,315 374,77648131,349149,KEMP
Амортизатор задний Fiat Ducato Boxer Jamper 94-06 газ,280 979,77648126,,KEMP
Амортизатор задний Ford Escort 95 --,200 370,77646869,441951,KEMP
Амортизатор задний Ford Fiesta 98 -- КА  96 --,290 691,77648119,341953/,KEMP
Амортизатор задний Ford Focus  3 C-Max 10->  газ,77647304,77647304,315515/1690801,KEMP
Амортизатор задний Ford Focus  3 C-Max 10->  газ,315 515,77647880,1690801,KEMP
Амортизатор задний Ford Focus 2 C-Max 04->,313 291,77647899,1544026,KEMP
Амортизатор задний Ford Focus 2 универсал 04->,77647294,77647294,313295/1697748,KEMP
Амортизатор задний Ford Focus 2 универсал 04->,313 295,77647900,1697748,KEMP
Амортизатор задний Ford Focus 98 -- седан,230 713,77648125,343290,KEMP
Амортизатор задний Ford Mondeo 2000 --,312 939,77647901,335923,KEMP
Амортизатор задний Ford Scorpio 85- газ,105 767,77647902,343205,KEMP
Амортизатор задний Ford Sierra 1.6-1.8-2.0 82-93  масло,106 828,77646870,,KEMP
Амортизатор задний Ford Sierra универсал 1.6-1.8-2.0 82-93  масло,110 418,77648118,,KEMP
Амортизатор задний Ford Transit 2.0 DI:TDCI 00-06,311 010,77647903,343393,KEMP
"Амортизатор задний Ford Transit 2.4 DI:TDCI 00-06 (зад. прив.), (кор. база)",230 964,77646871,4494274,KEMP
Амортизатор задний Ford Transit 92-00  масло,170 929,77647904,,KEMP
Амортизатор задний Ford Transit Connect,290 846,77641034,,KEMP
Амортизатор задний Hyundai Santa Fe KIA Sorento 06-12,315917,77648738,553102B211,KEMP
"Амортизатор задний MB 124, 202 83-97  газ",106 879,77647905,,KEMP
"Амортизатор задний MB 207,208, 210  2.3 -2.4-2.8  масло",101 497,77647906,,KEMP
Амортизатор задний MB 210,124 391,77648123,2103261400,KEMP
Амортизатор задний MB 407-410 82-.95г. масло,77642026,77642026,106214,KEMP
Амортизатор задний MB 407-410 82-.95г. масло,106 214,77647907,,KEMP
Амортизатор задний MB 609-814 Vario,112 023,77647908,,KEMP
Амортизатор задний MB Sprinter (906) 3t 3.5t VW Crafter 30-50 06->,314 606,77647909,343484,KEMP
Амортизатор задний MB Sprinter (906) 3t 3.5t VW Crafter 30-50 06-> (усиленный),77645334,77645334,314608,KEMP
Амортизатор задний MB Sprinter (906) 4.6t VW Crafter 30-50 06->,314 608,77645315,349044,KEMP
Амортизатор задний MB Sprinter 208-313 VW LT 28-36 96-05г.  масло,290 377,77648128,,KEMP
Амортизатор задний MB Sprinter 4t 408-416 VW LT 28-46 96-05г.  масло,124 654,77647910,,KEMP
Амортизатор задний MB Vito 639 Viano,311 647,77646873,553337,KEMP
Амортизатор задний MB Vito газ,290 043,77647911,,KEMP
Амортизатор задний Mercedes Benz W220,3142,,2203205013,KEMP
Амортизатор задний Opel Astra G  caravan газ .,230 588/230589,77647912,,KEMP
Амортизатор задний Opel Astra G  SED.HB  газ .,230 586,77647913,,KEMP
Амортизатор задний Opel Astra H 04->газ .,313 482,77647914,,KEMP
Амортизатор задний Opel Insignia  08->газ .,77647307,77647307,315440/349136,KEMP
Амортизатор задний Opel Insignia  08->газ .,315 440,77647881,349136,KEMP
"Амортизатор задний Opel Kadett -94, Daewo Esp. 93-99, Lan.97-, Nex.95-97",105 790,77647915,,KEMP
"Амортизатор задний Opel Kadett,Daewo Esp.93-99,Lan.97-,Nex.95-  газ",105 791,77648117,,KEMP
Амортизатор задний Opel Omega  B Comdi  газ,77648236,77648236,105841,KEMP
Амортизатор задний Opel Vektra B 95- 02г.  газ,105 299,77648115,,KEMP
Амортизатор задний Opel Vektra C  02->г.  газ,300 062,77647916,,KEMP
Амортизатор задний Peugeot 301Citroen C-Elysee 12-> газ,77647299,77647299,3438000/9674665480,KEMP
Амортизатор задний Peugeot 301Citroen C-Elysee 12-> газ,315 995,77647882,3438000/9674665480,KEMP
Амортизатор задний Peugeot 806:807 FiatUlysse Citroen C8  Evasion 02->,312 725,77646874,343321,KEMP
Амортизатор задний Peugeot Expert 806 Fiat Scudo Citroen Jumpi 98->,77645327,77645327,200433/343296,KEMP
Амортизатор задний Peugeot Fiat Scudo Citroen Jumpi 07->,314 663,77646875,,KEMP
Амортизатор задний Peugeot Fiat Scudo Citroen Jumpi 07->(усиленый),314 663 U,77646877,,KEMP
Амортизатор задний Peugeot Partner  Berlingo 08-> газ,77646447,77646447,314005/5206.QQ,KEMP
Амортизатор задний Peugeot Partner  Berlingo 08-> газ,314 005,77647293,5206.QQ,KEMP
Амортизатор задний Peugeot Partner Berlingo  96-08,77645330,77645330,200449/341237,KEMP
Амортизатор задний Peugeot Partner Berlingo  96-08,200 449,77647917,341237,KEMP
Амортизатор задний Renault Kangoo 97-08 (газ),77643908,77643908,230609,KEMP
Амортизатор задний Renault Kangoo 97-08 (газ),230 609,77647918,,KEMP
Амортизатор задний Renault Laguna 3,317 421,77646925,344813,KEMP
Амортизатор задний Renault Master2 Movano 98- газ,200 777,77646882,344307,KEMP
Амортизатор задний Renault Megane 2 (пакет плохие дороги)02-> газ,77647311,776467311,344814/8200122947,KEMP
Амортизатор задний Renault Megane 3  08-> газ,77646681,77646681,315011,KEMP
Амортизатор задний Renault Megane 3  08-> газ,315 011,77646883,562108593R,KEMP
Амортизатор задний Renault Trafic 01- газ,312 656,77646884,JGT311T,KEMP
Амортизатор задний Scoda Fabia VW Polo 00->  газ.,77642185,77642185,280564/343328,KEMP
Амортизатор задний Scoda Fabia VW Polo Seat Cordoba Ibiza Audi A2,290887,77648804,6Q0 513 025 P,KEMP
Амортизатор задний VW Caddy3 04- газ,313 320,77646885,,KEMP
Амортизатор задний VW Golf 97- седан Bora/Octavia  газ,556 268,77647919,343348,KEMP
Амортизатор задний VW Golf 97- седан Bora/Octavia  масло,7764756,7764756,556271/20443095,KEMP
Амортизатор задний VW Golf Octavia универсал Pollo (6 RU) газ,556 273,77646887,1J9 513 025 A,KEMP
Амортизатор задний VW Golf-2 -3 Vento Seat Toledo 184-98 газ (усиленый),105 759,77648116,343191,KEMP
Амортизатор задний VW Golf-2 84-91 газ,7764971,7764971,105748/343191,KEMP
Амортизатор задний VW Golf2 84-91 масл,77646420,77646420,105739/27-332-0,KEMP
Амортизатор задний VW Golf2 84-91 масл (усиленный),170 216,77646886,27-332-0,KEMP
Амортизатор задний VW Passat B3 88-93/ B4 88-96  масл,7764354,7764354,105781,KEMP
Амортизатор задний VW Passat B3 88-93/ B4 88-96  масл,105 781,77646888,443246,KEMP
Амортизатор задний VW Passat B3 88-93/ B4 88-96 газ,7764355,7764355,105813/343223,KEMP
Амортизатор задний VW Passat B3 88-93/ B4 88-96 газ,105 813,77647921,343223,KEMP
Амортизатор задний VW Passat В-2 1.3-1.6-1.8  масло,105 723,77646889,443209,KEMP
"Амортизатор задний VW Passat В5,A4,A6,Superb 96-04  газ",556 277,77646890,343281,KEMP
"Амортизатор задний VW Passat В5,A4,A6,Superb 96-04  газ(пакет плохие дороги)",77648463,77648463,290187/3BD513031,KEMP
Амортизатор задний Аudi-100 83-94/ A-6 94-97  газ (с чашкой),77645055,77645055,170428,KEMP
Амортизатор задний Аudi-100 83-94/ A-6 94-97  газ (с чашкой),170 428,77646891,341133,KEMP
Амортизатор задний Аudi-100 83-94/ A-6 94-97масло (с чашкой),105 807,77646892,441084,KEMP
Амортизатор задний Аudi-80 78-91   масл.,7764608,7764608,105782/441022,KEMP
Амортизатор задний Аudi-80 B4 91-94   газ,170 269,77646893,341130,KEMP
Амортизатор задні  Toyota Land Cruiser PRADO 120  J12 02->,312215,77648794,48530-69365,KEMP
"Амортизатор задній  Mitsubishi Lancer Х 18"" (2007 - 2020)",315194,77648801,4162A122,KEMP
Амортизатор задній  VW  LT28-35  масло,77648474,77648474,314884/281513031F,KEMP
Амортизатор задній  VW  LT40-55  масло,77648475,77648475,101931/291513031,KEMP
Амортизатор задній  VW Golf Jetta3 Octavia A5 Audi A3 Passat 03- (посилений),1T0513029B,77644003,,KEMP
Амортизатор задній  VW Touareg 02-10,77648466,77648466,314463/7L6513029N,KEMP
Амортизатор задній  VW Transporter T-4  газ.,77642191,77642191,345900,KEMP
Амортизатор задній Audi A4 (B5) 94-00,77648461,77648461,280560/8D0513031D,KEMP
Амортизатор задній Audi A6 (C6) 04->,77645311,77645311,312640,KEMP
Амортизатор задній Audi-100 83-94/ A-6 94-97масло(без чашки),7764610,7764610,105807/441084,KEMP
Амортизатор задній Audi-80 78-91   газ,77642183,77642183,170883/341003,KEMP
Амортизатор задній Audi-80 B4 91-94   газ,77642184,77642184,170269,KEMP
Амортизатор задній Chevrolet Lachetti   L газ,77641568,77641568,313468/333420,KEMP
Амортизатор задній Chevrolet Lachetti   R газ,77641569,77641569,313469/333419,KEMP
Амортизатор задній Dacia Duster (HS) (2010 - 2020) 4Х4,315361,77648784,562103964R,KEMP
Амортизатор задній Dacia Duster 10-20,315362,77648783,562105043R,KEMP
Амортизатор задній Dacia Logan Sandero  04- масло,77647308,77647308,315530/343418,KEMP
Амортизатор задній Daewoo Matiz (KLYA) (1998 - 2008),290788,77648759,96342033,KEMP
Амортизатор задній Daewoo Sens Lanos Nexia (газ),77644006,77644006,105791,KEMP
Амортизатор задній Daewoo Sens Lanos Nexia (масло),77644005,77644005,105790,KEMP
Амортизатор задній Fiat Doblo 01-09 газ,77643920,77643920,290032/345031,KEMP
Амортизатор задній Fiat Doblo 10->,77645325,77645325,315374/349149,KEMP
Амортизатор задній Fiat Ducato Boxer Jamper 94-06 газ,77643907,77643907,280979,KEMP
Амортизатор задній Fiat Ducato Boxer Jamper 94-06 газ 1800 кг,77648226,77648226,280985,KEMP
Амортизатор задній Ford Escort 80-90  масло,7764615,7764615,100940,KEMP
Амортизатор задній Ford Escort 80-90 газ,77646787,77646787,100625,KEMP
Амортизатор задній Ford Escort 95 --,77641040,77641040,200370,KEMP
Амортизатор задній Ford Fiesta 98 -- КА 96 --,77641044,77641044,341953/290691,KEMP
Амортизатор задній Ford Focus 2 C-Max 04->,77646451,77646451,313291/1544026,KEMP
Амортизатор задній Ford Focus 98 -- седан,77641047,77641047,230713/343290,KEMP
Амортизатор задній Ford Fusion задній газ 02-,77645045,77645045,313915,KEMP
Амортизатор задній Ford Mondeo 2000 --,77641042,77641042,312939/335923/,KEMP
Амортизатор задній Ford Scorpio 85- газ,77641033,77641033,105767/343205,KEMP
Амортизатор задній Ford Sierra 1.6-1.8-2.0 82-93  масло,776465,776465,106828,KEMP
Амортизатор задній Ford Sierra 1.6-1.8-2.0 82-93 газ,77648328,77648328,106319,KEMP
Амортизатор задній Ford Sierra універсал 1.6-1.8-2.0 82-93  масло,77642028,77642028,110418,KEMP
Амортизатор задній Ford Transit 2.0 DI:TDCI 00-06,77645328,77645328,311010/343393,KEMP
Амортизатор задній Ford Transit 2.2TDCI 06->,77645316,77645316,313504/349080,KEMP
"Амортизатор задній Ford Transit 2.4 DI:TDCI 00-06 (зад. прив.), (кор. база)",77646429,77646429,230964,KEMP
Амортизатор задній Ford Transit 92-00  масло,7764617,7764617,170929,KEMP
Амортизатор задній Ford Transit Connect,77648205,77648205,290846,KEMP
Амортизатор задній Ford Transit Connect 2010->,77645333,77645333,349113,KEMP
"Амортизатор задній Honda Accord (CL, CM) (2003 - 2008)",312135,77648771,52611SEAE03,KEMP
Амортизатор задній Hyundai Accent 05-10,314754,77648763,55310-1E300,KEMP
Амортизатор задній Hyundai H-1 07->,314891,77648739,553004H050,KEMP
Амортизатор задній Hyundai H1 97-07,230445,77648775,55310-4A500,KEMP
Амортизатор задній Hyundai Sonata III (Y-3) 93-,200712,77646529,55310-34300,KEMP
Амортизатор задній KIA Rio 05-11,313519,77648762,553101G310,KEMP
Амортизатор задній Mazda 6 02-07,313856,77648745,GJ5A28700B,KEMP
Амортизатор задній Mercedes  123 77-85  газ,77643928,77643928,007303,KEMP
"Амортизатор задній Mercedes  124, 202 83-97  газ",7764353,7764353,106879,KEMP
"Амортизатор задній Mercedes  207,208, 210  2.3 -2.4-2.8  масло",7764424,7764424,101497,KEMP
Амортизатор задній Mercedes  210,77647455,77647455,124391/2103261400,KEMP
Амортизатор задній Mercedes  609-814 Vario,77643145,77643145,112023,KEMP
Амортизатор задній Mercedes  Sprinter (906) 3t 3.5t VW Crafter 30-50 06->,77645314,77645314,314606/343484,KEMP
Амортизатор задній Mercedes  Sprinter 208-313 VW LT 28-36 96-05г.  масло,77644352,77644352,290377,KEMP
Амортизатор задній Mercedes  Sprinter 4t 408-416 VW LT 28-46 96-05г.  масло,77642029,77642029,124654,KEMP
Амортизатор задній Mercedes  Vito газ,7764847,7764847,290043,KEMP
Амортизатор задній Mercedes (W 202) 93-,170451,77648778,2023200031,KEMP
Амортизатор задній Mercedes (W 211) 02-,317265,77648766,A2113265200,KEMP
Амортизатор задній Mercedes A (W168) (1997 -,553663,77648767,A1683261500,KEMP
Амортизатор задній Mercedes C 01-07 Mercedes CLC-Class 08-11,553870,77648773,203 326 07 00,KEMP
Амортизатор задній Mercedes Vito 639 Viano,77643930,77643930,311647,KEMP
Амортизатор задній Mitsubishi Colt 04-08,313192,77648750,MR594131,KEMP
Амортизатор задній Nissan X-Trail 07-14 Renault Koleos 08-20,314044,77648780,562104837R,KEMP
Амортизатор задній Opel Astra G  caravan газ .,77646966,77646966,230588/230589,KEMP
Амортизатор задній Opel Astra G  SED.HB  газ .,77642033,77642033,230586,KEMP
Амортизатор задній Opel Astra H 04->газ .,77646967,77646967,313482,KEMP
Амортизатор задній Opel Combo Meriva Zafira A 01-> газ .,77648227,77648227,280367,KEMP
Амортизатор задній Opel Kadet caravan 79-91 Astra  масло,7764754,7764754,105719,KEMP
"Амортизатор задній Opel Kadett -94, Daewo Esp. 93-99, Lan.97-, Nex.95-97",7764609,7764609,105790,KEMP
"Амортизатор задній Opel Kadett,Daewo Esp.93-99,Lan.97-,Nex.95- газ",77643501,77643501,105791,KEMP
Амортизатор задній Opel Omega  A/B SED  газ,7764755,7764755,105806,KEMP
Амортизатор задній Opel Omega A Comdi газ,77648235,77648235,112058,KEMP
Амортизатор задній Opel Omega B 94-03 седан  газ,77642187,77642187,105842,KEMP
Амортизатор задній Opel Record 77-86 масло,77643936,77643936,105706/27-440-0,KEMP
Амортизатор задній Opel Vektra B 95- 02г.  газ,77642338,77642338,105299,KEMP
Амортизатор задній Opel Vektra C  02->г.  газ,7764352,7764352,300062,KEMP
Амортизатор задній Peugeot 806:807 FiatUlysse Citroen C8  Evasion 02->,77645312,77645312,312725,KEMP
Амортизатор задній Peugeot Bipper Fiat Qubo Fiorino Citroen Nemo 08->,77645317,77645317,315132/349145,KEMP
Амортизатор задній Peugeot Fiat Scudo Citroen Jumpi 07->,77646440,77646440,314663,KEMP
Амортизатор задній Peugeot Fiat Scudo Citroen Jumpi 07->(посилений),77646679,77646679,314663 U,KEMP
Амортизатор задній Renault Kangoo 08->,77645329,77645329,315299/344709,KEMP
Амортизатор задній Renault Kangoo 97-08 (газ)пакет погані дороги),77648476,77648476,230611/7700312011,KEMP
Амортизатор задній Renault Laguna 2,77648324,77648324,290739,KEMP
Амортизатор задній Renault Laguna 3,77646443,77646443,344813,KEMP
Амортизатор задній Renault Master2 Movano 98- газ,77643934,77643934,200777 344307,KEMP
Амортизатор задній Renault Master3 Movano 10-> газ,77646473,77646473,345702/562100015R,KEMP
Амортизатор задній Renault Trafic 01- газ,77643924,77643924,312656,KEMP
Амортизатор задній Toyota Auris (E18) (2012 - 2020),314890,77648742,48530-02A00,KEMP
Амортизатор задній Toyota Avensis 03-08,311912,77648755,48530-09660,KEMP
Амортизатор задній Volkswagen Sharan Ford Galaxy Seat Alhambra,200421,77648769,7M0513031L,KEMP
Амортизатор задній VW Caddy 2 Seat Inca 95-04 газ,77648477,77648477,311427/6k9513031A,KEMP
Амортизатор задній VW Caddy3 04- газ,77643937,77643937,313320,KEMP
Амортизатор задній VW Crafter 30-50 MB Sprinter (906) 3t 3.5t 06->,77645323,77645323,314608,KEMP
Амортизатор задній VW Crafter 30-50 MB Sprinter (906) 3t 3.5t 06-> (посилений),77648214,77648214,314608U,KEMP
Амортизатор задній VW Golf 3 універсал92-96  газ,77648467,77648467,170793/1H9513031B,KEMP
Амортизатор задній VW Golf 97- седан Bora/Octavia,27C06F,77641229,,KEMP
Амортизатор задній VW Golf 97- седан Bora/Octavia  газ,7764757,7764757,556268/343348,KEMP
Амортизатор задній VW Golf Octavia універсал Pollo (6 RU) газ,77646458,77646458,556273,KEMP
Амортизатор задній VW Golf-2 -3 Vento Seat Toledo 184-98 газ (посилений),77643944,77643944,105759,KEMP
Амортизатор задній VW Golf2 84-91 масл (посилений),7764620,7764620,170216,KEMP
Амортизатор задній VW Passat В-2 1.3-1.6-1.8  масло,7764611,7764611,105723,KEMP
"Амортизатор задній VW Passat В5,A4,A6,Superb 96-04  газ",7764845,7764845,556277,KEMP
Амортизатор задній VW Transporter T-4 (посилений) масло,77645332,77645332,105820 U,KEMP
Амортизатор задній Аudi-100 83-94/ A-6 94-97  газ(без чашки),77645054,77645054,170428/341133,KEMP
Амортизатор задній Аudi-100 83-94/ A-6 94-97масло (з чашкою),77643915,77643915,105807,KEMP
Амортизатор задній ВАЗ 2101-07 з занизженням -50мм,2101-2915402,77645965,занижение 50мм,KEMP
Амортизатор задній лівий  Toyota Camry (V40) (2006 - 2011),313453,77648790,4854009660,KEMP
Амортизатор задній лівий Hyundai   Tucson KIA Sportage  04-10,314996,77648786,S553512E501,KEMP
Амортизатор задній правий  Toyota Camry (V40) (2006 - 2011),313452,77648791,4853089025,KEMP
Амортизатор задній правий Hyundai   Tucson KIA Sportage  04-10,314997,77648787,S553612E501,KEMP
"Амортизатор капота Audi-100 91-95 /A-6 95-97, (з чохлом)",4.A0823359B,7764566,27677,KEMP
Амортизатор капота Audi-100-200  82-86 685*279 260N,77647878,77647878,443823359D,KEMP
Амортизатор капота Audi-A-6 (C6) 2005-2011 722-325-180N,4F0823359A,7764304,,KEMP
Амортизатор капота Audi-A-8 (D3) 2002-2009 375-150-280N,4E0823359D,77641533,,KEMP
Амортизатор капота Audi-Q5 08->306-96 410N,77647695,77647695,8R0823359A,KEMP
Амортизатор капота Audi-Q7 06->485-192 170N,4L0823359,77647828,4L0 823 359,KEMP
Амортизатор капота SKODA SUPERB 01-08 722-306 350N,77647702,77647702,3U0823359,KEMP
Амортизатор капота VW Caddy 3 2004->,1409100066,77644750,,KEMP
Амортизатор капота VW Caddy3 Touran 03- 405*150mm 460N,1T0823359A,77644823,77644823,KEMP
Амортизатор капота VW Golf 4 97-> 350N27-50 см,8195040,77643550,8L0823359,KEMP
Амортизатор капота VW Golf 5 Jetta 3 05->730-308  240N,77647705,77647705,1K0823359A,KEMP
Амортизатор капота VW Passat B5 96-04 310N 722-306,77641543,77641543,4B0823359A,KEMP
Амортизатор капота VW Passat B5 96-04 722*306 280N,7764565,7764565,3B0823359C,KEMP
Амортизатор капота VW Passat B6 05-> 730-308 350N,77647707,77647707,3C0823359A,KEMP
Амортизатор капота VW Passat B7 10-> 734-325-320N,3AA823359A,77642074,,KEMP
Амортизатор капота VW T5 03- 390-150mm 360N,7H0823359C,77644827,128904,KEMP
Амортизатор капота VW Touareg 02- 538-190mm125N,7L6823359B,77644822,77644822,KEMP
Амортизатор капота VW Touareg II (2010 - 2017) 655-270-320N,7P6823359,77648270,,KEMP
Амортизатор капота VWT5,7H0823359C,77643517,29441,KEMP
Амортизатор капота Аudi-100 -91 465-187mm 320N,77644755,77644755,443823359B,KEMP
"Амортизатор капота Аudi-100 91-94,без чохла 410N 49-89 см",4A0823359B,77644752,27677,KEMP
Амортизатор капота Аudi-100-200  82-8691 470-810 mm 280N,431823359А,77642994,,KEMP
Амортизатор капота Аudi-A-4 00-08 713-313 330N,77647708,77647708,8E0823359A,KEMP
Амортизатор капота Аudi-A-4 94-01 722-306 310N,77647691,77647691,8D0823359A,KEMP
Амортизатор капота Аudi-A-4 A 5 07->762-330-340N,8T0823359,77646789,,KEMP
"Амортизатор капота Аudi-A-6 94-97,без чохла 380N 50-94 см",4A0823359C,77644687,,KEMP
Амортизатор кришка багажника Skoda Octavia  A5 04->H/B 405N  585-246мм,77642764,77642764,1Z5827550,KEMP
Амортизатор кришка багажника VW Transporter T5 03-> 755-210mm 970N,77642769,77642769,7H0827550B,KEMP
Амортизатор кришки багажника  Peugeot Partner Berlingo 08-> -622-230-580N,8731R9,77649084,,KEMP
Амортизатор кришки багажника Audi  A3 HB 03-12 715-306 290N,77647689,77647689,8P0823359,KEMP
Амортизатор кришки багажника Audi  A3 HB 06-12 495-185 490N,77647690,77647690,8P3827552D,KEMP
Амортизатор кришки багажника Audi 100/A6 90-97 COMBI 647-269mm 450N,77644760,77644760,4A9827552,KEMP
Амортизатор кришки багажника Audi 80 79-86 303-115  490N,77647694,77647694,811827552A,KEMP
Амортизатор кришки багажника Audi 80 86-91 275-90mm -420N PAS.B 5 96-00,7764829,7764829,893827552,KEMP
Амортизатор кришки багажника Audi 80 91-94 575-220mm 500N(Avant),8A9827552D,77644700,,KEMP
Амортизатор кришки багажника Audi A100 82-90 AVANT580-235mm 470N,445827551,77644756,77644756,KEMP
Амортизатор кришки багажника Audi A100-A6 90-97 404-160mm 390N,77644758,77644758,4A5827552,KEMP
Амортизатор кришки багажника Audi A4 94-00 279-95mm 490N,77644801,77644801,8D5827552,KEMP
Амортизатор кришки багажника Audi A4 Avant  01-> 500-200mm 530N,77647692,77647692,8E9827552E,KEMP
Амортизатор кришки багажника Audi A4 Avant  A3 HB96-01 500-220 420N,77647688,77647688,8D9827552,KEMP
Амортизатор кришки багажника Audi A4 AVANT B7 (8ED) (2004 - 2008) 483.5-160-750N,8E9827552H,77645065,,KEMP
Амортизатор кришки багажника Audi A4 B7 (2004 - 2008) 351-140-480N,8T0827919,77642571,,KEMP
Амортизатор кришки багажника Audi A4 B8 (2007 - 2015) 388-155-480N,8K5827919,77649083,,KEMP
Амортизатор кришки багажника Audi A6 04-11 298-85 730N,77647693,77647693,4F5827552,KEMP
Амортизатор кришки багажника Audi A6 94-97 COMBI 647-279mm 450N,77642875,77642875,4A9827552,KEMP
Амортизатор кришки багажника Audi A6 97-00 278-90mm 630N,77644688,77644688,4B5827552D,KEMP
Амортизатор кришки багажника Audi A6 97-00 COMBI 500-195mm 690N,77644699,77644699,4B9827552C,KEMP
Амортизатор кришки багажника Audi A6 A4 00-05 298-95mm 650N,4B5827552F,77644697,,KEMP
Амортизатор кришки багажника Audi A6 C6 Avant  05-11 490-190-660N,4F9827552C,77642730,,KEMP
Амортизатор кришки багажника Audi A8 02->  403.5-165-310N,77649081,77649081,4D0823551B,KEMP
Амортизатор кришки багажника Audi Q5 11/11-05/17 500-200-600N,8R0827552,77643407,,KEMP
Амортизатор кришки багажника Citroen C-4 04-> 547-158 425N,77647696,77647696,8731J8,KEMP
Амортизатор кришки багажника Citroen C-4 Grand Picasso 06-> 585-190 625N,77647698,77647698,8731N9,KEMP
Амортизатор кришки багажника CITROEN C5 01- 512-200mm 450N,8731F6,77644785,,KEMP
Амортизатор кришки багажника Citroen C8 Peugeot 807 Fiat Ulysse 02-> 632-235 510,77647699,77647699,1489342080,KEMP
Амортизатор кришки багажника Citroen Evasion Peugeot 806 95-02 610-215 600N,77647697,77647697,8731C1,KEMP
Амортизатор кришки багажника Fiat Doblo 01-> 866-345mm 370N,46824070,77644776,77644776,KEMP
Амортизатор кришки багажника Ford Escort H-B 92-98 544-234mm440N,77643537,77643537,6900216,KEMP
Амортизатор кришки багажника Ford Escort kabrio 88-90 sed. 317-118mm300N,77643538,77643538,1621830,KEMP
Амортизатор кришки багажника Ford Escort універсал 83-90 591-239 400N,1632757,77647700,86ABW406A10CA,KEMP
Амортизатор кришки багажника Ford Scorpio універсал 91-98г.565-215 480N,77647701,77647701,6962811,KEMP
Амортизатор кришки багажника Hyundai Tucson 515*180 700N,817712E000,77641072,,KEMP
Амортизатор кришки багажника L425mm висота підйому 165mm 390n,3330137,7764564,,KEMP
"Амортизатор кришки багажника Nemo, Bipper, Fiorino Qubo 2008-> 600-225-670N",8731V0,77643092,,KEMP
Амортизатор кришки багажника Opel Astra H H/B 04-> 425-165mm450N,132743,77644790,,KEMP
Амортизатор кришки багажника Opel AstraH Caravan 04-> 473-184mm570N,132757,77644791,,KEMP
Амортизатор кришки багажника Opel Kadet E Caravan 84-91 699-257mm610N,90159629,77644794,,KEMP
Амортизатор кришки багажника Opel Kadet E Caravan 87-91 700-257mm 320N,90241995,77644795,,KEMP
Амортизатор кришки багажника Opel Kadet E H B 84-91 549-222mm 410N,132703,77644793,90191627,KEMP
Амортизатор кришки багажника Opel Omega 91-94 180N 20-37см,77643543,77643543,90273102,KEMP
Амортизатор кришки багажника Opel Omega B Caravan 94-03 507-175mm 610N,132675,77644796,,KEMP
Амортизатор кришки багажника Opel Vectra A 473-184mm 530N,90227934,77644792,,KEMP
Амортизатор кришки багажника Opel Vectra B 98-02 470-182mm 600N,132681,77644797,,KEMP
Амортизатор кришки багажника Porsche Cayenne 03->  253*67  1900N(пружина газова,7L5827550J,77648082,,KEMP
Амортизатор кришки багажника Renault Logan II MCV 13-> 555*215 455n,904527457R,77648234,,KEMP
Амортизатор кришки багажника Skoda Fabia 2 (2006 - 2015) 492-195-440N,5J6827550B,77641390,,KEMP
Амортизатор кришки багажника Skoda Fabia HB-Combi 98-> 440-169mm600N,77644803,77644803,6Y0827550A,KEMP
Амортизатор кришки багажника Skoda Fabia sedan 01-> 279-95mm 490N,77644800,77644800,6Y5827550A,KEMP
Амортизатор кришки багажника Skoda Fabia sedan 99->500N 16-28см,6Y5827550A,77643545,31653,KEMP
Амортизатор кришки багажника Skoda Octavia A5 04->Combi 492-189 480N,77647703,77647703,1Z9827550,KEMP
Амортизатор кришки багажника Skoda Octavia combi 98--04 405-150mm 550N,77644809,77644809,1U9827550A,KEMP
Амортизатор кришки багажника Skoda Octavia sedan 00-04 495-198mm 500N,77643546,77643546,1U6827550E,KEMP
Амортизатор кришки багажника Skoda Octavia sedan 00-10 495-182mm 565N,77644808,77644808,1U6827550H,KEMP
Амортизатор кришки багажника Skoda ROOMSTER 06-> 420-151 600N,77647704,77647704,5J7827550,KEMP
Амортизатор кришки багажника Volkswagen T-Roc 07-17 575*185*620n,2GA827550C,77647048,,KEMP
Амортизатор кришки багажника VW CaddY 04->720-183mm 870N,77643548,77643548,2K0827550,KEMP
Амортизатор кришки багажника VW Golf 3 500-208mm 350N,1H6827550A,77644814,77644814,KEMP
Амортизатор кришки багажника VW Golf 3 variant 585-235mm 360N,1H9827550A,77644815,,KEMP
Амортизатор кришки багажника VW GOLF VI 438.5-175-550N,5K6827550B,77641468,,KEMP
Амортизатор кришки багажника VW GOLF VII (2012 - 2020) 531-195-520N,5G6827550C,77648269,,KEMP
Амортизатор кришки багажника VW Golf4+Vari BoraVari PassatVari97- 500-205mm 500N,77644816,77644816,1J6827550C,KEMP
Амортизатор кришки багажника VW Passat B2  480N  31-54см,321827550F,77643320,,KEMP
Амортизатор кришки багажника VW Passat B5 00- Superb 279-95mm520N,77644810,77644810,3B5827550E,KEMP
Амортизатор кришки багажника VW Passat B5 96-00 Bora98- 279-90mm 530N,77644811,77644811,3B5827550A,KEMP
Амортизатор кришки багажника VW Passat B5 96-00 Bora98- 279-95mm 490N,77644802,77644802,3B5827550,KEMP
Амортизатор кришки багажника VW Passat B5 variant 97-00 500-205mm 470N,77644819,77644819,3B9827550,KEMP
Амортизатор кришки багажника VW Passat B6 B7 05-> 374-145-420N,3AE827550A,77641507,3C5827550A,KEMP
Амортизатор кришки багажника VW Passat B6 variant (2005 - 2010) 450-180-550N,3C9827550,77641467,,KEMP
Амортизатор кришки багажника VW Passat B7 variant 10-> 453-175-580N,3AF827550B,77645136,,KEMP
Амортизатор кришки багажника VW Passat Polo 01- 500-200mm 400N,6Q6827550C,77644820,,KEMP
Амортизатор кришки багажника VW Sharan Ford Galaxy (2010 - 2023) 542-175-740N,7N0827550,77646008,77646008,KEMP
Амортизатор кришки багажника VW Sharan Ford Galaxy 00-> 593-200mm 830N,7M0827550G,77644821,,KEMP
Амортизатор кришки багажника VW TIGUAN (2007 - 2018) 521-210-475N,5N0827550,77641465,,KEMP
Амортизатор кришки багажника VW Touareg 3.0-4.2  10-> 594*190*605N,7P6827550,77647827,7P6 827 550,KEMP
Амортизатор кришки багажника VW Touran770N  505mm,1T0827550A,77644359,,KEMP
Амортизатор кришки багажника VW Transporter T1 T2 T3 ->92г.512-197 610N,77647706,77647706,251829331A,KEMP
Амортизатор кришки багажника VW Transporter T4 90-92 570-225mm 910N,701829331J,77644824,,KEMP
Амортизатор кришки багажника VW Transporter T5 03-> 755-210mm 1080N,7H0827550B,77644830,,KEMP
Амортизатор кришки багажника VW Transporter T5 03-> 755-210mm 1130N,7H0827550,77644828,,KEMP
Амортизатор кришки багажника VW Vento 91-97 260-91mm 690N,77643552,77643552,1H5827550,KEMP
Амортизатор крышки багажника  Peugeot Partner Berlingo 96-> 700-244mm 670N,8731.E0,77644763,,KEMP
Амортизатор крышки багажника Audi A100-A6 90-97 I   220-410 mm 390N,4A5827552,77642965,17752,KEMP
Амортизатор крышки багажника Audi A6 97-00 COMBI Allroad -05 480-180-690N,77649082,77649082,4B9827552N,KEMP
Амортизатор крышки багажника Chery Amulet,A11-5605010BA,77641794,,KEMP
Амортизатор крышки багажника Fiat Stilo 01- 502-200mm 270N,46784590,77644813,,KEMP
Амортизатор крышки багажника Opel Vivaro Renault  Trafic 905-307mm730N,4414419,77644798,,KEMP
Амортизатор крышки багажника Opel Vivaro Renault Trafic 730N  58-91см,4414419,77643439,,KEMP
Амортизатор крышки багажника Peugeot Partner 96-> 660N   420-700mm,8731.E0,77643544,,KEMP
Амортизатор крышки багажника Renault Kango 98- 690-280mm 630N,7700303186,77644799,,KEMP
Амортизатор крышки багажника VW Golf 2  502-200mm 270N,77644812,77644812,191827550B,KEMP
Амортизатор крышки багажника VW Golf 3 350N  27-50см,1H6827550,77643441,,KEMP
Амортизатор крышки багажника VW Golf5 03- 450-168mm 535N,1K6827550D,77644817,,KEMP
Амортизатор крышки багажника VW JETTA IV (2008 - 2023) 489-165-110N,5C6827550,77648308,,KEMP
Амортизатор крышки багажника VW Passat B3/4 variant 88-97 515-210mm 500N,77644818,77644818,3A9827550,KEMP
Амортизатор крышки багажника VW Sharan Ford Galaxy 95->  790N  36-59см,95VW442K08AE,77643541,,KEMP
Амортизатор крышки багажника VW Touareg  (2002 - 2010)  317-100-550N,7L6845587,77647939,,KEMP
Амортизатор крышки багажника VW Touareg 03->  316*71  1860N(пружина газовая,7L6827550N,77647724,034403,KEMP
Амортизатор крышки багажника VW Transporter T4 92- 686-255mm 770N,701829331R,77644825,,KEMP
Амортизатор крышки багажника VW Transporter T4 92- 686-255mm 910N,77644826,77644826,701829331AB,KEMP
Амортизатор крышки багажника VW Transporter T5 03->970N  215-755mm,8195046,77643290,12-0135,KEMP
Амортизатор люка на дахові DOBLO 01>240-74mm 300N,46826216,77644777,,KEMP
Амортизатор передний  Citroen C-4 Picasso Grand Picasso Peugeot 308 06-> газ L,77647297,77647297,314742/3316580384E,KEMP
Амортизатор передний  Citroen C-4 Picasso Grand Picasso Peugeot 308 06-> газ L,314 742,77647883,3316580384E,KEMP
Амортизатор передний  Citroen C-4 Picasso Grand Picasso Peugeot 308 06-> газ R,314 743,77647884,3316580704E,KEMP
Амортизатор передний  Dacia Duster (HS) (2010 - 2020),315360,77648785,543026656R,KEMP
Амортизатор передний  Fiat Scudo Citroen Jumpi 07-> L,314 032,77646894,,KEMP
Амортизатор передний  Fiat Scudo Citroen Jumpi 07-> R,314 033,77646895,,KEMP
Амортизатор передний  Ford Escort  95 -- (газ),200 376,77646896,333826,KEMP
Амортизатор передний  правыйвый Hyundai   Tucson KIA Sportage  04-10,314995,77648789,546612E500,KEMP
Амортизатор передний Chevrolet Aveo   R c ABS  (газ.),77648331,77648331,314767 G,KEMP
Амортизатор передний Chevrolet Lachetti   R,77641567,77641567,313467/96407820,KEMP
Амортизатор передний Citroen Nemo Fiat Fiorino Qubo Peugeot Bipper  08-> L,315 125,77646897,,KEMP
Амортизатор передний Daewoo Sens Lanos Nexia (газ),77644008,77644008,100678,KEMP
Амортизатор передний Fiat Doblo 10->Opel Combo 12-> L,315 372,77646899,51880837,KEMP
Амортизатор передний Fiat Doblo 10->Opel Combo 12-> R,77646449,77646449,315373,KEMP
Амортизатор передний Fiat Doblo 10->Opel Combo 12-> R,315 373,77646900,51864631,KEMP
Амортизатор передний Fiat Ducato Boxer Jamper 06- газ,77648482,77648482,314708/50707078,KEMP
Амортизатор передний Fiat Ducato Boxer Jamper 94-06 1800kg газ,77648319,77648319,280977,KEMP
Амортизатор передний Fiat Ducato Boxer Jamper 94-06 газ,280 975,77646901,,KEMP
Амортизатор передний Ford Escort 80-90  масло,7764614,7764614,100524,KEMP
Амортизатор передний Ford Escort 80-90  масло,100 524,77646902,,KEMP
Амортизатор передний Ford Focus  2 C-Max 04->RH газ,77646453,77646453,313287,KEMP
Амортизатор передний Ford Focus  2 C-Max 04->RH газ,313 287,77646904,1440886,KEMP
Амортизатор передний Ford Focus  3 C-Max 10-> LH газ,315 469,77647885,1693276,KEMP
Амортизатор передний Ford Focus  3 C-Max 10-> RH газ,315 470,77647886,1689386,KEMP
Амортизатор передний Ford Fusion 02->  LH газ,314 677,77646905,1329535,KEMP
Амортизатор передний Ford Fusion 02->  RH газ,77646455,77646455,314678,KEMP
Амортизатор передний Ford Mondeo 2000 --,312 937,77647887,335922/339758,KEMP
Амортизатор передний Ford Scorpio 85 --- (газ),77646088,77646088,312288,KEMP
Амортизатор передний Ford Scorpio 85 --- (газ),312 288,77648130,,KEMP
Амортизатор передний Ford Scorpio 85 --- (масло),77641032,77641032,100620,KEMP
Амортизатор передний Ford Scorpio 85 --- (масло),100 620,77646907,634015,KEMP
Амортизатор передний Ford Sierra 1.6-1.8-2.0 82-93  масло,115 481,77646908,,KEMP
Амортизатор передний Ford Transit 2.2TDCI 06->,77645313,77645313,313501/335819,KEMP
Амортизатор передний Ford Transit 77-92 газ,230 803,77647924,635001,KEMP
Амортизатор передний Ford Transit 92-00 масло,115 287,77647925,,KEMP
Амортизатор передний Ford Transit Connect 02->L,290 840,77646909,334630,KEMP
Амортизатор передний Ford Transit Connect 02->R,290 839,77646910,334629,KEMP
Амортизатор передний MB  W210,124 390,77648122,2103234900,KEMP
"Амортизатор передний MB 124, 190 83-97 газ",115 070,77646911,,KEMP
Амортизатор передний MB 140 91-99  газ,312 264,77648129,,KEMP
Амортизатор передний MB 203 02-07 газ,77648320,77648320,300138,KEMP
Амортизатор передний MB 207-310 82-.95г. масло,101 496,77646912,601 320 07 30,KEMP
Амортизатор передний MB 609-814 Vario масло,112 370,77646913,,KEMP
"Амортизатор передний MB Sprinter (906) 3t 3,5t VW Crafter 30-50 06->",314 421,77646914,331701,KEMP
Амортизатор передний MB Sprinter (906) 3t 4.6t VW Crafter 30-50 06->,77645321,77645321,314422/331702,KEMP
Амортизатор передний MB Sprinter 208D-314   стойка,7764758,7764758,115906,KEMP
Амортизатор передний MB Sprinter 208D-314   стойка,115 906,77646915,,KEMP
Амортизатор передний MB Sprinter 208D-314   стойка(усиленный),77648249,77648249,115907,KEMP
Амортизатор передний MB Sprinter 408D-414   стойка,115 904,77647926,,KEMP
Амортизатор передний MB Vito 639 Viano 10->,77646450,77646450,314885,KEMP
Амортизатор передний MB Vito 639 Viano 10->,314 885,77646916,639 320 69 13,KEMP
Амортизатор передний MB Vito 639 Viano газ,311 645,77646917,335931,KEMP
Амортизатор передний MB Vito газ.   стойка,7764846,7764846,310016,KEMP
Амортизатор передний MB Vito газ.   стойка,310 016,77647927,,KEMP
Амортизатор передний Opel Astra G   L газ,230 575,77647928,,KEMP
Амортизатор передний Opel Astra G  R газ,230 574,77647929,,KEMP
Амортизатор передний Opel Astra H L 04->газ .,77646968,77646968,313480,KEMP
Амортизатор передний Opel Astra H L 04->газ .,313 480,77647930,,KEMP
Амортизатор передний Opel Astra H R 04->газ .,77646969,77646969,313478,KEMP
Амортизатор передний Opel Astra H R 04->газ .,313 478,77647931,,KEMP
Амортизатор передний Opel Corsa C Combo Meriva 00-10  R газ,77648228,77648228,290385,KEMP
Амортизатор передний Opel Insignia L 08->газ .,315 437,77647888,334966,KEMP
Амортизатор передний Opel Insignia R 08->газ .,315 438,77647889,334965,KEMP
Амортизатор передний Opel Omega 86-94  L/R газ,312 286,77646918,,KEMP
Амортизатор передний Opel Omega 86-94 R  масло,312 283,77646919,100686,KEMP
Амортизатор передний Opel Omega B 94-03г. L/R  газ,115 883,77647932,312294,KEMP
Амортизатор передний Opel Vektra B 95- 02г.  L.газ,312 317,77647933,,KEMP
Амортизатор передний Opel Vektra B 95- 02г.  R.газ,312 320,77647934,,KEMP
Амортизатор передний Peugeot Expert 806 Fiat Scudo Citroen Jumpi 98->,310 767,77646920,,KEMP
Амортизатор передний Peugeot Partner  Berlingo 08-> газ L,77646445,77646445,314886,KEMP
Амортизатор передний Peugeot Partner  Berlingo 08-> газ L,314 886,77646921,5208.87,KEMP
Амортизатор передний Peugeot Partner  Berlingo 08-> газ R,77646446,77646446,314888,KEMP
Амортизатор передний Peugeot Partner  Berlingo 08-> газ R,314 888,77646922,5208.88,KEMP
Амортизатор передний Peugeot Partner Berlingo 306 Xsara 96-08 газ R 600kg,77643933,77643933,200456/333729,KEMP
Амортизатор передний Renault Clio 2 98-> 52mm,230 271,77647890,333707,KEMP
Амортизатор передний Renault Clio 2 98-> 58mm,230 275,77647891,230 275/333743,KEMP
Амортизатор передний Renault Kangoo 08>,315 297,77646923,8200868516,KEMP
Амортизатор передний Renault Kangoo 97-08 масло,230 380,77646924,333848,KEMP
Амортизатор передний Renault Laguna 3,77646444-34,77646444,339704,KEMP
Амортизатор передний Renault Laguna 3,317 420,77646881,339704,KEMP
Амортизатор передний Renault Master2 Movano 98- газ,200 775,77646926,344306,KEMP
Амортизатор передний Renault Megane 2  02-> газ,77647309,776467309,310054/333718,KEMP
Амортизатор передний Renault Megane 2  02-> газ,310 054,77647892,333718,KEMP
Амортизатор передний Renault Megane 3  08-> газ,77646680,77646680,315294,KEMP
Амортизатор передний Renault Megane 3  08-> газ,315 294,77646927,339724,KEMP
Амортизатор передний Renault Trafic 01- (масло),7701066477,77645813,335803,KEMP
Амортизатор передний Renault Trafic 01- газ,77643925,77643925,312655,KEMP
Амортизатор передний Renault Trafic 01- газ,312 655,77646928,335803,KEMP
Амортизатор передний газовыйMercedes Benz W210,3134,,2103232500,KEMP
Амортизатор передний левый Hyundai   Tucson KIA Sportage  04-10,314994,77648788,546512E500,KEMP
Амортизатор передні  Toyota Land Cruiser PRADO 120  J12 02->,312214,77648795,48510-69165,KEMP
Амортизатор передній  Citroen C-4  Peugeot 307 02-> газ L,77648479,77648479,290959/5202.CY,KEMP
Амортизатор передній  Citroen C-4  Peugeot 307 02-> газ R,77648478,77648478,290960/5202.EC,KEMP
Амортизатор передній  Citroen C-4 Picasso Grand Picasso Peugeot 308 06-> газ R,77647298,77647298,314743/3316580704E,KEMP
Амортизатор передній  Fiat Scudo Citroen Jumpi 07-> L,77646438,77646438,314032,KEMP
Амортизатор передній  Fiat Scudo Citroen Jumpi 07-> R,77646439,77646439,314033,KEMP
Амортизатор передній  Hyundai Sonata (Y-3) (1993 - 1998),200711,77648807,54650-34300,KEMP
Амортизатор передній  лівий  Mitsubishi Lancer Х  (2007 - 2020),315330,77648797,4060A241,KEMP
"Амортизатор передній  лівий  Mitsubishi Lancer Х  18"" (2007 - 2020)",315192,77648799,4060A205,KEMP
Амортизатор передній  лівий  Toyota Camry (V40) (2006 - 2011),313451,77648792,4852080090,KEMP
Амортизатор передній  лівий  Toyota Prius (ZVW30) (2009 - 2015),339243,77648802,4852080228,KEMP
Амортизатор передній  правий  Mitsubishi Lancer Х  (2007 - 2020),315331,77648798,4060A242,KEMP
"Амортизатор передній  правий  Mitsubishi Lancer Х  18"" (2007 - 2020)",315193,77648800,4060A206,KEMP
Амортизатор передній  правий  Toyota Camry (V40) (2006 - 2011),313450,77648793,4851009M90,KEMP
Амортизатор передній  правий  Toyota Prius (ZVW30) (2009 - 2015),339242,77648803,4851080490,KEMP
Амортизатор передній Audi A4 (B6:B7) 00-08,77645318,77645318,558297/341299,1 AUDI
Амортизатор передній Audi A4 (В6) 00-04,312783,77648805,8E0 513 033,KEMP
Амортизатор передній Chevrolet Aveo    L без ABS  (масло.),77641570,77641570,96534981Y,KEMP
Амортизатор передній Chevrolet Aveo    R без ABS (масло.),77641571,77641571,96534982Y,KEMP
Амортизатор передній Chevrolet Aveo   L c ABS  (масло.),77641294,77641294,314766/96534981Q/G,KEMP
Амортизатор передній Chevrolet Aveo   R c ABS  (масло.),77641295,77641295,314767/96534982Q/G,KEMP
Амортизатор передній Chevrolet Aveo L c ABS (газ.),77648330,77648330,314766 G,KEMP
Амортизатор передній Chevrolet Lachetti    L,77641566,77641566,313466/96407819,KEMP
Амортизатор передній Citroen Nemo Fiat Fiorino Qubo Peugeot Bipper  08-> L,77646441,77646441,315125,KEMP
Амортизатор передній Citroen Nemo Fiat Fiorino Qubo Peugeot Bipper  08-> R,77646442,77646442,315126,KEMP
Амортизатор передній Dacia Logan 04- газ,77643926,77643926,312827/30-G57-A,KEMP
Амортизатор передній Daewoo Nubira 99->г. L.,77642035,77642035,290175/96253932,KEMP
Амортизатор передній Daewoo Nubira 99->г. R.,77642036,77642036,290174/96253931,KEMP
Амортизатор передній Daewoo Sens Lanos Nexia (масло),77644007,77644007,100338,KEMP
Амортизатор передній Fiat Doblo 01-09 газ,77643922,77643922,290024/32-H15-A,KEMP
Амортизатор передній Fiat Doblo 10->Opel Combo 12-> L,77646448,77646448,315372,KEMP
Амортизатор передній Fiat Ducato Boxer Jamper 94-06 газ,77643919,77643919,280975,KEMP
Амортизатор передній Ford Escort 90 -- з важкою стабіліз,77641038,77641038,115151/333821,KEMP
Амортизатор передній Ford Escort 95 --,77641039,77641039,200376,KEMP
Амортизатор передній Ford Fiesta 95 --,77641043,77641043,290685,KEMP
Амортизатор передній Ford Fiesta 95 -- (газ),77646081,77646081,290686,KEMP
Амортизатор передній Ford Focus  2 C-Max 04-> LH газ,77646452,77646452,313283,KEMP
Амортизатор передній Ford Focus  3 C-Max 10-> LH газ,77647302,77647302,315469/1693276,KEMP
Амортизатор передній Ford Focus  3 C-Max 10-> RH газ,77647303,77647303,315470/1689386,KEMP
Амортизатор передній Ford Focus 98 -- LH газ,77641046,77641046,230710/333709R,KEMP
Амортизатор передній Ford Focus 98 -- RH газ,77641045,77641045,230709/333710L,KEMP
Амортизатор передній Ford Fusion 02->  LH газ,77646454,77646454,314677,KEMP
Амортизатор передній Ford Mondeo 2000 --,77641041,77641041,312937,KEMP
Амортизатор передній Ford Sierra 1.6-1.8-2.0 82-93  масло,7764612,7764612,115481,KEMP
Амортизатор передній Ford Sierra 1.6-1.8-2.0 82-93 газ,115482,77648329,,KEMP
Амортизатор передній Ford Transit 2000 --->(пильник відбійник),77641036,77641036,230965/335804,KEMP
Амортизатор передній Ford Transit 77-92 газ,77643929,77643929,230803/635001,KEMP
Амортизатор передній Ford Transit 92-00 масло,7764616,7764616,115287,KEMP
Амортизатор передній Ford Transit Connect 02->L,77645319,77645319,290840,KEMP
Амортизатор передній Ford Transit Connect 02->R,77645320,77645320,290839,KEMP
"Амортизатор передній Honda Accord (CL, CM) (2003 - 2008)",313866,77648772,51605SEAE03,KEMP
Амортизатор передній Hyundai H1 (97-07),230441,77648776,54310-4A500,KEMP
Амортизатор передній Hyundai Sonata 04-10,314691,77648777,546113K130,KEMP
"Амортизатор передній Mercedes  124, 190 83-97 газ",776414,776414,115070,KEMP
Амортизатор передній Mercedes  W210,77647456,77647456,124390/2103234900,KEMP
Амортизатор передній Mercedes 123 газ,77643909,77643909,101705,KEMP
Амортизатор передній Mercedes 140 91-99  газ,77643913,77643913,312264,KEMP
Амортизатор передній Mercedes 207-310 82-.95г. масло,77646435,77646435,101496,KEMP
Амортизатор передній Mercedes 407-410 82-.95г. масло,77642027,77642027,106322,KEMP
Амортизатор передній Mercedes 609-814 Vario масло,77643146,77643146,112370,KEMP
Амортизатор передній Mercedes A (W168) (1997 - 2004),553667,77648768,A168320313064,KEMP
Амортизатор передній Mercedes C (W202) (1993 - 2000),170450,77648779,202 323 05 00,KEMP
"Амортизатор передній Mercedes Sprinter (906) 3t 3,5t VW Crafter 30-50 06->",77645322,77645322,314421,KEMP
Амортизатор передній Mercedes Sprinter 408D-414   стійка,77642194,77642194,115904,KEMP
Амортизатор передній Mercedes Sprinter 408D-414 (посилена спарка) стійка,77648252,77648252,115905,KEMP
Амортизатор передній Mercedes Vito 639 Viano газ,77643931,77643931,311645,KEMP
Амортизатор передній Mitsubishi Lancer IX 03->,313849,77648754,MR589639,KEMP
Амортизатор передній Opel Astra G   L газ,7764760,7764760,230575,KEMP
Амортизатор передній Opel Astra G  R газ,7764759,7764759,230574,KEMP
Амортизатор передній Opel Corsa C Combo Meriva 00-10 L газ,77648229,77648229,290386,KEMP
Амортизатор передній Opel Insignia L 08->газ .,77647305,77647305,315437/334966,KEMP
Амортизатор передній Opel Insignia R 08->газ .,77647306,77647306,315438/334965,KEMP
Амортизатор передній Opel Omega 86-94  L/R газ,77642193,77642193,312286,KEMP
Амортизатор передній Opel Omega 86-94 L  масло,7764613,7764613,312282/100685,KEMP
Амортизатор передній Opel Omega 86-94 R  масло,77645051,77645051,312283,KEMP
Амортизатор передній Opel Omega B 94-03г. L/R  газ,77642186,77642186,115883/312294,KEMP
Амортизатор передній Opel Vektra B 95- 02г.  L.газ,77642339,77642339,312317,KEMP
Амортизатор передній Opel Vektra B 95- 02г.  R.газ,77642340,77642340,312320,KEMP
Амортизатор передній Opel Vektra C  02->г.  L.газ,77642031,77642031,290218,KEMP
Амортизатор передній Opel Vektra C  02->г.  R.газ,77642032,77642032,290219,KEMP
Амортизатор передній Peugeot 301Citroen C-Elysee 12-> газ L,77647295,77647295,3338001/9805824480,KEMP
Амортизатор передній Peugeot 301Citroen C-Elysee 12-> газ R,77647296,77647296,3338000/9805824380,KEMP
Амортизатор передній Peugeot 405 305 масло,77643906,77643906,110897,KEMP
Амортизатор передній Peugeot Expert 806 Fiat Scudo Citroen Jumpi 98->,77645324,77645324,310767,KEMP
Амортизатор передній Peugeot Partner  Berlingo 306 Xsara 96-08 газ L 800kg,77643911,77643911,200459/633839,KEMP
Амортизатор передній Peugeot Partner  Berlingo 306 Xsara 96-08 газ R 800kg,77643910,77643910,200463/633338,KEMP
Амортизатор передній Peugeot Partner Berlingo 306 Xsara 96-08 газ L 600kg,77643932,77643932,200448/333730,KEMP
Амортизатор передній Renault Clio 2 98-> 52mm,77647300,77647300,230271/333707,KEMP
Амортизатор передній Renault Clio 2 98-> 58mm,77647301,77647301,230275/333743,KEMP
Амортизатор передній Renault Kangoo 08>,77646434,77646434,315297,KEMP
Амортизатор передній Renault Kangoo 97-08 масло,77643927,77643927,230380,KEMP
Амортизатор передній Renault Master2 Movano 98- газ,77643935,77643935,200775,KEMP
Амортизатор передній Renault Master3 Movano 10-> газ,77646436,77646436,335835/543020044R,KEMP
Амортизатор передній Renault Megane 2 (пакет погані дороги)02-> газ,77647310,776467310,338712/8200335195,KEMP
Амортизатор передній Volkswagen Sharan Ford Galaxy Seat Alhambra,200419,77648770,7M0413031G,KEMP
Амортизатор передній VW Golf-2 84-91 газ (стійка),77642116,77642116,115159/334810,KEMP
Амортизатор передній VW Transporter T-5 газ.,77641702,77641702,313327,KEMP
Амортизатор передній лівий Ford Fiesta 01-08 Mazda 2 03-07,314679,77648748,2S61-18146-DA,KEMP
Амортизатор передній лівий Hyundai H-1 07->,314892,77648740,S553612E501,KEMP
Амортизатор передній лівий KIA Rio (DE) (2005 - 2011)Hyundai Accent 05-10,313517,77648764,54650-1E300,КЕМР
Амортизатор передній лівий KIA Sorento 02-06,313523,77648757,54630-3E031,KEMP
Амортизатор передній лівий Mazda 6 02-07,313855,776487447,GM9A-34-900C,KEMP
Амортизатор передній лівий Mitsubishi Colt (Z3A) (2004 - 2008),313188,77648751,MR 594023,KEMP
Амортизатор передній лівий Nissan X-Trail 07-14 Renault Koleos 08-20,314043,77648781,54303JY01B,KEMP
Амортизатор передній лівий Toyota Auris Toyota Corolla 06->,315012,77648743,4852080392,KEMP
Амортизатор передній правий Ford Fiesta 01-08 Mazda 2 03-07,314680,77648749,2S61-18145-DA,KEMP
Амортизатор передній правий Hyundai H-1 07->,314893,77648741,546604H650,KEMP
Амортизатор передній правий KIA Rio (DE) (2005 - 2011)Hyundai Accent 05-10,313518,77648765,54660-1E300,КЕМР
Амортизатор передній правий KIA Sorento 02-06,313524,77648758,54640-3E031,KEMP
Амортизатор передній правий Mazda 6 02-07,313854,776487446,GM9A-34-700C,KEMP
Амортизатор передній правий Mitsubishi Colt (Z3A) (2004 - 2008),313189,77648752,MR 594024,KEMP
Амортизатор передній правий Nissan X-Trail 07-14 Renault Koleos 08-20,314042,77648782,54302JY01B,KEMP
Амортизатор передній правий Toyota Auris Toyota Corolla 06->,315013,77648744,4851080698,KEMP
Амортизатор передньої підвіски лівий Daewoo Matiz (KLYA) 98->,314215,77648760,96316746,KEMP
Амортизатор передньої підвіски правий Daewoo Matiz (KLYA) 98->,314216,77648761,96316745,KEMP
Амортизатор ремня ГРМ Audi A4 A6 VW Passat B5 1.8;1.8T 20V 96-00,058109479,77643823,533003220,KEMP
Амортизатор рулевого управления MB 123;126;115;116;107,0004635132,77645338,,KEMP
Амортизатор рулевого управления MB 201;202;124; 85-00г.,1244630432,77642936,,KEMP
Амортизатор. Mercedes DB Sprinter 208D-314 передній (масло) стійка,115906M,77641031,,KEMP
Антена електрична універсальна,,77641340,,KEMP
Барабан тормозной Daewoo Lanos Nexia с ABS,96175281,77642738,1304006,KEMP
"Бачек розширительный Audi-100, ->90г.Audi A80 86-91г.",8A0121403A,77644938,,KEMP
"Бачек розширительный Audi-100, A6 91-97",4A0121403,7764539,,KEMP
Бачек розширительный VW Passat Audi A4 96->A6 97->,8D0121403L,77644908,,KEMP
Бачек розширительный VW T5 03->,7H0121407C,77644906,,KEMP
Бачек розширительный VW Transporter T2,025121403A,77644913,,KEMP
"Бачек розширительныйVW Golf,Passat,Transport 84-97 (с датчиком)",1H0121407A,7764492,,KEMP
Бачек розширительныйVW Golf4 Audi A3 Skoda Octavia,1J0121403B,77644902,,KEMP
Бачок г/у  рулю VW Passat В3-B4 88-95,330422371,776428,,KEMP
Бачок омывателя VW T5,9550.06,,7H0959453M,KEMP
Бачок омывателяVW Caddy IV 15->,395 5010,,2K5955453C,KEMP
Бачок розширювальний Audi A6 2.0-3.2 04->,4F0121403N,77644905,,KEMP
Бачок розширювальний Audi A80 91-94г.,8A0121403,77644943,,KEMP
Бачок розширювальний Chery Amulet,A11-1311111BA,77644937,,KEMP
Бачок розширювальний Daewoo Lanos,96182279,77644936,,KEMP
Бачок розширювальний охол. рідини Mercedes 124,1245001749,77642889,,KEMP
Бачок розширювальнийVW Caddy3 Golf5 Passat Audi A3 Skoda Octavia A5,1K0121407A,77644940,,KEMP
"Бачок розширювальнийVW Golf,Passat,Transport 84-97 (без датчика)",1H0121407,77644950,,KEMP
Бегунок трамблера Daewoo Nexia,10495411,77642739,,KEMP
Бегунок трамблера Opel Omega A Vectra A Kadet E 1.8-2.0,1212206,77645405,,KEMP
Бендикс,1006209585,7764588,,KEMP
"Бендикс Audi 80/100/ VW Passat В2 1,6-2,0",1006209503,7764550,,KEMP
Бендикс Audi A3 VW T4 Bora Sharan Octavia 1.9 D TD TDI 96->,1006209628,77641633,,KEMP
Бендикс Audi/ VW,1006209543,7764142,,KEMP
Бендикс Audi/ VW,1006209501,77641628,,KEMP
Бендикс Audi/ VW 1.9-2.3,1006209572,77641625,,KEMP
Бендикс Audi/ VW G1 B2,1006209424,77641627,,KEMP
Бендикс Audi-100 84-/ A-80 92-/ A-4 95-/VW/ Opel,1006209677,7764587,,KEMP
Бендикс Audi-100 84-/ A-80 92-/ A-4 95-/VW/ Opel,1006209500,77641626,,KEMP
Бендикс Daewoo Lanos Nex.Esp.Lan.Leg. 9зуб,10475974,77643048,C-28030,KEMP
Бендикс Daewoo Matiz Lanos 8зуб.,ZN1048,77641632,C-28029,KEMP
Бендикс Ford Fiesta Fusion 2001-> Focus,118486,77644169,,KEMP
Бендикс Ford Sierra  Escort 1.8D/TD,18361,77644168,,KEMP
Бендикс Ford Sierra Scorpio Escort (10 зубов),ZNP-18028,77644167,,KEMP
Бендикс Ford Sierra Scorpio Escort (10 зубов),1006209429,77645292,DP547,KEMP
Бендикс Ford Transit 2.5D 96->Motorcraft,18405,77642727,,KEMP
Бендикс Ford Transit 2001->  V184 (3 части),18355/18402,77642728,,KEMP
Бендикс MB OM 616;617 Diz.MB207-409 W123,2006209500,77643810,,KEMP
Бендикс Mercedes 126:W124:W140 4.2;5.0,1006209539,77643809,,KEMP
Бендикс Mercedes 2.0-3.0 Diz.,1006209523,77641631,,KEMP
Бендикс Opel Ford Fiat,1006209634,77641630,,KEMP
"Бендикс VW Golf 2/VW Passat В3 1,9D/1,9TD",1006209552,77644341,02A911335 B,KEMP
"Бендикс VW Golf 2/VW Passat В3 1,9D/1,9TD",1006209552,7764146,02A911335 B,KEMP
"Бендикс VW Golf-2-3  1,4-1,6 / VW Passat В5 2,3",1006209584,7764145,053911335,KEMP
Бендикс VW Golf-2-3 1.6-2.0 VW Passat VW T4 АКП,1006209918,77643808,,KEMP
"Бендикс VW Passat B3  88-93 1,6-2,0 бензин",1006209579,7764549,,KEMP
Бендікс VW T4 96-03 Skoda Fabia Octavia Audi A3 1.4-1.9TDI,1006209699,77641437,,KEMP
Бензонасос  Audi 80-100  VW G1-2 Pas.B2 B3 1.6-1.8  механ 4 цил,026127025A,77642145,,KEMP
Бензонасос  Audi 80-100  VW G1-2 Pas.B2 B3 1.6-1.8  механ 4 цил,026127025,7764463,,KEMP
Бензонасос  електро  підвісний Opel Ascona  Vectra A Omega  A 1.8-2.4,0580464008,77643863,,KEMP
Бензонасос Chery Amulet електрический в сборе,A11-1106610DA,77641767,,KEMP
Бензонасос Ford Escort CVH  (  3 виходи ) механічний,6171967,77641159,2655,KEMP
Бензонасос Ford Escort OHV  -- 89 г механический (2 вых),1475926,77641160,1658043,KEMP
Бензонасос Ford ОНС  механічний (не розбірний),69EN9350BA,77641158,148,KEMP
Бензонасос Ford ОНС механічний (розбірний),1475240,77642146,148,KEMP
Бензонасос Opel Kadet Ascona 1.3 1.6 (розбірний ),25066191,77642166,QFP141,KEMP
Бензонасос Opel Kadet Ascona 1.6 -2.0 (не розбірний),90295725,77642163,90296488,KEMP
Бензонасос електрический Daewoo Lanos Nexia,96350078,77642961,4495820,KEMP
"Бензонасос електро з колбою занурювальний  А100/A6 91-96 2,3",721651600,7764748,,KEMP
Бензонасос електро занурювальний (підкачувальний 024bar)VW Gjl.Pas.GTI,191906092A,77641314,,KEMP
Бензонасос електро занурювальний (у колбу) VW Gol.2 1.8 GTI Tol.2.0i,191906090 Pierburg,77641315,700240000,KEMP
Бензонасос електро занурювальний (у колбу) VW Gol.2 1.8 GTI Tol.2.0i,0580453922,77643236,0580453914,KEMP
Бензонасос електро занурювальний Ford Escort  (моноінжектор),,77643120,,KEMP
Бензонасос електро занурювальний Opel Astra F Vectra B 1.2i-1.6 16V,0580453976,77645353,,KEMP
Бензонасос електро занурювальний Opel Astra G Vectra B Omega B 1.6-2.2 i,0580453465,77643864,,KEMP
Бензонасос електро занурювальний Opel Astra Vectra Omega 1.4 16V-2.6V6 3bar.,0580453966,77645351,,KEMP
"Бензонасос електро занурювальний А100/A6 91-96 2.0,2.6-2.8",0580453070,7764798,8A0906091G,KEMP
"Бензонасос електро підвісний  Audi-80 79 -91,WV Ford, Mersedes",0580254957,7764822,,KEMP
"Бензонасос електро підвісний  Audi-80 WV Ford, Mersedes",0580254911,7764818,,KEMP
"Бензонасос електро підвісний Audi-80 79 -91 1.6-2.0, Ford, Mersedes 2,3",0580254910,7764538,,KEMP
"Бензонасос електро підвісний Audi-80-100 79 -91,WV Ford, Mersedes",0580254927,77645352,,KEMP
"Бензонасос електро пригр.Audi A3VWGolf Pas.SkodaOct.Fab.(у корпусі, без датчика",1J0919051K,77647854,E22-041-095Z,KEMP
Бензонасос электро VW Passat B5,1009190057,7764719,8E0906087C,KEMP
"Бензонасос электро погружной  Audi-100 84 -91 2,3",0580254040,776466,0580254019,KEMP
Бензонасос электро погружной Audi A4 1.6-2.8 94-00,8D0906089,77643987,,KEMP
Бензонасос электро погружной Audi A6 VW PassatB5 (с корпусом),8E0906087D,77645399,,KEMP
Бензонасос электро погружной Ford Escort Fiesta FocusScorpio,0580453477,77643992,V25-09-0002,KEMP
Бензонасос электро погружной Ford Focus 2 2004-> C MAX,BZ-333,77644166,,KEMP
Бензонасос электро погружной Opel Astra F Kadet E Vectra A1.4 1.6i (моноижектор),0580453509,77643862,,KEMP
Бензонасос электро погружной без колбы Audi A3 VW Golf 4 Skoda Octavia Fabia,1J0919051B,77645354,,KEMP
Бензонасос электро погружной без колбы VW Passat B3 88-92,0580453012,7764835,,KEMP
"Бензонасос электро погружной без колбы VW Passat B3 92-95, Golf3",1H0906091,7764720,,KEMP
Бензонасос электро с колбой и датчиком  VW Passat В3  88-93,1H0919051AK,7764170,,KEMP
Бензонасос электро с колбой и датчиком Skoda Oktavia/W Golf 4,1G0919051C,7764770,1GD919051B,KEMP
Бігун трамблера   Ford Sierra Scorpio DOHC 89->,1290-14,77643130,,KEMP
Бігун трамблера Daewoo Matiz,93740944,77643139,,KEMP
Бігунок трамблера 5 цил,035905225A,7764418,,KEMP
Бігунок трамблера VW  10.2мм Valeo Ducellier,026905225K,77645404,,KEMP
Бігунок трамблера VW  10мм,052905225C,7764132,,KEMP
Бігунок трамблера VW  14мм,055905225B,776493,026905225,KEMP
"Блок керування склопідіймача Volkswagen Amarok, CC, Golf,",5ND959857,77649066,,KEMP
Блок керування склопідіймача VolkswagenGolf Mk7 Passat B8,5G0959857B,77649075,,KEMP
Блок керування склопідіймача VolkswagenGolf Mk7 Passat B8,5G0959857A,77649076,,KEMP
Блок керування склопідіймача VW Golf Bora  VW Passat B6 1K1,1K4959857B,77649065,,KEMP
Блок керування склопідіймачами VW Golf Bora  VW Passat B5 (9pin),1J4959857,77645653,,KEMP
Блок керування склопідйомниками Audi  A6 Q7 10->  (кнопки Хром),4G0959851B,77647816,4G0 959 851 B,KEMP
Блок керування склопідйомниками Audi A3 A6 Q7 04->,4F0959851,77647815,4FD 959 851 A,KEMP
Блок керування склопідйомниками Audi A4 04->,8E0959851D,77647814,8ED 959 851,KEMP
Блок керування склопідйомниками Audi A4 A5 Q5 07->,8K0959851D,77647800,8K0 959 851 D,KEMP
Блок керування склопідйомниками Audi A4 A5 Q5 07-> (кнопки Хром),8K0959851,77647813,8KD 959 851 A,KEMP
Блок управління ел.вентилятора VWGol.Pas.Ven. AC+,357919506A,77641313,1JD919506A,KEMP
Блок управління світлом VW Passat 10->Audi A3 Q5 Q7 09->,8K0941597B,77647710,,KEMP
Блок управління ск/підймача Fiat Doblo 2009-,735498686,77641336,,KEMP
Блок управління склопідйомниками Renault Scenic/Clio/Laguna 03-,8200060045,77643047,,KEMP
"Болт амортизатора (развала),Sprinter 906 /VW Crafter",WHT002672,77644759,,KEMP
Болт колесный VW,360 1001,,,
Болт колінвала Ford Transit 14*55,6202996,77644179,904F-6A345-AA,KEMP
Болт крепления дверной петли Daewoo Opel (M8 X 26.5),130091,77645309,,KEMP
Болт натяжки генератора VW,034903555B,77641248,,KEMP
Болт натяжного ролика VW,N10675602,77644375,,KEMP
Бортове кільце (пружина) диска вимикання зчеплення VW Golf 1.6-1.8 74-00г.,055141130F,77641020,,KEMP
Брызговик задний правый спарка Mercedes Benz Sprinter 904,8842,,9048820205,KEMP
Брызговики задние к-кт. VW T5,0750.01,,7H0075101,KEMP
Брызговики передние к-кт. VW T5,0750.02,,7H0075111,KEMP
Важіль (з кульовою) передньої Opel Kadet Daewoo Lanos Nex.Espero L,77642694,77642694,OP-WP-5570,KEMP
Важіль (з кульовою) передньої Opel Kadet Daewoo Lanos Nex.Espero R,77642695,77642695,OP-WP-5571,KEMP
"Важіль VW Passat В5,/Audi A4,A6,A8 Skoda 00-05г. передн. низ. L+R конус 16mm",AU-TC-0723,77642693,4B3407151A,KEMP
"Важіль VW Passat В5,/Audi A4,A6,A8 Skoda 00-05г. передн. низ. L+R конус 16mm",4B3407151A,77642924,,KEMP
"Важіль VW Passat В5,/Audi A4,A6,A8 Skoda 95-03 передн. низ. L+R лівий/правий",4D0407151J,77645128,4D0407151J/155P,KEMP
"Важіль VW Passat В5,B6/Audi A4,A6,A8 Skoda 95-05 задн. верх L лівий",8D0407509G,7764466,,KEMP
"Важіль VW Passat В5,B6/Audi A4,A6,A8 Skoda 95-05 задн. верх R правий",8D0407510G,7764467,,KEMP
Важіль передній Peugeot 806 Exspert Fiat Scudo Citroen Jumpi L.,352094,77642519,,KEMP
Важіль передній Peugeot 806 Exspert Fiat Scudo Citroen Jumpi R.,352164,77642520,352183,KEMP
Важіль передній Peugeot Partner Citroen Berlingo L. 08->,3520K8,77646651,3520.K8,KEMP
Важіль передній Peugeot Partner Citroen Berlingo R. 08->,3521G8,77646650,,KEMP
Важіль підвіски передній  Audi A3 Seat Altea Leon Toledo3 VW  L лівий,1K0407151BC,77643956,,KEMP
Важіль підвіски передній  Audi A3 Seat Altea Leon Toledo3 VW  R правий,1K0407152BC,77643957,,KEMP
Важіль підвіски передній  VW Golf 2 84-91г.L/R лівий/правий,191407151A,77642443,,KEMP
"Важіль підвіски передній  VW Golf-4, Bora, Scoda Octavia.L/R лівий/правий",1J0407151A,77642490,,KEMP
Важіль підвіски передній  VW Passat 05->  Tiguan 07-> L/R (алюміній) лівий/прави,3C0407151E,77643958,,KEMP
Важіль підвіски передній  VWGolf 5 Golf+Caddy 3  Oktavia A5 Audi A3,1K0407151M,77643955,,KEMP
"Важіль підвіски передній Audi-100,A6 91-97  передн.  L лівий",4A0407151,77642008,,KEMP
Важіль підвіски передній Cheri Amulet L/R,A11-2909010,77642444,,KEMP
Важіль підвіски передній Ford Scorpio 85-93г. L,5021465,77641871,,KEMP
Важіль підвіски передній Ford Scorpio 85-93г. R,5021464,77641870,,KEMP
Важіль підвіски передній L Chevrolet Aveo (з кульовою),96535081,77643646,9044292,KEMP
Важіль підвіски передній L Chevrolet Lacetti (з кульовою),96391850,77641731,5486006,KEMP
Важіль підвіски передній R Chevrolet Aveo (з кульовою),96535082,77643647,9044293,KEMP
Важіль підвіски передній R Chevrolet Lacetti (з кульовою),96391851,77641732,5486007,KEMP
Важіль підвіски передній Skoda Fabia 00-07 VW Polo 01-08 Fox 05->,6Q0407151E,77643811,,KEMP
Важіль підвіски передної  VW Golf 2 84-91г.L/R лівий/правий,191407153A,77642580,,KEMP
Важіль підвіски передної  VW Passat 05-> Tiguan 07-> L лівий,3C0407151,77642828,,KEMP
Важіль підвіски передної  VW Passat 05-> Tiguan 07->R правий,3C0407152,77642829,,KEMP
Важіль підвіски передньої Audi-100 84-91 передн. R правий,437407152A,776459,,KEMP
Важіль підвіски передньої Audi-100 89 -91 передн. L  19 мм лівий,AU-TC-7163,776457,441407151C,KEMP
Важіль підвіски передньої Audi-100 89 -91 передн. R 19 мм правий,AU-TC-7164,776460,441407152C,KEMP
Вакуум трамблера  VW Golf 2/Passat B2-B3/A80 -92/A100 -91,026905271A,77640007,,KEMP
Вакуум трамблера  VW Golf 2/Passat B2-B3/A80 -92/A100 -91,026905271,77647,1237122419,KEMP
Вакуумний насос Audi A3/A4/A5/Q5 2.0TFSi 08gt VW B-6/B-7/Golf 6/Tiguan/T-5 2.0TS,06J145100C,77647969,,KEMP
Вакуумний насос Audi A4/A5/A6/A7/A8/Q5/Q7 2.8/3.2FSi 3.0T 05 VW Touareg 3.0TFSi,06E145100R,77648621,,KEMP
Вакуумний насос Audi A4/A5/A6/A7/A8/Q7 3.0T 14,06E145100Q,77648622,,KEMP
Вакуумний насос Berlingo/Jumpy/Scudo/Expert/Partner 1.9 D 96->,9630499880,77641481,7.24808.11.0,KEMP
Вакуумний насос Fiat Ducato Boxer Jumper 2.5D/TD 95->г. 6 ручейків,456532,77642149,7.24808.04.0,KEMP
Вакуумний насос Fiat Ducato Boxer Jumper 2.5D/TD 95->г. 6 ручійків  (без гаранті,7.24808.04.0,77649088,(без гарантии),KEMP
Вакуумний насос Peugeot J5 J7 504 Ducato C25 +шків,9350261980,77642150,8091008,KEMP
Вакуумний насос Volkswagen Passat B7 2.5 USA Jetta 2005-2014 2.5L ;,07K145100B,77642169,724807300,KEMP
Вакуумний насос VW Amarok / Crafter 30-50 2.0 TDI,03L145100H,77641261,,KEMP
"Вакуумний насос VW Audi 1,8TFSi 08->",06H145100AE,77648623,701274060,KEMP
Вакуумний насос гальм  Audi A4 A6 A8 2.4 3.2 FSI 04->,06E145100T,77645596,,KEMP
Вакуумний насос гальм Audi A100 A6 A90 2.3 ->96,035145101A,77643899,,KEMP
Вакуумний насос гальм Ford 1.6 HDi 1.6 TDCi  2.0 TDCi   Citroen Berlingo,456570,77641480,3M5Q 2A451 AE,KEMP
"Вакуумний насос гальм Ford Sierra, Scorpio 2.3-2.5D/TD",1645000,77641059,6122312,KEMP
Вакуумний насос гальм Ford TRANSIT (V347/8) (2006 - 2013) 2.2 tdci,BK3Q2A451FA,77641478,703799050,KEMP
Вакуумний насос гальм Ford Transit 2.4;TDCI 00->,1103470,77643905,YC1Q2A451AE,KEMP
"Вакуумний насос гальм Ford, Peugeot, Citroen D/TD(без шківа)",1583157,77642148,7.21114.50.0,KEMP
Вакуумний насос гальм M651 Mercedes Sprinter 906,6512300665,77646903,7.02551.21.0,KEMP
Вакуумний насос гальм M651 Mercedes Sprinter 906,6512300165,77642753,7.02551.28.0,KEMP
Вакуумний насос гальм Mercedes 208 Sprinter Vito 124 210 190 OM 601-602 85-00,0002303165,77643530,0002303665,KEMP
Вакуумний насос гальм Mercedes M642,6422300765,77643659,7.24807.79.0,KEMP
Вакуумний насос гальм Mercedes OM651 C 180CDI C 200 CDI C 250 CDI,6510901700,77648618,702551270,KEMP
Вакуумний насос гальм Mercedes Sprinter W906 2.2 cdi OM 651,6510900005,77643660,7.02551.26.0,KEMP
Вакуумний насос гальм Mercedes Vito 639 Sprinter 906 2.2 cdi 2003-2010 гг,6462300365,77643291,7.24807.08.0,KEMP
Вакуумний насос гальм Mercedes W210 W461 Sprinter OM 602 Vario,0002304365,77643901,,KEMP
Вакуумний насос гальм Mercedes Т1(601) W 123  ОМ615.940 616 617,000230136580,77642749,77642749,KEMP
Вакуумний насос гальм VW 2.0 TDI Skoda 2.0 TDI  Audi A3-Q5 2.0 TDI 08->,03L145100F,77645599,,KEMP
Вакуумний насос гальм VW Golf4 Oktavia Audi A3 1.9TDI SDI 96->,038145101B,77643900,,KEMP
Вакуумний насос гальм VW LT28-46 86->T4 2.4 ->96,075145101A,77643897,,KEMP
Вакуумний насос гальм VW LT28-46 86->T4 2.4/2.5 TDI,074145100A,77643470,074145101A,KEMP
Вакуумний насос гальм VW TRANSPORTER T2 Golf Passat  Audi A80 1.6 D TD,068145101G,77643903,,KEMP
Вакуумний насос гальм VW TRANSPORTER T4 Golf Passat  Audi A80 1.9 D TD,028145101A,77643902,,KEMP
Вакуумний насос гальм VWCaddy3 Golf4 Oktavia Audi A3 1.9 2.0 TDI 00->,038145209N,77645594,,KEMP
Вакуумний насос гальм VWPassat Golf Oktavia Audi A1-A6  2.0 FSI TFSI 04->,06D145100E,77645597,,KEMP
Вакуумний насос гальм VWPassat Oktavia Audi A3-A5 1.8 2.0 TFSI 04->,06H145100AK,77645595,06H145100AD,KEMP
Вакуумний насос гальм VWTransporter T5 2.5 TDI 03-09г.,070145209F,77645598,,KEMP
Вакуумний насос на генераторі Opel Omega A  Record Frontera 2.3D TD,9491337024,77645600,9491145505,KEMP
Вакуумный насос Fiat Ducato Boxer Jumper 2.5D/TD с шкивом,456516,77640346,4565.16,KEMP
Вакуумный насос на генераторе Ford Transit ( LUCAS ),1669395,77641081,864F2A451CC,KEMP
"Вакуумный насос тормозов , Peugeot, Citroen D/TD(без шкива)",1583157,77645239,7.21114.50.0,KEMP
Вакуумный насос тормозов Ford Escort Fiesta Focus Conect 1.8D;TD;TDCI,1119420,77643904,,KEMP
"Вал приводний 2,5TDIVW T5",0A5409343,77646709,4090.04,KEMP
Вал трамблера з балансирами (вак.) A100 5цил.,,77641345,,KEMP
Венец маховика Mercedes Benz M601/602,02.11.007,,1020320205,KEMP
Вентилятор основной Daewoo Lanos AC+,96183756,77641263,,KEMP
Вилка выжима сцепления в КПП Daewoo Nexia Lanos,90372766,77641842,94580796,KEMP
"Вилка выжыма сцепления VW Passat/Audi 100,80 80-88 4х цил",014141701E,7764187,,KEMP
Вимикач заднього ходу (жабка гальмівна) Opel  Opel Kadet Vectra Daewoo,90482454,77645658,,KEMP
Вимикач концевик двері Duster Loga Sandero 06->,7700427640,77648016,,KEMP
Вимикач стоп сигналу  Citroen Berlingo  Peugeot P206 P306 Partner(4pin),9643478880,77648007,,KEMP
"Вимикач стоп сигналу (жаба гальмівна) Opel Opel Kadet Vectra Corsa B, Om",90196375,77642121,,KEMP
Вимикач стоп сигналу (жаба гальмівна) VW/Audi Skoda 96-.,1C0945511A RDW,77645790,1C0945501A,KEMP
Вимикач стоп сигналу (жаба гальмівна)Renault Megane Scenic Fluence (4pin),253200005R,77648981,253209243R,KEMP
Вимикач стоп сигналу (жабка гальмівна) Mercedes  (3+3PIN),0015453109,77649058,,KEMP
Вимикач стоп сигналу (жабка гальмівна) Mercedes  (PIN SILVER-PLATED),0005456909,77649056,2D0945515,KEMP
Вимикач стоп сигналу (жабка гальмівна) Mercedes  Sprinter 901 VW LT 28-45,0005456909,77649055,2D0945515,KEMP
Вимикач стоп сигналу (жабка гальмівна) Mercedes W201:202W124:210,0005457709,77645656,A0005457709,KEMP
"Вимикач стоп сигналу (жабка гальмівна) Opel  Opel Kadet Vectra Corsa B, Om",90059582,77649057,,KEMP
Вимикач стоп сигналу (жабка гальмівна) Opel Opel ASTRA J Chevr. CRUZE,13583976,77649071,,KEMP
"Вимикач стоп сигналу (жабка гальмівна) Renault Logan II, Sandero II 2013-",253206170R,77642313,,KEMP
Вимикач стоп сигналу (жабка гальмівна) VW/Audi Skoda 84-04,191945515B,77643332,191945515,KEMP
Вимикач стоп сигналу (жабка гальмівна) VW/Audi Skoda 96-.,1C0945511A,77642887,,KEMP
Вимикач стоп сигналу (жабка гальмівна) VW/Audi Skoda 96-. vw caddy/t5,1J0945511D,77643331,,KEMP
Вимикач стоп сигналу (жабка гальмівна)CONNECT TRANSIT V347 02-06-09,1223097,77642314,,KEMP
Вимикач стоп сигналу (жабка гальмівна)Renault 05-> (4pin),8200276361,77645660,,KEMP
Вимикач стоп сигналу (жабка гальмівна)Renault Kangoo Trafic  Clio (4pin),7700414988,77645659,414988,KEMP
Вимикач стоп сигналу (жабка гальмівна)Renault Kangoo Trafic  Master (2pin),7700414986,77645657,414986,KEMP
Вимикач стоп сигналу (лягушка гальмівна) Mercedes Vito 638 Sprinter 901,0015452009,77648002,001 545 2009,KEMP
Вимикач стоп сигналу (лягушка гальмівна) Mercedes W211 W219 (2PIN),0015454009,77648008,015454009,KEMP
Вимикач стоп сигналу (лягушка гальмівна) Mercedes W211 W219 (4PIN),0015456709,77648009,0015456709,KEMP
Вимикач стоп сигналу (лягушка гальмівна) VW/Audi Skoda 03-. (4PIN),6Q0945511,77648014,6Q0 945 511,KEMP
Вимикач стоп сигналу (лягушка гальмівна) VW/Audi Skoda 96-. (2PIN),6Q0927189,77648015,6Q0 927 189,KEMP
Вимикач стоп сигналу (лягушка гальмівна) VW/Audi Skoda 96-. (4PIN),7L6945511,77648013,7L 6945 511A,KEMP
Вимикач стоп сигналу (лягушка гальмівна)Renault  Master 3 Megan 2 (4pin),8200168238,77648004,,KEMP
Вимикач стоп сигналу (лягушка гальмівна)Renault  Master2 3 Megan 2 3 (2pin),8200168239,77648005,,KEMP
Вимикач стоп сигналу (лягушка гальмівна)Renault Kangoo Trafic  Master (2pin),8200168240,77648006,,KEMP
Вимикач стоп сигналу Fiat Doblo 09-/Lancia/Tipo,52092117,77649078,,KEMP
Вимикач стоп сигналу Fiat Ducato/Boxer 02- /Doblo,60816500,77649079,453438,KEMP
Вимикач стоп-сигналу (жаба гальмівна) Mercedes Vito 639 Sprinter 906,0015453809,77647975,001 545 3809,KEMP
Витратомір повітря Mercedes 430-600 01->,0280217810,77642934,1130940048,KEMP
Витратомір повітря Mercedes Vito Sprinter CDI,0280217114,77642935,0000940948,KEMP
Витратомір повітря VW Passat B5,0280217121,7764362,,KEMP
Відбійник амортиз.  VW Polo SKODA Fabia 99-> переднього,6Q0412301,77647782,6Q0 412 303A,KEMP
Відбійник амортиз. Audi A3 VW SKODA SEAT 04-> переднього,1K0412303M,77647779,1K0 412 303M,KEMP
Відбійник амортиз. Audi A4 A5 A6 A7 07-> переднього,8K0412131F,77647786,8K0 412 131,KEMP
Відбійник амортиз. Audi A4 A5 A6 Q5 07->заднього,8K0512131,77647787,8K0 512 131,KEMP
Відбійник амортиз. Audi A4 A6 VW PassatB5 переднього,8D0412131E,77647783,8D0 412 131E,KEMP
Вісь задної маточини  Chevrolet AVEO L,96535151,77644965,,KEMP
Вісь задної маточини Chevrolet AVEO R,96535152,77644966,,KEMP
Вісь задної маточини VW /Audi L диск (підковооб) ліва,333501117,7764515,,KEMP
Вісь задної маточини VW 79-97 (барабан 4 отвори) без ABS,357501117A,77642110,,KEMP
Вісь задної маточини VW abs L барабан  (грушоподібна) ліва,191501117D,7764256,1.91501117D,KEMP
Вісь задної маточини VW abs R барабан (грушевид) права,191501118C,7764514,,KEMP
Вісь задної маточини VW Golf-4 /Bora/ Oktavia,1J0501117B,7764646,,KEMP
Вкладиш корен. Opel 1.3-1.6 STD Daewo Lanos 1.5,87410600,77642167,93740015,KEMP
Вкладиш коренний..VW /Audi  4-х цил 0.25 88->,77152610,7764597,068198493,KEMP
Вкладиш корінн..VW /Audi  4-х циліндр  STD 88->,77152600,7764239,,KEMP
Вкладиш корінний..VW /Audi 4-х циліндр +0.25 ->90,87722610,77647712,,KEMP
Вкладиш корінний..VW /Audi 4-х циліндр +0.50 ->90,87722620,77647713,,KEMP
Вкладиш корінний..VW /Audi 4-х циліндр STD ->90,87722600,77647711,,KEMP
Вкладиш корінний..VW /Audi Skoda 1.8-2.0 20v 2.0TFSI  4-х цил  STD 96->,06B105561,77647874,77537600,KEMP
Вкладиш корінь. Opel 1.3-1.6 +025 Daewo Lanos 1.5,87410610,77641500,,KEMP
Вкладиш корінь..VW LT 2.4/2.4D   (6 цил) (+0.50) к-т,87460620,77641494,,KEMP
Вкладиш корінь..VW T-4 2.4/2.4D/TD  Audi-100 (5 цил)  (+0.50) к-т,87461620,77641497,,KEMP
Вкладиш передній аморт Opel Ascona  85-  масло,7764843,7764843,100522,KEMP
Вкладиш передній аморт Opel Astra F 91-99  масло,7764607,7764607,115259,KEMP
"Вкладиш передній аморт Opel Kadett-92 Daewo Espero, Lanos, Nexia  масло",7764606,7764606,100338,KEMP
Вкладиш передній амортизатора Opel Ascona -85  масло,7764350,7764350,100390,KEMP
"Вкладиш передній амортизатора Opel Kadett-92 Daewo Espero, Lanos, Nexia  газ",7764351,7764351,100678,KEMP
Вкладиш передній амортизатора Opel Vectra   масло,7764349,7764349,115007,KEMP
Вкладиш передній амортизатора VW Passat B3 88-93 масляний,7764345,7764345,115163,KEMP
Вкладиш передній амортизатора Аudi-100 82-94  масляний,7764348,7764348,115475,KEMP
Вкладиш передній амортизатора Аudi-80 78-91/ VW Passat В2 80-88  газ,7764344,7764344,100594,KEMP
Вкладиш передній амортизатора Аudi-80 78-91/ VW Passat В2 80-88  масляний,7764343,7764343,100786,KEMP
Вкладиш шатун .VW /Audi  4-х цил STD,87200600,7764596,026198491,KEMP
Вкладиш шатун .VW /Audi Skoda 1.6-2.0 1.8T 4-х цил STD 96->rкомплект,77581600,77649085,06B105701E,KEMP
Вкладиш шатун VW/Audi  5-ти циліндр +0.25,206600+0.25,77642217,034105707,KEMP
Вкладиш шатун. Opel 1.6D 85-  1.6-1.8-2.0 85-   0.50,87391620,77647765,,KEMP
Вкладиш шатуна .VW /Audi  4-х ціл 0.25,87200610,77644310,034105707,KEMP
Вкладиш шатуна .VW /Audi 4-х циліндр +0.50,87200620,77647714,,KEMP
Вкладиш шатуна Opel 1.6D 85-  1.6-1.8-2.0 85-   0.25,87391610,77641475,,KEMP
Вкладиш шатуна Opel 1.6D 85-  1.6-1.8-2.0 85- STD,87391600,77641476,713626/4,KEMP
Вкладиш шатуна VW LT 28-46 2.5 TDI 96-06 T4 2.5 TDI STD 95-03г.,77554600,77647715,,KEMP
Вкладиш шатуна VW LT 28-46 2.5 TDI 96-06 T4 2.5 TDI+025 95-03г.,77554610,77647742,,KEMP
Вкладиш шатуна VW LT 28-46 2.5 TDI 96-06 T4 2.5 TDI+050 95-03г.,77554620,77647743,,KEMP
Вкладиш шатуна VW/Audi  5-ти циліндр,77206600,776474,,KEMP
Вкладиш шатуна. Opel 1.2-1.4 STD 98->,77557600,77647745,,KEMP
Вкладиш шатуна. Opel 1.2-1.4+0.25 98->,77557610,77647746,,KEMP
Вкладиш шатуна. Opel 1.2-1.4+0.50 98->,77557620,77647747,,KEMP
Вкладиші кореневі Ford 1.6-2.0 OHC +025,87370610,77641892,MB545025,KEMP
Вкладиші кореневі Ford 1.6-2.0 OHC STD,87370600,77641891,MB545  STD,KEMP
Вкладиші кореневі STD VW Caddy III/T5/Crafter,77553600,77646284,038105561A,KEMP
"Вкладиші коренні 0,25 VW Caddy III/T5/Crafter",77553610,77647388,,KEMP
Вкладиші коренні Ford 2.0 DOHC +0.25,H11635 025,77647763,H1163/5 0.25mm,KEMP
Вкладиші коренні Ford 2.0 DOHC +0.50,H11635 050,77647764,H1163/5 0.50mm,KEMP
Вкладиші коренні Ford 2.0 DOHC STD,H11635STD,77647762,H1163/5 STD,KEMP
"Вкладиші корінні 0,50 VW Caddy III/T5/Crafter",77553620,77647744,,KEMP
Вкладиші корінні Ford 1.1-1.6 +025,87372610,77647752,,KEMP
Вкладиші корінні Ford 1.1-1.6 +050,87372620,77647753,,KEMP
Вкладиші корінні Ford 1.1-1.6 STD,87372600,77647751,,KEMP
Вкладиші корінні Ford 1.4-1.6 CVH +0.25,77327610,77647755,,KEMP
Вкладиші корінні Ford 1.4-1.6 CVH +0.50,77327620,77647756,,KEMP
Вкладиші корінні Ford 1.4-1.6 CVH STD,77327600,77647754,,KEMP
Вкладиші корінні Ford 1.6-2.0 OHC +050,87370620,77647757,MB545050,KEMP
Вкладиші шатунні Ford 1.3-1.6 CVH +0.75,87373630,77647749,,KEMP
Вкладиші шатунні Ford 1.3-1.6 CVH +1,87373640,77647750,,KEMP
Вкладиші шатунні Ford 1.3-1.6 CVH STD,87373600,77647748,,KEMP
Вкладиші шатунні Ford 1.6-2.0 OHC +0.25,87371610,77641890,CR4440 0.25,KEMP
Вкладиші шатунні Ford 1.6-2.0 OHC +0.50,87371620,77647758,CR4440 0.50,KEMP
Вкладиші шатунні Ford 1.6-2.0 OHC STD,87371600,77641889,CR4440 STD,KEMP
Вкладиші шатунні Ford 2.0 DOHC +0.25,01416640.25,77647760,01-4166/4 0.25mm,KEMP
Вкладиші шатунні Ford 2.0 DOHC +0.50,01416640.50,77647761,01-4166/4 0.50mm,KEMP
Вкладиші шатунні Ford 2.0 DOHC STD,0141664STD,77647759,01-4166/4 STD,KEMP
Вкладиші шатунні Ford Transit 2.5D/TD  (+0.25) к-т,71-4167-4 0.25mm,77641529,71-4167/4 0.25mm,KEMP
Вкладиші шатунні Ford Transit 2.5D/TD  (+0.50) к-т,71-4167-4 0.50mm,77641530,71-4167/4 0.50mm,KEMP
Вкладиші шатунні Ford Transit 2.5D/TD STD к-т,71-4167-4 STD,77641528,71-4167/4std,KEMP
Вкладыш в зеркало Daewoo Lanos L,96273265,77641958,,KEMP
Вкладыш зеркала Chery Amulet L,A15-BJ8202051,77641808,,KEMP
Вкладыш зеркала Chery Amulet R,A15-BJ8202121,77641807,,KEMP
Вкладыш коренн. Opel 1.6 1.7D -87  1.8-2.0 82- STD,87393600,77641508,H982 5,KEMP
Вкладыш коренн. Opel 1.6. 1.7D -87  1.8-2.0  82- (+0.25mm),87393610,77642168,H982/5,KEMP
Вкладыш коренн..VW LT 2.4D/TD  78- (+0.25) к-т,87460610,77641493,,KEMP
Вкладыш коренн..VW T-4 2.4/2.4D/TD  Audi-100 (5 цил)  (+0.25) к-т,87461610,77641496,,KEMP
Вкладыш коренн..VW T-4 2.4/2.4D/TD  Audi-100 (5 цил) STD к-т,87461600,77641495,,KEMP
Вкладыш передний амморт. VW Passat B3 88-93 масл,115 163,77646929,,KEMP
Вкладыш передний амморт. Аudi-100 82-94  масл,115 475,77647935,,KEMP
Вкладыш передний амморт. Аudi-100 82-94 газ,115 476,77646930,,KEMP
Вкладыш передний амморт.Аudi-80 78-91/ VW Passat В2 80-88  масл.,100 786,77647936,,KEMP
Вкладыш передний аморт  Opel Record E 82-86г. масло,77642337,77642337,100321,KEMP
Вкладыш передний аморт  Opel Record E 82-86г. масло,100 321,77646932,,KEMP
Вкладыш передний аморт Opel Astra F 91-99  масло,115 259,77647937,,KEMP
"Вкладыш передний аморт Opel Kadett-92 Daewo Espero, Lanos, Nexia  масло",100 338,77647938,,KEMP
Вкладыш передний аморт Opel Vectra   масло,115 007,77648121,,KEMP
Вкладыш передний аморт. Аudi-100 82-94 газ,7764347,7764347,115476,KEMP
Вкладыш передний аморт.Аudi-80 78-91/ VW Passat В2 80-88  газ,100 594,77646931,,KEMP
Вкладыш пром.вала (кабанчик) OHC,,77641897,,KEMP
Вкладыш шатун .VW /Audi Skoda 1.6-2.0 1.8T х цил STD 96->1 шейка,06B105701E,77647873,71938600,KEMP
Вкладыш шатун. Opel  85- 1.3-1.6   STD к-т Daewo Lanos 1.5,87409600,77642170,713639/4,KEMP
"Вкладыши коренные 0,25 Mercedes Benz M601",87435610,,6010002500,KEMP
Вкладыши разбега колленвал (полукольца)Escort Sierra 1.3 - 1.6 CVH,9003-STD,77646032,,KEMP
Вкладыши разбега колленвал (полукольца)Sierra Scorpio DOHC 89 >,88WM6A341STD,77646035,,KEMP
Вкладыши разбега колленвал (полукольца)Sierra Scorpio Transit 1.6 - 2.0 OHC,9002-020,77646034,,KEMP
Вкладыши разбега колленвал (полукольца)Sierra Scorpio Transit 1.6 - 2.0 OHC,9002-00,77646033,,KEMP
Вкладыши разбега колленвал (полукольца)Transit  2.5 D TD,9000 STD,77646036,,KEMP
Вкладыши распредвала Ford 1.6D-1.8D +0.25,,77641894,,KEMP
Вкладыши распредвала Ford Escort 1.3 OHV,,77641896,,KEMP
Вкладыши распредвала Ford OHC,,77641895,,KEMP
"Вкладыши шатунные 0,25 Mercedes Benz M904/906",79350610,,9260300260,KEMP
Вмикач світла AUDI Q5 (c хромом),8K0941531,77647817,8K0 941 531,KEMP
Вмикач світла VW Caddy/T5,9410.18,77646194,6Q0941531C,KEMP
Водяной насос M651 Mercedes Benz Vito,2082,,6512003501,KEMP
Волна вакуумной звездочки MB OM 601 602 (bus),ReCo-005/20,77643870,,KEMP
Вставка бампера без противотуманки левая VW Caddy,8530.09,,2K0853683,KEMP
Вставка бампера без противотуманки правая VW Caddy,8530.10,,2K0853684,KEMP
Вставка дзеркала Mercedes Sprinte  з пласт.без підігріву  L,6401966,77644766,,KEMP
Вставка дзеркала Mercedes Sprinte  з пласт.і підігрівом  L,6423966,77644769,,KEMP
Вставка дзеркала Mercedes Sprinte  з пласт.і підігрівом  L (сфера),6431966,77644768,,KEMP
Вставка дзеркала Mercedes Sprinte  з пласт.і підігрівом  R,6432966,77644767,,KEMP
Вставка дзеркала VW T4 без підігріву  L ліва (електропривід),701857521A,77646234,,KEMP
Вставка дзеркала VW T4 без підігріву  R,701857522L,77644087,,KEMP
"Вставка дзеркала прав. з підігрів, асферич,  SKODA OCTAVIA (1996-04), FABIA 99-",1U1857522H,77647796,,KEMP
Вставка заркала левая/правая Renault Kangoo 03>,03.0050,,7701039896,KEMP
Вставка зеркала MB Sprinte  с пласт.без подогрева  R,6402966,77644765,,KEMP
Вставка зеркала VW Caddy T5 без подогрева R,6403985,77644482,,KEMP
Вставка зеркала VW T4 без подогрева  L (мех.),701857521J,77644086,,KEMP
Вставка зеркала VW T4 с подогревом  R правая,701857522G,77644088,,KEMP
Вставка зеркала без рамки правая Mercedes Benz Sprinter,8105,,,KEMP
"Вставка зеркала лев с подогр, асферич,  SKODA OCTAVIA (1996-04), FABIA 99- L лев",1U1857521E,77647795,,KEMP
Вставка зеркала левая VW Caddy/T5,8570.13,,7H1857521M,KEMP
Вставка зеркала левая VW T4,8570.25,,701857521J,KEMP
Вставка зеркала левая/праваяRenault Master 02>,03.0063,,7701044515,KEMP
Вставка зеркала нижняя правая Renault Trafic 02>,03.0056,,7701052626,KEMP
Вставка зеркала правая  VW T4,8570.26,,701857522L,KEMP
Вставка зеркала правая VW Caddy/T5,8570.14,,7H1857522R,KEMP
Вставка зеркала праваяCitroen Jumper 06>,030032,,8151LH/71748245,KEMP
Вставка зеркала с подогревом левая 01 - г.в.Mercedes Benz W163,8176,,1638102719,KEMP
Вставка зеркала с подогревом левая Mercedes Benz W203,8162,,2038100121,KEMP
Вставка зеркала с подогревом левая VW Caddy/T5,8570.15,,7H1857521N,KEMP
Вставка зеркала с подогревом правая  Mercedes Benz W203,8163,,2038100221,KEMP
Вставка зеркала с подогревом правая Mercedes Benz W221,8173,,2218100221,KEMP
Вставка зеркала с подогревом правая VW Caddy/T5,8570.16,,7H1857522S,KEMP
Втбійник амморт. Audi A4 A6 VW PassatB5 переднього,8D0412131F,77645361,,KEMP
Втбійник амморт. Audi-100 A6 90 -97 переднього,4A0412131,77645360,4A0412131B,KEMP
Втбійник амморт. Audi-100 A6 90-96 задніх,4A0512129,77645362,4A0512131,KEMP
Втбійник амортизатора Audi-100 83-91 заднього (посилений),443512131,7764294,,KEMP
Втбійник амортизатора Audi-100 84 -91  переднього,443412131A,7764297,,KEMP
Втбійник амортизатора VW Golf-2 84-91/Golf-3 92-97 заднього,191512131B,7764295,,KEMP
Втбійник амортизатора VW Passat B3 Golf 2-3 88-99 передн.,357412303E,7764293,191412303A,KEMP
Втбійник амортизатора VW Passat В2 80-88/Audi-80 86-91 передн.,811412131B,7764298,327412131A,KEMP
Втулка (сайлентблок)рульовогу вала Citro Berlingo Peugeot Partner  P205-405 сГ.У,405905,77644568,4059.05,KEMP
Втулка амортизатора Merced Sprinter 208-310(задного верх.з металічною втулкою),0006037-07,77644272,0006037-07(201),KEMP
Втулка амортизатора Mercedes 609 (зад),0340320091,77645167,0003232885,KEMP
Втулка амортизатора Mercedes 609-711(зад) (BC1341),0003232885,77642543,0003232444,KEMP
Втулка амортизатора Mercedes Sprinter(зад),0003237085,77642544,BC0003237085,KEMP
Втулка амортизатора заднього Mercedes Sprinter (901),1574,77644690,0003237885,KEMP
Втулка амортизатора передного Mercedes 609--814 (низ),5031_5032,77644252,5031/5032,KEMP
Втулка амортизатора переднього Mercedes 609--814 (верх),50141_5022,77645168,50141/5022,KEMP
Втулка заднего стабилизатора 16мм Mercedes Benz Sprinter/VW Crafter,3125,,9063260381,KEMP
Втулка заднего стабилизатора 19мм VW Caddy,5110.06,,2K0511413A,KEMP
Втулка заднего стабилизатора 27мм VW T5,351 1005,,7H5511414A,KEMP
Втулка заднего стабилизатора Mercedes Benz Sprinter/VW LT,3224,,9013260081,KEMP
Втулка куліси КПП Ford Transit 00->,1334993,77648938,,KEMP
Втулка переднего стабилизатора 23мм Mercedes Benz Sprinter 906,3124,,9063233685,KEMP
Втулка переднего стабилизатора d18.5mm Renault Megane II 02->,2304006,,7701056096,KEMP
Втулка сайлентблока поперечного важеля VW Golf Seat (металева),191407190A,77644511,,KEMP
Втулка стабилизатора 21мм VW T5,4110.07,,7H0411313,KEMP
Втулка стабилизатора 24мм VW T5,4110.06,,7H5411313B,KEMP
Втулка стабилизатора Mercedes Benz Bus/Sprinter,3250,,6013210350,KEMP
Втулка стабилизатора Mercedes Benz Sprinter,3249,,9013230285,KEMP
Втулка стабилизатора Mercedes Benz Vito,3243,,6383230285,KEMP
Втулка стабилизатора заднего (наруж.) VW T5 23mm,7H5511414,77643266,,KEMP
Втулка стабилизатора заднего (сред.) VW T5 22mm,351 1002,77643264,7H0511413A,KEMP
Втулка стабилизатора заднего (сред.) VW T5 23mm,351 1003,,7H5511413B,KEMP
Втулка стабилизатора перед Ford Escort  -- 90 (22 mm),86AB5484AA,77641105,,KEMP
Втулка стабилизатора перед Ford Escort  90 --,7102392,77641107,,KEMP
Втулка стабилизатора перед Ford Scorpio (28 mm),85GB5484DA,77641102,,KEMP
Втулка стабилизатора перед Ford Sierra  (24 mm),83BB5484BH,77641106,,KEMP
Втулка стабилизатора перед Ford Transit   92 --  Т 15,92VB5484BA,77644386,,KEMP
Втулка стабилизатора перед Ford Transit 2000 --,YC155484AA,77641109,,KEMP
Втулка стабілізатора Mercedes G ClassW460-463 MB T2 408-510 (зовнішня),05657,77644655,,KEMP
Втулка стабілізатора Mercedes Sprinter 901,9013230185,77642552,BC9013230185,KEMP
Втулка стабілізатора задньго Ford Transit,86VB5484BA,77644624,,KEMP
Втулка стабілізатора заднього (сред.) VW T5 23mm,7H5511413B,77643263,,KEMP
Втулка стабілізатора заднього Mercedes 811-814 Vario Sprinter t5 (зовнішня),6673200073,77644671,,KEMP
Втулка стабілізатора перед Ford  Transit   92 --  Т 12,92VB5484AA,77644648,,KEMP
Втулка стабілізатора перед Ford Escort -- 86,81AB5484BA,77641104,,KEMP
Втулка стабілізатора перед Ford Transit   (в важіль костинка),86VB5K498AA,77644622,,KEMP
Втулка стабілізатора перед Ford Transit 92 -- Т 12,92VB5484AA,77641108,,KEMP
Втулка стабілізатора перед. Ford Mondeo 93 --,93BB5484,77641101,,KEMP
Втулка стабілізатора передній Mercedes Sprinter 207-410/208-312CDI,6013210350,77642565,,KEMP
Втулка стабілізатора переднього  Mercedes207-210 (середня),6023260482,77644586,,KEMP
Втулка стабілізатора переднього (сред. ) VW Polo Skoda Fabia Seat Cordoba Ibiza,6Q0411314M,77644608,,KEMP
Втулка стабілізатора переднього важеля Audi 80 84-94г.з Г.У.,857407474,77643049,,KEMP
Втулка стабілізатора передньої (середня) Opel Omega A Senator B,0350116,77644504,,KEMP
Втулка стабілізатора передньої (сред. 25mm) Audi  A4 A8 VW Passat B5,4D0411327G,77644577,,KEMP
Втулка стабілізатора передньої (сред. 27mm) Audi  A4 A6 A8 VW Passat B5,4D0411327H,77644578,,KEMP
Втулка стабілізатора передньої Mercedes W124 W201 d23mm (зовнішня),2013234885,77644558,,KEMP
Втулка стабілізатора передня (зовн.) VW T4,7D0411045,77641537,LMI17682,KEMP
Втулка стабілізатора передня (сред.) VWGolf Bora Skoda Octavia Audi A3 TTф21mm,1J0411314T,77643857,,KEMP
Втулка стабілізатора передня (сред.) VWPassat B2 Audi 80 B2,811411327A,77644536,,KEMP
Втулка стійки стабілізатора переднього VW Passat B3 B4 D19mm,357411327B,77644676,,KEMP
Втулка стійки стабілізатора переднього VW Passat B3 B4 D21mm,357411327D,77644677,,KEMP
Втулка стійки стабілізатора переднього VW Passat B3 B4 D24mm,357411327C,77644678,,KEMP
Втулка стойки стабилизатора переднего (низ)  VW Passat B3  B4,357411329,77644675,,KEMP
Втулка штока вилки КПП VW Golf Jetta,171711067B,77643972,,KEMP
Втулка штока куліси КПП VW Golf Jeta Transporter,191711208A,77643971,,KEMP
Генератор Ford Transit  з вакумом  ( LUCAS ),JFZB 1730,77641376,,KEMP
Генератор MB Sprinter  90A без шкива,0101540802,77643191,,KEMP
"Генератор MB Sprinter Vito 2,2-2,7CDi 99> 90A",0121542202,77643147,,KEMP
Генератор Valeo B5 A6 97-05 1.8T-2.0 A4 95-00 1.6-1.8T 120 A,06B903016G,7764959,,KEMP
Генератор VW Golf-2 84-91 /Passat B2 B3 84-93,034903016E,7764584,,KEMP
Генератор VW Passat В4  93-95 / Golf-3 92-97,028903018A,7764585,,KEMP
Генератор Валео B5 A6 97-05 1.8T-2.0 A4 95-00 1.6-1.8T 90A,06B903016F,7764746,,KEMP
Генератор щеточный узел (регулятор напряжения) BOSH 24V MB Man,0340150005,77643525,,KEMP
Генератор щіткова вузол Daewoo Lanos 85A,13046530,77642795,93742272,KEMP
Генератор щітковий вузол  VW Audi Opel Ford Mercedes,130503,77645452,0021549806,KEMP
Генератор щітковий вузол Daewoo Lanos,211200,77643451,13006530,KEMP
Генератор щітковий вузол VW Audi Opel Ford Mercedes,068903803D,7764462,,KEMP
Герметик70ml Mercedes Benz,70-31414-10,,,KEMP
Гидрокомпенсатор VW Audi  1шт,"F-46516,30",7764222,034109309AD,KEMP
Гідрокомпенсатор Ford Escort 1.4 - 1.6 CVH(1шт),6129778,77641393,,KEMP
Гідрокомпенсатор Ford Escort 1.6-1.8 D (1шт),1511400100,77642132,,KEMP
Гідрокомпенсатор VW Audi  1шт 33.5mm,034109309AD,77642448,058109309N,KEMP
Гідрокомпенсатор VW Audi 1.6-2.8 92-05 35*26mm (1шт),050109309,77648326,420 0043 10,KEMP
Гідрокомпенсатор VW Audi Skoda 1.0-1.4; 1.4-1.6 16V 99-> 1шт,030109423A,77647736,50006415,KEMP
"Глушилка двигателя, OM 615 - 616 - 617  (железная)",0000705053,77643464,BSG 23-2920,KEMP
"Глушилка двигуна, Mercedes OM 601 - 602 - 603  (залізна)",0000703353,77645449,1427133094,KEMP
"Глушилка двигуна,Mercedes OM 601 - 602 - 603 (залізна)",1427133094,77643304,,KEMP
"Глушилка двигуна,Mercedes OM 615 - 616 - 617  (залізна)",0000705053,77645450,1427133093,KEMP
Головний циліндр зчеплення Mercedes Benz Sprinter,24.2419-1746.3,77646240,9062900112,KEMP
Гумка кріплення глушника Opel Omega A Senator B Frontera,90118409,77644636,,KEMP
Гумка кріплення глушника Opel Vectra A Astra F Ford Sierra Transit,90280491,77644640,,KEMP
Гумка кріплення глушника VW Passat B5 Audi A4 A6 96->,8D0253144,77644537,,KEMP
Гумка кріплення глушника VW Passat Golf Audi A3- A6 00-> (з кронштейном),1J0253144J,77644629,8D0253144D,KEMP
Гумка кріплення глушника VW Polo Golf Skoda Octavia Fabia (з кронштейном),1J0253144,77644969,,KEMP
Гумка кріплення глушника VW/Audi,823253147A,77644702,,KEMP
Гумка кріплення глушника VW/Audi,191253147B,77641682,,KEMP
Гумка кріплення глушника VW/Audi 96->,1J0253144G,77644514,,KEMP
Гумка кріплення глушника VW/Audi Opel,323253147B,77644561,,KEMP
Гумка кріплення глушника VW/Audi Opel,323253147,77644560,,KEMP
Гумка кріплення глушника VW/Audi Seat Toledo,191253147A,77644510,,KEMP
Гумка кріплення глушника VW/Audi Skoda Seat,6X0253147,77644610,,KEMP
Гумка кріплення глушника VWGolf3 Transporter T4,1H0253144C,77644546,,KEMP
Гумка кріплення глушника VWTransporter T5,7H0253144A,77644616,,KEMP
Датчик (лямбдазонд) Cheri Amulet Fora Tiggo,A11-1205110DA,77641769,,KEMP
Датчик ABS Audi Skoda VW Caddy3 T5 передній/задній L лівий,WHT003857,77643461,7H0927803,KEMP
Датчик ABS Audi Skoda VW Caddy3 T5 передній/задній R правий,WHT003856,77643462,7H0927804,KEMP
Датчик ABS VW Audi Skoda Seat L 03->(зад)лівий,WHT003863,77647809,6Q0927807B,KEMP
Датчик ABS VW Audi Skoda Seat L 03->(перед)лівий,WHT003861,77647807,6Q0927803A,KEMP
Датчик ABS VW Audi Skoda Seat L/R 93-02 (зад) лівий/правий,6N0927807A,77648033,,KEMP
Датчик ABS VW Audi Skoda Seat L/R 96->(зад) лівий/правий,1J0927807B,77648031,,KEMP
Датчик ABS VW Audi Skoda Seat R 03->(зад) правий,WHT003862,77647808,6Q0927808B,KEMP
Датчик ABS VW Audi Skoda Seat R 03->(перед) правий,WHT003860,77647806,6Q0927804A,KEMP
Датчик ABS VW Passat 96-> Skoda Superb 01-> L/R (зад) лівий/правий,8E0927807,77648032,8E0927807,KEMP
Датчик ABS VW Passat В4/Golf 3-4/A3  L,1J0927803,7764196,,KEMP
Датчик ABS VW Passat В4/Golf 3-4/A3 R правий,1J0927804,7764479,,KEMP
Датчик ABS VW T4 задній R правий,701927807D,77643260,,KEMP
Датчик ABS VW T4 передній L/Rлівий/правий,701927807A,77643259,,KEMP
Датчик ABS VWTouareg Audi Q7 Porsc Cayenne 09->,WHT005651,77647769,95860640502,KEMP
Датчик ABS VWTouareg Pass.pass CC Audi A3 Q3 Q7 Porsc Cayenne L 03->(перед/зад),WHT003857 A,77647802,7L0927807A,KEMP
Датчик ABS VWTouareg Pass.pass CC Audi A3 Q3 Q7 Porsc Cayenne R 03->(перед/зад),WHT003856 A,77647801,7L0927808A,KEMP
Датчик ABS VWTouran  Pass.pass CC Sharan Audi Q3  L 03->(зад) лівий,WHT003859,77647811,1K0927807,KEMP
Датчик ABS VWTouran  Pass.pass CC Sharan Audi Q3  L 03->(перед) левый,WHT003859A,77647803,1K0927807A,KEMP
Датчик ABS VWTouran  Pass.pass CC Sharan Audi Q3  R 03->(зад) правийц,WHT003858,77647810,1K0927808,KEMP
Датчик ABS VWTouran  Pass.pass CC Sharan Audi Q3  R 03->(перед),WHT003858A,77647804,1K0927808A,KEMP
Датчик ABS задний Vivaro/Trafic 01>,504 0502,,8200724127,KEMP
Датчик ABS задній VW Golf-3/Vento 91-99,1H0927807D,7764827,,KEMP
Датчик ABS передний MB Vito,6385420217,77643258,,KEMP
Датчик абсолютного давления Daewoo LANOS,16137039,77644023,,KEMP
Датчик ввімкнення вентилятора Daewoo Nexia,96181814,77642974,1301053,KEMP
Датчик вимикання вентилятора Audi A4 A6 Pas.B5 97-05 синій 4х конт.,8D0959481B,77641015,,KEMP
Датчик відкриття кришки багажника/задньої двері Dacia LoganRenauln,7700429418,77645270,,KEMP
Датчик включения вентилятора Ford  ДОНС,6154134,77641139,,KEMP
Датчик давления  масла MB 609-814 OM314 OM352,0045428917,77643504,BG01008,KEMP
Датчик давления  масла MB OM601-602,0055429017,77643505,6615423117,KEMP
Датчик давления масла VW / Audi (белый),056919081E,7764690,,KEMP
Датчик заднего хода Chevrolet Aveo Lacetti DaewooLan.Nexia,96192077,77642956,,KEMP
"Датчик закривання дверей Renault Master 3), зсувна двері, на кузові 25216",252160003R,77640885,,KEMP
Датчик зносу гальмівних колодок Mercedes Sprinter  VW Crafter передній  06->,9065401517,77644334,,KEMP
Датчик зносу гальмівних колодок Mercedes Sprinter 2t-4t VW LT 28-46 задній,9015400117,77643148,,KEMP
Датчик зносу гальмівних колодок Mercedes Sprinter 2t-4t VW LT 28-46 передній,9015400217,77643149,,KEMP
Датчик зносу гальмівних колодок VW Touareg Audi Q7 задній,7L0907637C,77642831,,KEMP
Датчик зносу гальмівних колодок VW Touareg Audi Q7 передній,7L0907637,77642830,,KEMP
Датчик зносу гальмівних колодок VWTouareg 10-> передній,7P0907637,77647767,7P0 907 637,KEMP
Датчик зносу гальмівних колодок VWTouareg Audi Q7 задній,7P0907637C,77647768,7P0 907 637 C,KEMP
Датчик износа тормозных колодок Mercedes Benz Sprinter,5414,,9065401417,KEMP
Датчик імпульсів (управління двигуном) VW Audi 1.6-3.0 96-05,06A906433C,77648025,06A906433C,KEMP
Датчик імпульсів (управління двигуном) VW Audi 1.8-2.0 93->,06A906433K,77648024,06A906433K,KEMP
Датчик імпульсів (управління двигуном) VW Audi 2.7.3.0 TDI 02-11,06A906433E,77648023,06A906433E,KEMP
"Датчик імпульсів (управління двигуном) VW Audi Skoda 1.2-2.0,1.6-2.0TDI 04->",03C906433A,77648022,03c906433a,KEMP
"Датчик імпульсів (управління двигуном) VW Audi Skoda 1.6,1.8T,2.0, 2.5TDI  00-",078906433A,77648018,,KEMP
Датчик обертів розподільного валу (Холла)  VW B-5 1.8,058905161B,7764771,,KEMP
Датчик охолоджуючої рідини  Daewoo Nubira Nexia Lanos Matiz,96177604,77642960,,KEMP
Датчик охолоджуючої рідини Chevrolet Aveo Lacetti Daewoo Nubira,96181508,77642959,96182634,KEMP
Датчик педалі гальма Mercedes Sprinter/VW Crafter 06-/Vito (447) 14-,61310141214,77641232,0015456309,KEMP
"Датчик педалі гальма, Fiat Doblo, 2001> / Fiat Ducato - Peugeot Boxer, 2002>",60816501,77648980,453450,KEMP
Датчик положения дроссельной заслонки Chery Amulet,480EE-1008051,77641764,,KEMP
Датчик положения дроссельной заслонки Daewoo Lanos,17106681,77642980,,KEMP
Датчик положения дроссельной заслонки Daewoo SENS/ВАЗ Niva,94580175,77642979,2112-1148200,KEMP
Датчик положения коленвала  Daewoo Lanos Nubira,96183235,77643241,,KEMP
Датчик положения коленвала Mercedes Benz M102/104/111,1520,,0031530828,KEMP
Датчик положения коленвала Mercedes Benz M103/104/111,1519,,0021539228,KEMP
Датчик положения коленвала Mercedes Benz M104/111,1522,,0031537528,KEMP
Датчик положения коленвала Mercedes Benz M112/113,1524,,0031539628,KEMP
Датчик положения распредвала Mercedes Benz M104/111,1526,,0041530028,KEMP
Датчик положения распредвала Mercedes Benz M104/111/119,1532,,0021539528,KEMP
Датчик положення колінвала Mercedes Benz M112/113 00->OM612/646  06->,0031532828,77648021,003 153 27 28,KEMP
Датчик положення колінвала VW Caddy/T5,036906433E,77646130,036906433E,KEMP
Датчик положення розподільного валаChevrolet Aveo Lacetti Daewoo Nubira,96253544,77642957,,KEMP
Датчик положення розподільного валу Opel Astra Vectra Meriva 1.8 1.8 16V 01->,90536064,77648030,,KEMP
"Датчик положення розподільного валу VW AUDI SKODA 1.0-3,2  04->",030907601E,77648028,,KEMP
Датчик положення розподільного валу VW AUDI SKODA 1.6-2.0 96->,06A905161B,77648017,,KEMP
Датчик положення розподільного валуMercedes Benz M611/612/642,0051531328,77648029,FE 32317,KEMP
Датчик потоку повітря впускного колектора Chery Amulet,480EE-1008080,77641857,,KEMP
Датчик радиатора VW/Audi/Opel /Ford 2-х контактный,823959481G,7764175,,KEMP
Датчик радіатора VW Passat/Golf 93-02 Skoda  3х конт. (квадратн 321),1H0959481,7764201,,KEMP
Датчик радіатора VW/Audi  -98  3-х контактний,191959481C,7764202,,KEMP
Датчик рівня масла VWT4T5 1.9-2.5 TDI,1J0907660B,77644173,,KEMP
Датчик рівня рідини в бачку VW Golf/Passat,251919372,7764841,,KEMP
Датчик сигнальної лампи охол.рідини VW Audi сірий 2х контактний,191919369B,77641011,,KEMP
Датчик сигнальної лампи охол.рідини VW Audi червоний,251919369B,77641010,,KEMP
Датчик скорости Daewoo Nexia,96179944,77644113,1306207,KEMP
Датчик скорости VW Audi Skoda Seat АКП 4ст 97->,01M927321B,77647848,01M 927 321B,KEMP
Датчик стоп сигналу (жаба) Chevrolet Aveo,96289637,77642973,,KEMP
Датчик темпер Audi A3- A6 Pas.B5 Golf4-5 Octavia сірий 2х контактний,06A919501,77641016,,KEMP
"Датчик темпер. Audi-100 91-94 2.6-2,8  3-х контактный",034919369C,7764448,026919369,KEMP
Датчик темпер.VW Golf/Passat T4 91-98  4-х контактний чорн/жовт,357919501A,7764200,,KEMP
Датчик температури Audi 100 /A-80 /VW G-2 Passat 76-91,035919369С,7764517,,KEMP
Датчик температури Audi-100/80/A4/A6 /VW Golf/Passat 82-99,026906161,7764288,,KEMP
Датчик температури Ford  98->,1770524,77648936,,KEMP
Датчик температури Mercedes Sprinter OM602,0005426218,77643506,BG01010,KEMP
Датчик температури двигуна Audi / VW -96,049919501,7764490,,KEMP
Датчик температури охол.рідини Audi A4 A6 4х конт.чорний з білою смугою,058919501A,77641014,,KEMP
Датчик температури охолоджувальної рідини M601/602 Mercedes Benz Sprinter/Vito,0055422617,77646313,5461,KEMP
Датчик температуры охл.жидкости Daewoo Lanos,13091150,77642310,96181508,KEMP
Датчик температуры охл.жидкостиVW черный 2х контактный,251919501D,77641009,,KEMP
Датчик температуры охлаждающей жидкости M601/602 Mercedes Benz Sprinter/Vito,5456,,0085425617,KEMP
Датчик температуры охлаждающей жидкости Renault Trafic/Opel Vivaro 01-,509 0504,,7700105087,KEMP
Датчик тиску масла Daewo Lanos  Chevrolet Lacetti 14*1.5,90336039,77642976,,KEMP
Датчик тиску масла VW / Audi (коричн),056919081C,7764594,FE08485,KEMP
Датчик тиску масла VW LT Crafter (коричневий),1009190042,77644761,,KEMP
Датчик тиску масла VW/Audi 96- (білий),06A919081B,7764485,,KEMP
Датчик топливного фильтра Ford Transit97->,11033,77644170,,KEMP
Датчик холла Cheri Amulet,A11-3705120,77641789,,KEMP
Датчик холла Daewoo NEXIA,10470197,77644024,1306.6349,KEMP
Датчик холостого хода Chery Amulet,480EE-1008052,77641765,,KEMP
Датчик холостого хода Citroen Berlingo C2 C3 Peugeot P106 P206 Partner 1.1:1.4i,1920.AH,77645635,2S619155AB,KEMP
Датчик холостого хода Citroen C5Jumpy Peugeot P406 P806 2.0 2.0 16V,19208X,77645637,,KEMP
Датчик холостого хода Daewoo Nexia Lanos,170596602,77641839,,KEMP
Датчик холостого хода Opel  Astra F  Kadet E Corsa A:B 1.2i1.4i,17112027,77645632,,KEMP
Датчик холостого хода Opel Ascona C Astra F Vectra A Kadet E 1.6i,817255,77645630,17059603,KEMP
Датчик холостого хода Renault Clio Kangoo Megan1 1.4,7701044401,77645644,,KEMP
Датчик холостого хода Renault Clio Laguna Megan Scenic 1.4-2.0 i 16V,7700102539,77645631,,KEMP
Датчик холостого ходу Citroen Berlingo  Peugeot 106:306 Partner1.4i,9624800480,77645639,,KEMP
Датчик холостого ходу Citroen Berlingo  Peugeot P206 P306 Partner1.4i,19209L,77645761,,KEMP
Датчик холостого ходу Citroen Berlingo  Peugeot Partner1.8i,1920.6W,77645638,230016079247,KEMP
Датчик холостого ходу Citroen Jamper Peugeot P306-P806 Boxer 2.0 i,1920X9,77645642,9569691680,KEMP
Датчик холостого ходу Daewoo Matiz 0.8,93740918,77645633,,KEMP
Датчик холостого ходу Fiat Tipo Brava Bravo Palio 1.4-16i 1.6 16V,9945635,77645636,,KEMP
Датчик холостого ходу Opel Astra F:G Vectra B Corsa B 1.4-1.6i 16V,826550,77645629,17108187,KEMP
Датчик холостого ходу Renault Clio Kangoo Tvingo 1.1 1.2,7701042403,77645643,D95129,KEMP
Датчик холостого ходу Renault Clio Megan Scenic 1.6i,7701047909,77645634,,KEMP
Датчик холостого ходу VW Audi Fiat 00->,026906247,77645762,F00099M102,KEMP
Датчик частоти обертання колінвала Opel AstraF Corsa B Vectra B 1.4 1.6 16V 94-0,90337650,77648027,,KEMP
Датчик частоти обертання колінвала Opel AstraF Corsa B Vectra B 1.4 1.6 92-02,90451442,77648026,,KEMP
Датчик частоты вращения коленвала VW Audi Skoda 1.6-2.8  96->,,77648019,06A 906 433 C,KEMP
Датчик числа обертів Mercedes SprinterTDI-CDI,0148990007,77643502,,KEMP
Датчик числа оборотов MB SprinterTDI-CDI,0031532728,77643651,,KEMP
Датчик швидкості Daewoo Lanos,96190708,77642958,1300097,KEMP
Датчик швидкості VW Audi  АКП 4ст 91-03,095927321A,77648020,095927321a,KEMP
Дворники комплект Mercedes Benz Sprinter 906,8255,,0018203945,KEMP
"Демпфер, Sprinter 310 - 316 CDI, 2009> / Vito (639), 2010>, (OM651",2294000994,,,KEMP
Джойстик керування дзеркалами Mercedes Sprinter 901-903 Viito 638,45459207,77645437,,KEMP
Джойстик регулювання дзеркал LOGAN/SANDERO/DUSTER Trafic 2 Master,8200214919A,77648963,8200002442,KEMP
"Джойстик управління дзеркалами Renault Master/Trafic 09-Dacia Logan, Sandero",8200002442,77642549,,KEMP
Дзеркало  Audi-100 91-94 R (електро) праве,4A1857502H,77645408,4A1857536C,KEMP
Дзеркало  Audi-A6 94-97 R (електро) праве,4A1858532,77645410,,KEMP
Дзеркало  VW Golf 3 Vento   L  (мех) ліве,1H1857507,77645415,1H6857507,KEMP
Дзеркало  VW Golf 3 Vento   R  (мех) праве,1H1857508,77645414,1H6857508,KEMP
Дзеркало  VW Golf 3 Vento  L  (електро) ліве,6125125,77645417,1H1857507A,KEMP
Дзеркало  VW Golf 3 Vento  R  (електро) праве,6126125,77645416,1H1857508A,KEMP
Дзеркало  праве електро з обігрівом Skoda Octavia A5 04-> (в зборі під фарбуванн,1Z0857538A,77647860,1Z1857508A,KEMP
Дзеркало VW Golf-2 88-91  R праве,191857508A,7764210,,KEMP
Дзеркало VW Passat 88-95 електро L ліве,357857507D,7764693,,KEMP
Дзеркало VW Passat 88-95 електро R праве,357857508D,7764695,,KEMP
Дзеркало VW Passat 88-95 механіка-- L ліве,357857521A,77642212,,KEMP
Дзеркало електро з підігрівом ліве (під фарбування) Citroen Berlingo 08>12,030003,,8153TR,KEMP
Дзеркало ліве електро з обігрівом PASSAT B6 05- (в зборі під фарбування),3C1857507CJ,77647797,,KEMP
Дзеркало праве електро з обігрівом PASSAT B6 05- (в зборі під фарбування),3C1857508CJ,77647798,,KEMP
Диск вимикання зчеплення VW Golf 1.6-1.8 74-00г.(к-кт з бортовим кільцем),055141124J,77641004,055141124H,KEMP
Диск гальмівний не вентильований VW Passat B3 Vento G3,357615301,7764716,,KEMP
Диск гальмівний передній (вент)Opel Kadet E AstraF Daewoo Nexia Lanos,0569001,77645388,,KEMP
Диск гальмівний передній Cheri Amulet,A11-3501075,77641783,,KEMP
Диск гальмівний передній вентельований Audi 100 88-91 5 болтів,447615301В,7764714,,KEMP
"Диск гальмівний передній вентельований W Passat,Golf 86-96",321615301D,7764712,,KEMP
Диск гальмівний передній невентильований VW Passat B2  G2 Jetta 2,321615301,77642267,,KEMP
Диск гальмівний передній невентильований VWGolf 1;2;3  Passat B2 Audi 80->86г.,171615301,77644335,,KEMP
"Диск зчеплення  180х24  VW Golf 1,1-1.3",318000216,77641577,318000216,KEMP
Диск зчеплення  190 х 17 Fiesta Fusion 1.25 - 1.4  2001 >,1878001816,77646029,1878001816,KEMP
"Диск зчеплення  190х24  VW Golf 1,5-1,6 (2сорт)",1861 532 638,7764120,319006510,KEMP
"Диск зчеплення  200х24   VW Golf 2 1,8; 1,6D (2сорт)",1861 838 646,7764121,320000616,KEMP
"Диск зчеплення  200х24  VW Golf 3 Cadi2 Polo 1,6;93-99г.(2сорт)",1862 402 031,77642198,320021610,KEMP
"Диск зчеплення  210х23 A 100,80 85-91 1,6-1,8 (2сорт)",321001810,7764122,321001810,KEMP
"Диск зчеплення  210х24   VW Golf 2-3 1,8; 1,8 I",355614,77642197,321002210,KEMP
"Диск зчеплення  210х24 Luk Audi 100 1.8 A 80 Passat1,6td;1,8",321000817,77642195,321000817,KEMP
"Диск зчеплення  210х24 Luk Golf,Passat1,6td;1,8 OPEL Astra,Vectra (2сорт)",,7764118,321002511,KEMP
"Диск зчеплення  210х28 VW Golf,Bora 1,6 86-96 Skoda Octavia",803054,7764839,321003311,KEMP
"Диск зчеплення  215х24   T2 1.6 D.TD.81-90г, (2сорт)",1862 114 041,7764124,322007016,KEMP
"Диск зчеплення  215х28 VW Golf,Passat,Transp 1,6-20 86-96 Skoda Octavia (2сорт)",1862 265 031,7764123,322014711,KEMP
"Диск зчеплення  228х28 VW Transp,Golf,Passat, OCTAVIA Fabia",323025910,7764126,023141031K,KEMP
Диск зчеплення 190*14  Opel Kadet Ascona Corsa 1.0-1.3 81-87г.,1861 908 131,77641236,319003116,KEMP
Диск зчеплення 190*17 Ford Escort 1.1-1.4 81-90г.,1861 747 033,77642196,319001716,KEMP
"Диск зчеплення 200*24 Opel Kadet Ascona 1,6-1,8 81-91г.",90125389,77641237,536766,KEMP
"Диск зчеплення 210х24 VW Golf 1-3 1,8; 1,8 I 1.9TD (2сорт)",321000716,77645355,027141031,KEMP
"Диск зчеплення 215*23 Ford Sierra, Scorpio OHC 1,8-2,0",322012210,77646811,,KEMP
Диск зчеплення 215х24  O.V.1.8.20 O.K.Daewoo Lanos 1.6 16V Nexia 1.5 16V,322019910,77645401,,KEMP
Диск зчеплення 215х24 O.V.1.8.20 O.K.Astra F1.8-2.0,664166,7764958,664166,KEMP
"Диск зчеплення 215х28 VW Golf,Bora Skoda Octavia 96->",803848,77643814,322028510,KEMP
Диск зчеплення 240х23 Audi 100 2.5 TDI 2.8E 90-94,078141031A,77645357,078141031A,KEMP
Диск зчеплення Cheri Amulet,A11-1601030S,77641772,,KEMP
Диск зчеплення Daewoo Lanos 1.4 185*24,1878 600 907,77642969,96211128,KEMP
"Диск зчеплення Daewoo Lanos, Nubira 1.6",803685,77642869,96232995,KEMP
Диск зчеплення Daewoo Matiz 0.8,96249465,77642870,,KEMP
Диск зчеплення Daewoo Nexia 201*24,1878 600 544,77643554,96232994,KEMP
Диск зчеплення Daewoo Nexia Lanos,96129618,77644114,1878 600 544,KEMP
Диск зчеплення Ford Escort 1.8 д.  діам.220,32201610,77641175,,KEMP
Диск зчеплення Ford Escort 1.8 д.  діам.220*17,803113,77646255,322016010,KEMP
Диск зчеплення Ford Fiesta Coureir 1.8 д.  діам.210,321004710,77642718,321004710,KEMP
Диск зчеплення Ford Sierra 2.3D 2.0-2.9V6 Scorpio 2.4-2.9V6 242*23.,324007710,77645826,,KEMP
Диск зчеплення Mercedes Sprinter 208-308 228mm,02.23.113,77644447,1864503231,KEMP
"Диск сцепления  228х23 A100,80A6",323027610,7764125,050141032P,KEMP
Диск сцепления  228х23 Audi A4 A6 VW Passat B5 1.6m-2.0 96-05,058141031E,77645400,,KEMP
Диск сцепления  228х24 Audi 100 . A 80 PassatB2 (5cyl)77-88,323007417,77645356,,KEMP
Диск сцепления  235*23  Connect 1.8 DI  TDCI   2002 >,C0584735,77646030,,KEMP
Диск сцепления  252*23  Transit  V184  2001 > 2.0 - 2.4 DI,75500ED791929,77646031,1C107550AC,KEMP
Диск сцепления 190*17 Ford Escort 1.1-1.4 81-90г.,2-64616,77641562,319001716,KEMP
Диск сцепления 200*14 OpelAstra/Vectra 1.6I,1862 136 042,77641563,320016110,KEMP
Диск сцепления 210*14 Opel Astra G.H Combo 1.7 CDTI:DTI16V  00->,321008710,77646792,322014610,KEMP
Диск сцепления 215*14 Opel Omega A 1.8-2.0,322014610,77641564,322014610,KEMP
"Диск сцепления 215*23 Ford Sierra, Scorpio 1,8-2,0",322016110,77640338,,KEMP
"Диск сцепления 215*23 Ford Sierra, Scorpio 1,8-2,0",1878 045 541,7764338,322016110,KEMP
Диск сцепления Daewoo Matiz 1.0,1302353,77642871,,KEMP
Диск сцепления Ford Escort 1.6 CVH  -- 86 г. диам.200.,AFD-01,77641173,,KEMP
Диск сцепления Ford Sierra Scorpio 2.0 DOHC,322 0161 10,77645246,,KEMP
Диск сцепления Ford Transit 2.5 д   диам 240*23.,77645458,77645458,1862348031,KEMP
Диск сцепления Ford Transit 2.5 д   диам 242.,18-2603,77641174,,KEMP
Диск сцепления MB Vito 240mm,1864464031,77645176,,KEMP
Диск сцепления VW LT 2.5 SDI/TDI (240 мм),1410.05,,074141032E,KEMP
Диск тормозной задний (с подшипником) Renault Trafic 01>,504 0005,,7711130076,KEMP
Диск тормозной задний MB Sprinter 96-,4356,77643080,,KEMP
Диск тормозной задний MB Vito,4353,7764,6394230112,KEMP
Диск тормозной задний Mercedes Benz Sprinter 904,4357,,9044230312,KEMP
Диск тормозной передний Mercedes Benz Sprinter,4358,,9064210012,KEMP
Диск тормозной передний Mercedes Benz Sprinter,4355,,9024210612,KEMP
"Диск тормозной передний вент Audi100VW Passat B5/Audi A4,A6 93-04 (5 болтов)",4A0615301C,7764715,,KEMP
Диск тормозной передний вент.Ford Transit 00->(задний привод),4041428,77643082,,KEMP
Дифузор радіатора з мотором Chevrolet Aveo T250;255 08-> 300mm 110W,96536522,77647214,,KEMP
Дифузор радіатора охол. в зборі з моторами  W Audi 04->700*460,957823W1,77646156,,KEMP
Дифузор радіатора охолодження VW Audi 04->700*460,1K0121207BB9B9,77641260,,KEMP
Діодний міст генератора Daewoo Lanos 85A,93740830,77644191,,KEMP
Дополнительный стоп сигнал (расп.) VW Caddy,9450.27,,2K0945087C,KEMP
Дроти високовольтні Audi A3 A4 Skoda Octavia A5 1.6,06B905437A,77645377,,KEMP
Дроти високовольтні Opel Astra F G Vectra B 1.2-1.6i Omega B 2.0,1612608,77645368,ZEF 725,KEMP
Дроти високовольтні Opel Astra F KadetE1.8-2.0i,1612551,77645372,ZEF 665,KEMP
Дроти високовольтні VW Transporter T4 2.5i,701998031A,77645374,998350001/701998031,KEMP
"Дроти високовольтні VW VR6 2,8;2.9 6цил",021905409B,77645373,ZEF 298,KEMP
Ексцентрик замка дверей. VW G3 Vento(гачок),1H0837223B,77641596,,KEMP
Ексцентрик замка двері Seat Ibiza Cordoba  93-02г.,6K3837223A,77645588,,KEMP
Ексцентрик замка двері VW Caddy2 Pollo (6K)  95-01г.,6K4837223B,77645589,,KEMP
Ексцентрик замка двері VWPollo (6N)  95-01г.,6N0837223A,77645587,,KEMP
Ексцентрик замка двері VWPollo Seat Ibiza Cordoba  95->,6K4837223A,77645586,,KEMP
Емблема Daewoo  задняя,96303492,77641961,,KEMP
Емблема Daewoo на капот Lanos,96303492,77641291,,KEMP
Емблема с корпусом Renault Master 10->,628950003R,,628950003R,KEMP
Заглушка переднего бампера Renault Kangoo 08>,05.0220,,8200501601,KEMP
Замок  боковой  двери  Ford Transit( механизм ),86VBV264A26AC,77643122,,KEMP
Замок (Защелка)  двери передн VW Passat 01-02 с Ц/З L,3B1837015A,7764427,,KEMP
Замок (Защелка)  двері задньої VW Passat 01-02 з Ц/З L ліва,3B4839015A,77643831,3B1839015A,KEMP
Замок (Защелка)  двері задньої VW Passat 01-02 з Ц/З R права,3B4839016A,77643832,3B1839016A,KEMP
Замок (Защіпка)  двері передн VW Passat 01-02 з Ц/З R права,3B1837016A,7764428,,KEMP
Замок багажника  VW Passat  B3 87-93р. (Личинка),357827571,77641593,,KEMP
Замок багажника  VW Passat  B4 93-96г. (личинка),3A0827571D,77645585,,KEMP
Замок багажника (личинка)  AUDI 100 92-96г.,4A5862055,77641590,4A5827539,KEMP
"Замок багажника (личинка) под ц/з AUDI 80 86-,100 88-91",893862055,7764204,443827539,KEMP
Замок багажника Daewoo Nexia (механізм),96207854,77644448,,KEMP
Замок багажника Renault Twingo 93->Dacia Logan 04->,7701367940,77648993,77648993,KEMP
Замок багажника VW Golf 1 (личинка+кнопка),171827539A,77647479,,KEMP
Замок багажника VW Golf 2 лічинка+кнопка),191827571E,7764205,,KEMP
Замок багажника VW Golf 3 лічинка+кнопка),1H6827571EB41,77641592,,KEMP
Замок багажника VW Jeta 2 лічинка+кнопка),165827571F,77641591,,KEMP
Замок бардачка VW Golf 3 Vento (механізм),1H1857131,77644236,,KEMP
Замок боковой правой сдвижной двери электрический Renault Kangoo 97>07,05.0149,,8200051733,KEMP
"Замок дверей VW ,Passat  B3 передн. L (торцьовий) лівий",357837015E,77641598,357837015,KEMP
"Замок дверей VW ,Passat  B3 передн. R (торцьовий) правий",357837016,77641599,,KEMP
"Замок дверей VW Golf-2 84-91,Passat  B2 передн. R (торцьовий) правий",321837016,77641595,327837016B,KEMP
Замок дверей зад./бок.верх.Fiat Ducato Peugeot Boxer 06->,1344901080,77645678,,KEMP
Замок дверей зад./бок.верх.Fiat Ducato Peugeot Boxer 96-06,1335777080,77645677,,KEMP
Замок дверей задньої лівої нижньої механ Fiat Ducato 2006-2014,1385567080,77648644,,KEMP
Замок двери Daewoo Nexia R передний (механизм),96209547,77644026,,KEMP
Замок двери Ford Transit 95  -- др  вид ( комплект 5лич.),SS 201025,77641142,,KEMP
Замок двери MB Sprinter  (механизм торцевой передний) R,9017201135,77645593,,KEMP
Замок двери MB Sprinter  (механизм торцевой) R,9017301335,77643271,60-975-012,KEMP
Замок двери MB Sprinter  (механизм торцевой) R . задний.,A9017201135,77644065,60-975-011,KEMP
Замок двери MB Sprinter  (механизм торцевой) R сдвиж. зад.,9017301135,77643466,60-975-010,KEMP
Замок двери Mercedes 207-410 (механизм торцевой) L,A6017200335,77642274,A6017200335,KEMP
"Замок двери VW ,Passat  B3 задний. R (торцевой) правый",357839016B,77644242,357839016,KEMP
Замок двери задней левой верхний Fiat Doblo 01>09,050144,,51757819,KEMP
Замок двери задней левой нижний электрический Fiat Doblo 01>09,050145,,51757821,KEMP
Замок двери пасажир LH Ford Transit 86->( механизм ),86VBV21813BA,77643126,,KEMP
Замок двери пасажир RH Ford Transit 86->( механизм ),92VBV21812BA,77643127,,KEMP
Замок двери передней левой электрический Renault Kangoo 97>07,05.0146,,8200727508,KEMP
Замок двері AUDI 80 B3/B4 передн. L (торцевий) лівий,8A1837015A,77644601,,KEMP
Замок двері AUDI 80 B3/B4 передн. R (торцевий) правий,8A1837016A,77644602,,KEMP
Замок двері Audi A100 задній. L (торцевой) ->88г лівий,443839015N,77648911,,KEMP
Замок двері Audi A100 задній. R (торцевой) ->88г правий,443839016N,77648910,,KEMP
Замок двері Audi A100 передн. L (торцевий) ->88г лівий,443837015P,77644245,443837015P,KEMP
Замок двері Audi A100 передн. R (торцевий) ->88г правий,443837016Q,77644246,,KEMP
Замок двері Mercedes 207-410 (механізм торцевий) R,6017202135,77642275,A6017200435,KEMP
Замок двері Mercedes Sprinter  (механізм торцевої передній) L,9017201035,77645592,,KEMP
"Замок двері VW Golf-2 84-91,Passat  B2 передн. L (торцевий) лівий",327837015B,7764119,,KEMP
"Замок двері VW Golf-2 84-91,Passat B2 задній L (торцевий) лівий",327839015B,77644243,321839015C,KEMP
"Замок двері VW Golf-2 84-91,Passat B2 задній R (торцевий) правий",327839016B,77644244,321839016C,KEMP
Замок двері VW Passat B3 B4 задній L (торцевий) лівий,357839015B,77644241,357839015,KEMP
Замок двері зад./бок.верх лівої.Fiat Ducato Peugeot Boxer 06->,1347905080,77649027,,KEMP
Замок задней двери Ford Transit 86-> (ляда) ( механизм ),95VBV43150AA,77643125,,KEMP
Замок задней двери Renault Master/Opel Movano,05.0073,,8200031628,KEMP
Замок задней двери верхний правый Peugeot Boxer/Citroen Jumper/Fiat Ducato 06>,050151,,1362411080,KEMP
Замок задней распаш двери Ford Transit 86-> RH ( механизм ),86VBV43288BD,77643124,,KEMP
Замок задней распаш двери Ford Transit 95-> RH ( средн дверь ),95VBV43288BC,77643123,,KEMP
Замок задньої дверей (защіпка) Mercedes sprinter w906 2006-2017 а90674,9067400035,77641525,,KEMP
Замок зажигания (в сборе) Audi 100 91-94 мех. КПП(нерегулируемая колонка),4A0905851E,77645815,,KEMP
Замок зажигания (в сборе) Daewoo Nexia,530379,77645814,531318,KEMP
Замок зажигания Opel всборе для авто с регулируемой рул.колонкой,236-2579,77642866,,KEMP
Замок запалювання  Fiat Doblo Punto 01->(комплект широкі контакти),46753084,77648148,51831898,KEMP
Замок запалювання  універсальний (6pin)  в зборі,HIS-25,77646,,KEMP
Замок запалювання (в зборі) WV Audi 1K0905851 + 6RA905865 +8E0905855A,1K0905851,77649047,77649047,KEMP
"Замок запалювання + 3 личинки Renault Logan l, Sandero l, Duster",806014108R,77643364,,KEMP
"Замок запалювання Berlingo 96-02, Partner 96-02 , Scudo, Expert, Jumpy",4162W4,77641163,,KEMP
Замок запалювання Fiat Citroen Peugeot,1608682880,77649023,,KEMP
Замок запалювання Fiat Doblo 10-> Punto 05->,51813197,7764236,,KEMP
Замок запалювання Opel в зборі,356-257,77642856,6514485,KEMP
Замок запалювання Opel в зборі для авто з не регульованою рул.колонкою,90069214,77640871,90692145,KEMP
Замок запалювання Peugeot 405 106 605 Expert (6 проводів) 92-96,416292,77642861,77642861,KEMP
Замок запалювання Peugeot Boxer Fiat Ducato Citroen Jamper 02-06 7pin,1329316080,77645774,4162.AL/71719499,KEMP
Замок запалювання Peugeot Boxer Fiat Ducato Citroen Jamper 06->,1348421080,77645773,4162.HN,KEMP
Замок запалювання Peugeot Partner Citroen Berlingo (6 проводів) 96 ->,96244156,77645782,02-01021/-03002,KEMP
Замок запалювання Peugeot Partner Citroen Berlingo 02-08,4162CH,77647997,4162.CH,KEMP
Замок запалювання Renault Clio Dacia Sandero Logan 07-> (4 дроти),7701471220,77648991,,KEMP
Замок запалювання Renault Dacia Sandero 2 LOGAN 2 2013-2020 ключ 2 кнопки,487009602R,77649045,,KEMP
Замок запалювання Renault Dacia Sandero Logan 07-> (4 проводи) ключ 2 кнопки,7701471098,77647996,6601550798,KEMP
Замок запалювання Renault Kango (4 проводи)+2 дверних особини 97 ->,8200176685,77645805,,KEMP
Замок запалювання Renault Kango Trafik (4 проводи) 01- ->,7701044087,77649044,7701044087,KEMP
Замок запалювання Renault Kango Trafik (4 проводи) 97 ->,7701470736,77645792,TR0514,KEMP
"Замок запалювання Renault Kangoo ll, Master lll, Trafic lll",487002147R,77648966,,KEMP
Замок капота Ford Transit V 184 Conntct (верх),YC1516K689AC,77644496,BP4019,KEMP
Замок капота Renault Clio/Symbol 98-08 ПІСЛЯ 2001,8200069296,77644600,,KEMP
Замок капота Renault Trafic Opel Vivaro (верхня частина),93859372,77644603,,KEMP
Замок капота VW Golf 5 Tiguan,1K0823480,77644904,,KEMP
Замок капота VW Transporter T5,7H0823480C,77644907,7H0823480A,KEMP
Замок капота верхний Chery Amulet,A11-8402050,77641802,,KEMP
Замок капота нижний Chery Amulet,A11-8402080,77641803,,KEMP
Замок лівої зсувної двері VW T3 (торцевой) L,252843603A,77648914,252 843 603A,
Замок передней левой двери Renault Master 98>,05.0069,,8200147149,KEMP
Замок сдвижной двери верхний Renault Master/Opel Movano,05.0067,,8200179435,KEMP
Замок сдвижной и задней двери Fiat Ducato/ Peugeot Boxer/Citroen Jumper 01>,050063,,1335777080,KEMP
Запальничка в зборі Daewoo Lanos,96160018,77643321,,KEMP
Запобіжник 50А  W228-C,1987529065,77645299,W228-C,KEMP
Заспокійник ланцюга VW Audi Skoda 1.2-1.4 1.4TSI TFSI 08->,03C109509P,77647738,03C 109 509 P,KEMP
Заспокоювач ланцюга Mercedes OM 601;602;603,6010500816,77643981,,KEMP
Заспокоювач ланцюга Mercedes OM 615;616;617 ->90,6150500916,77643982,,KEMP
Захист,,7764793,,KEMP
Захист над  радіатором Audi-100 84-91,447121293A,7764573,,KEMP
Защита ГРМ VW Passat В3-B4/Golf 2-3/A80/A100 -91 комплект,026109107B,7764208,026 109173A,KEMP
Звезда вала коленчатого VW Audi 1.8 20v 1.8T 96->,06A105209,77647721,06A 105 209,KEMP
Звездочка распредвала MB602,25022,77643607,,KEMP
Зеркало  Audi-100 91-94  L (мех) левое,4A1857501F,77645406,,KEMP
Зеркало  Audi-100 91-94  R  (мех) правое,4A1857502F,77645407,,KEMP
Зеркало  Audi-100 91-94 L (электро),4A1857501H,77645409,4A1857537C,KEMP
Зеркало  Audi-80 86-96  электро L,1307514E,7764257,,KEMP
Зеркало  Audi-A6 94-97 L (электро) левое,4A1858531,77645411,,KEMP
Зеркало  Opel Vectra A  L  (мех),1428043,77645419,1428769,KEMP
Зеркало  Opel Vectra A  R  (мех),1428044,77645418,1428770,KEMP
Зеркало  левое электро с обогревом Skoda Octavia A5 04-> (в сборе под покраску),1Z0857537A,77647859,1Z1857507A,KEMP
Зеркало VW Golf-2 88-91  L,191857507A,7764209,,KEMP
Зеркало VW T4 механика-- L,701857507F 01C,77644081,9559M01,KEMP
Зеркало VW T4 механика-- R,701857508F 01C,77644082,,KEMP
Зеркало VW T4 электрическое-- L,701857507H 01C,77644084,1189103476,KEMP
Зеркало VW T4 электрическое-- R правое,701857508H 01C,77644083,6128986,KEMP
Зеркало VW T5 электрическое-- L,7H1857507A,77645469,7E0857507A,KEMP
Зеркало VW T5 электрическое-- R,7H1857508A,77645468,7E0857508A,KEMP
Зеркало механическое левое Mercedes Benz Vito 638,8142,,6388100016,KEMP
Зеркало наружное Daewoo Lanos L,96304167,77641264,,KEMP
Зеркало наружное Daewoo Lanos R,96304168,77641265,,KEMP
Зеркало наружное Daewoo Nexia  L,96178698,77643243,,KEMP
Зеркало наружное Daewoo Nexia  R,96193918,77643244,,KEMP
Зеркало правое эл.T4,8570.20,,701857508H,KEMP
Знак задней двери VW T4,701 853 601F,,701853601F,KEMP
Значок VW Passat B5 решетки передн,3В0853601,7764581,,KEMP
Значок крышки багажника (железн эмблема) MB W201 W124,2017580058,77645472,1247580158,KEMP
Значок крышки багажника (эмблема) MB W202,2027580158,77645470,,KEMP
Значок крышки багажника (эмблема) MB W210,2107580158,77645471,,KEMP
Значок крышки багажника Audi 100(кольца),443853601,77645291,,KEMP
Значок крышки багажника VWGolf-2,191853601BGX2,7764577,191853601G,KEMP
Значок передній W124 Mercedes Benz W124,1248800086,,,KEMP
Значок решітки (емблема) Skoda Octavia 2,3U0853621,77647717,3U0 853 621,KEMP
Значок решітки (емблема) VW BORA,1J5853601,77647855,1J5 853 601,KEMP
Значок решітки VW Golf2 -88,191853601,7764580,,KEMP
Значок решотки VW Golf2 88- Pass 88-95,191853601H,7764582,/357853600B/3A0853600,KEMP
Значок эмблема капота MB W123 W126 (прицел),1268800286,77645522,,KEMP
Значок эмблема капота MB W140 (прицел),1408800286,77645521,,KEMP
Значок эмблема капота MB W201 W124 (прицел),124880008667,77645520,,KEMP
Значок эмблема капота MB W202 W203 W210 W211 W124E (прицел),2108800186,77645988,Турция,KEMP
Значок эмблема капота MB W202 W203 W210 W211 W124E (прицел),2108800186,77645519,,KEMP
Зовнішня частина дверного замка (права) Mercedes Benz Vario,0007201235,77646308,7212,KEMP
Карбюратор Keihen  VW/Audi 1.6-1.8,026129016H,7764723,,KEMP
Карбюратор Pierburg 2E  VW/Audi 1.6-1.8,,77642208,,KEMP
Карданчик рул. рейки круп. шлиц VW Golf 83-98 без Г/У,191419951J,7764279,,KEMP
Карданчик рулевого Ford Fiesta 89 -- КА,7257202,77641054,,KEMP
Карданчик рулевого Ford Transit  T-15 86->,SS1138,77644442,,KEMP
Карданчик рулевого Ford Transit 86->,92VB-3K677-EA,77642596,,KEMP
Катушка зажигания  Daewoo Nexia,96165049,77642988,,KEMP
Катушка зажигания Audi  A3  Skoda Octavia Fabia VW Golf4-5 1.2-1.6 00->,036905715E,77642827,,KEMP
Катушка зажигания Chevrolet Aveo Lachetti Daewoo Leganza (3х конт.),96253555,77643565,,KEMP
Катушка зажигания Chevrolet Aveo Lachetti Daewoo Leganza (3х конт.),96253555,77642986,1309.6060,KEMP
Катушка зажигания Ford Escort CVH,KD - 8001,77641141,,KEMP
"Катушка зажигания Ford Focus, Mondeo 98 --",1075786,77641382,988F12029AD,KEMP
"Катушка зажигания VW Pas.Golf,TranspT5 Cadi/Audi A3 A4/Skoda 96->(с комутатором)",032905106B,77643376,,KEMP
"Кільце abs VW Passat,Golf/A3 88-02 (на задню маточину)",1J0614149,7764520,,KEMP
"Кільце глушника VW Golf,Passat, Transport сітка",161298115,7764595,,KEMP
"Кільця поршневі Ford [74,0 + 1] - (  1.5 х 1.75 х 3 ) 1.3 88 --",08-785011-00,77641415,,KEMP
"Кільця поршневі Ford [74,0 STD] - ( 1.5 х 1.75 х 3 )  1.3 88  --",08-785000-00,77641413,,KEMP
"Кільця поршневі Ford [82,5 + 0.5] - ( 2.5 х 2х 3 ) 1.8 T.D.",08-785207-00,77641422,,KEMP
"Кільця поршневі Ford Escort [80,0 + 1] - ( 2 х 2 х 3  ) 1.6  D.",800008410100,77641419,,KEMP
Кільця поршнів 4ц  VW  Audi STD комплект 81 (1.5*1.75*3) на 1циліндр к-т,50011817,77642182,800001043000,KEMP
"Кільця поршнів 4ц  VW, Audi +0.25 (1.5*1.75*3) на 1циліндр к-т",800001043025,77644331,50011817+025,KEMP
"Кільця поршнів 4ц  VW, Audi +0.5 (1.5*1.75*3) на 1циліндр к-т",800001043050,776469,50011817+05,KEMP
Кільця поршнів 4ц VW Audi 1.6 96->STD комплект 81 (1.2*1.5*2) на 1циліндр к-т,800039410000,77647725,06B 198 151,KEMP
Кільця поршнів Opel (75mm) (1.5*1.5*4)  1.3 OHC на 1циліндр к-т,50011127,77642174,,KEMP
Кільця поршнів Opel (75mm) (1.75*2*4) OHC на 1циліндр к-т,50011557,77642173,,KEMP
Кільця поршнів Opel 1.6D (80mm) (2*2*3) на 1циліндр к-т,50011633,77641485,,KEMP
Кільця поршнів Opel 2.3D (92.0mm) (2*2*4) STD на 1циліндр к-т,50010311,77642177,,KEMP
Кільця поршнів VW (79.5mm)  (1.75*2*4) на 1циліндр к-т,800000941000,77642175,,KEMP
Кільця поршнів VW Golf  81діам   +0.25 на 1циліндр к-т,800001013025,7764409,037198151,KEMP
Кільця поршнів VW T2 1.9  (94.0mm)  (1.75*2*4)   STD на 1циліндр к-т,50011 601,77641501,,KEMP
Кільця поршнів VW T2 1.9 (94.0mm) (1.75*2*4) STD на 1циліндр к-т,50011601,77642176,,KEMP
Кільця поршнів VW/Audi (75mm)  (1.75*2*3) 1.0-1.3 81- STD на 1циліндр к-т,800025041000,77642178,50010924,KEMP
Кільця поршнів VW/Audi (76.5mm) (1.75*2*3) 1.6 2.0 2.4 D STD на 1циліндр к-т,50011549,77642158,,KEMP
Кільця поршнів VW/Audi (79.5mm)  (1.75*2*3)  1.7 D/1.9D/TD/2.4D STD на 1циліндр,50011288,77642179,,KEMP
Клапан (вип.) VW Audi Skoda 1.4-1.6 16V 1шт.,036109611K,77644001,,KEMP
Клапан (вип.) VW Audi Skoda 1.8 20V 1шт.,058109611E,77646191,058109611AP,KEMP
Клапан (вп) VW Audi Skoda 1.4-1.6 16V 1шт.,036109601S,77646190,,KEMP
Клапан (вп.) VW Audi Skoda 1.8 20V 1шт.,058109601C_611AP,77643999,,KEMP
Клапан EGR VW Caddy III 1.9 TDI/2.0TDI,7.00907.03.0,,03G131502,KEMP
Клапан вентиляції паливного бака VW Audi 02->,6QE906517A,77648325,6QE 906 517A,KEMP
Клапан випускний VW/Audi  (1 шт.),053109611,7764838,,KEMP
Клапан випускний VW/Audi Skoda 7mm (1 шт.),078109611C,77647869,,KEMP
Клапан впускний VW/Audi Skoda 7mm (1 шт.),078109601B,77647868,,KEMP
Клапан впускной Berlingo/Partner/Scudo 1.9D/TD XUD9/DW8 96->06,4243/SCR,,0948.94,KEMP
Клапан впускной VW Caddy/T5 1.9/2.0/2.5 TDI / 2.0 SDI,6208/S,,038109601E,KEMP
Клапан впускной VW LT/T4/Crafter 2.5TDI,331141,,046109601J,KEMP
Клапан выпускной Berlingo/Partner/Scudo 1.9D/TD XUD9/DW8 96->06,3988/RCR,,0949.60,KEMP
Клапан выпускной VW LT/T4/Crafter 2.5TDI,331142,,046109611E,KEMP
Клапан зворотний паливного фільтра,26960,77643627,1000340003,KEMP
Клапан зворотний паливного фільтра,1J0127247A,77644910,26960,KEMP
Клапан обратки топливного фильтра,191127247A,77644920,1000340002,KEMP
Клапан обратки топливного фильтра MB  Sprinter Vito CDI,6110780249,77644909,,KEMP
Клапан управления турбиной Mercedes Benz Viano/Vito M646,7.00262.02.0,,0041539328,KEMP
Клапан холостого хода Audi 80 100 A6 2.0 2.3 VW 2.8 VR6,0280140512,77645645,,KEMP
Клапан холостого хода Ford Scorpio OHC DOHC,E9ZF9F715AA,77641913,,KEMP
Клапана (вп. вип.) VW Audi Skoda 1.8T 20V к-кт.20шт.,058109601С_611AM,77644000,,KEMP
"Клик зад. бампера, VW T4 R правий",701807322,77644080,,KEMP
"Клык зад. бампера, MB Sprinter L",60-920-004,77643274,,KEMP
"Клык зад. бампера, MB Sprinter R",60-920-003,77643275,,KEMP
"Клык зад. бампера, VW T4 L левый",701807321,77644079,,KEMP
Кнопка  включення світла VW Golf-2 (8 pin),191941531H,77648147,,KEMP
Кнопка  включення світла VW Golf-2 88-,191941531K,776423,,KEMP
Кнопка аварийки Renault Master2 Laguna2 Espace4,8200442724,77648012,,KEMP
Кнопка аварійки Opel Astra G 98-05,6240490,77648011,91038060,KEMP
"Кнопка аварійки Renault  Duster, Logan MCV, Sandero",8200602232,77647393,,KEMP
Кнопка аварійки RENAULT KANGOO 08-12,8200523299,77648979,,KEMP
Кнопка аварійки RENAULT MASTER 10-,252100991R,77641233,,KEMP
Кнопка аварійки RenaultRenault Trafic lll 14>Dacia Duster,252100622R,77649068,,KEMP
"Кнопка аварійної сигналізації / VW Golf-IV,Bora 97",1J0953235C,77644270,,KEMP
Кнопка аварійної сигналізації Daewoo Lanos,96231858,77648010,,KEMP
Кнопка аварійної сигналізації Skoda OCTAVIA TOUR,1U0953235B,77649072,,KEMP
Кнопка відкривання багажника RENAULT  (2012 - 2023),906069264R,77649067,,KEMP
Кнопка відкривання багажника RENAULT MEGANE SCENIC Kangoo II,8200076256,77643568,,KEMP
Кнопка відкриття замка внутрішньосалонна VW Audi (алюміній) к-кт 2 шт.,,77641611,,KEMP
Кнопка включення аварійного сигналу Renault Kangoo,7700308821,77645655,,KEMP
Кнопка кінцевик двері ord Transit 00->,5F2T 14045 AA,77648937,,KEMP
Кнопка педали тормоза Mercedes Benz Vito 639,5491,,0015453809,KEMP
Кнопка педали тормоза VW Caddy III,9450.30,,6Q0945511,KEMP
Кнопка педали тормоза VW Caddy/T4/T5,9450.28,,1J0945511A,KEMP
Кнопка педали тормоза VW T5,9450.29,,1J0945511D,KEMP
Кнопка перемикання світла  VW Passat B-2,321941531K,7764195,,KEMP
"Кнопка приводу замку кришки багажника ford  c-max, fiesta vi, focus ii, focus",6M51-19B514-AD,77640863,,KEMP
Кнопка протитуманки Аudi-100  88-95 / Аudi-80 86-91,893941563,7764176,,KEMP
Кнопка ск/підймач Fiat DOBLO (2001 - 2010) ліва одинарна,735417033,77641061,77641061,KEMP
Кнопка Ск/підймача Ford  Transit  (V347/8) 2006,5C1T14529AA,77649061,,KEMP
Кнопка Ск/підймача Ford FUSION  CONNECT Transit,96FG14529BC,77649060,,KEMP
Кнопка склоопускача Fiat DOBLO (2001 - 2010) права,735417034,77649062,,KEMP
"Кнопка склоопускача Renault , Master 2 6 PIN",8200242600,77649069,,KEMP
"Кнопка склоопускача Renault Megane 2, Trafic 2 передня права 6 pin",8200057321,77649059,,KEMP
Кнопка склоопускача VW Audi Skoda 5K0 права,5K0959855,77649064,,KEMP
"Кнопка склопідіймача Renault Captur, Clio IV 7pin",254118722R,77649026,,KEMP
Кнопка склопідіймача Renault Kango Clio 97-> (5 pin),7700838099,77645811,,KEMP
"Кнопка склопідіймача Renault Kangoo 3, Trafic 2, Master 2 6 PIN",8200476809,77648978,,KEMP
"Кнопка склопідіймача Renault Logan, Sandero (заднього) (6 pin)",8200199223,77645812,,KEMP
Кнопка склопідіймача VW Audi Skoda 1K0 права,1K0959855,77649073,,KEMP
Кнопка склопідіймача VW Audi Skoda 5G0 права,5G0959855F,77649074,5GG959855E,KEMP
Кнопка склопідіймача VW Audi Skoda 5G0 права,5G0959855,77649077,,KEMP
Кнопка склопідіймача VW Golf4 Bora VW Passat B5 (одинарна),3B0959855B,77645654,,KEMP
Кнопка склопідйомника Ford Escort 95->р. 6pin,95BG14529AB,77642130,,KEMP
Кнопка склопідйомника Ford FUSION CONNECT Transit права,1006292,77643569,,KEMP
"Кнопка склопідйомника Renault , Master 2 6 PIN",8200502452,77641454,,KEMP
Кнопка склопідйомника Renault Kango Clio 97-> (6 pin),8200090327,77645788,7700410151,KEMP
"Кнопка склопідйомника Renault Megane 2, Trafic 2 10 PIN",8200107772,77648977,,KEMP
Кнопка склопідйомника VW Audi Skoda 5J0 права,5J0959855,77641062,,KEMP
Кнопка склопідйомника права Renault Kangoo 08-/Dokker 13-/ Sandero 12-/ Fluen,254217475R,77641068,,KEMP
"Кнопка склопідйомника, F.-Tr., 1994-2000 / V-184, 2000-2006 / Es-88 1,6-1,8  7pi",6706937,77641578,,KEMP
Кнопка стеклопідйомника Audi-A80A100 VWG2 B2 електро одинарна (5pin),893959855,7764507,330959855A,KEMP
Кнопка стеклоподъемника Fiat DOBLO (2001 - 2010) левая двойная,77649063,77649063,735417033,KEMP
КНОПКИ СКЛООПУСКАЧА ЛІВ. TRAFIC/DUSTER/LOGAN 14-,809611667R,77641231,,KEMP
Ковпачок задної маточини VW/ Audi,823501249,7764191,,KEMP
Кожух инжектора Mercedes Benz M102,102 141 1090,,1021411090,KEMP
"Колектор выпускной Audi 80 84-91г.1,6-1,8k",026129591D,77641244,990825,KEMP
"Колодки гальм задні  VW Golf2,3,Passat B2,В3/A80 -91,Skoda (200)",1H0698525,7764420,,KEMP
Колодки гальм задні  VW Touareg,7L6698451B,77642834,,KEMP
Колодки гальм задні  VW Transporter T4 2.5 97->(з датчиком),0252188519,77645162,43795,KEMP
Колодки гальм задні Audi A4 A6 A8 05->VWCadi 3 09->,4F0698451A,7764423,,KEMP
"Колодки гальм передні  Audi 100 83-90, VW Passat B-3 88-90",357698151A,7764785,,KEMP
Колодки гальм передні  VW Golf 3 Vento Polo Clasic Seat  Ibiza Cordoba Toledo,1H0698151A,77644009,,KEMP
Колодки гальм передні  VW Golf 4 Bora Skoda Octavia Seat 1.8T;1.9TDI,ST1212,77645545,FDB969 8N0698151A,KEMP
Колодки гальм передні  VW Golf 4 Skoda Octavia Seat  з датчиком,ST1211,77645525,1K0698151A FDB1635,KEMP
Колодки гальм передні  VW Golf 5 Cadi 3 Skoda Octavia A5 Seat,1K0698151E,77642397,1K0698151,KEMP
Колодки гальм передні  VW Golf 6 Scirocco Skoda Superb Passat B6 CC,1K0698151B,77645420,,KEMP
Колодки гальм передні  VW Touareg,7L6698151E,77642833,,KEMP
Колодки гальм передні  VW Touareg 2.5-6.0 Porsh Cayenne,7L0698151,77643949,,KEMP
Колодки гальм передні  VW Transporter T5 03-> R16,7H0698151A,77642832,,KEMP
Колодки гальм передні VW Golf 4 Skoda Octavia Seat з датчиком,1J0698151E,77643805,1K0698151A,KEMP
Колодки гальм передні VW Transporter T4 0990-1995 R15,0252163517,77644476,,KEMP
"Колодки гальмів задні  Audi-100,80,A4,A6 86-01 супорт",4A0698451,7764152,,KEMP
"Колодки гальмів задні  Audi-100,80/Passat  84 -96 бараб.  (230)",443698071,7764153,,KEMP
Колодки гальмів задні  VW Golf 2/VW Passat B2/A80 -86 (180),191698051,7764157,191609626,KEMP
Колодки гальмів задні  VW Golf 5;6 VW Passat B6/A3 A6 Octavia A5 Cadi 3,3C0698451C,77643365,1K0698451D,KEMP
Колодки гальмів передні  VW Golf 2-3/Passat B2/Seat (OE) (не вент.),1H0698151,7764155,,KEMP
Колодки гальмів передні  VW Golf 4 Bora Skoda Octavia Seat 1.8T;1.9TDI,8N0698151A,77643399,,KEMP
Колодки гальмів передні  VW Golf 4 Skoda Octavia Seat  з датчиком,GDB1386,77643400,1J0698151,KEMP
Колодки гальмів передні VW Golf 2-3/Passat B2/Seat (вент),191698151,7764499,,KEMP
Колодки гальмівні Ford Sierra  2.0 задні,6559230,77641926,,KEMP
Колодки гальмівні Ford Sierra  84 -- /Ford Escort  -- 90 гпередні,2610045,77641396,GDB1222,KEMP
Колодки гальмівні Ford Transit 2000 -- передні,2610044,77641181,,KEMP
Колодки гальмівні Ford Transit 2000 -- передні R16,GDB1424,77642606,,KEMP
Колодки гальмівні Ford Transit 2006 -> передні 2.4TDCI,ST1477,77645558,FVR1928 GDB1724,KEMP
Колодки гальмівні Ford Transit 92 -- Т 15. передні,JFD-082,77641180,,KEMP
Колодки гальмівні задні  Fiat Ducato Peugeot Boxer Citroen Jumper 94->,ST1246,77645531,FVR1480 9949407,KEMP
Колодки гальмівні задні Cheri Amulet,A11-3502170,77641784,,KEMP
Колодки гальмівні задні Fiat Scudo Peugeot Expert 806 Citroen Jumpy,ST1594,77645553,FDB1772,KEMP
Колодки гальмівні задні Ford Transit 2006 -> V347,ST1475,77645557,GDB1725,KEMP
Колодки гальмівні задні Mercedes Opel Volvo VW,GDB910,77643416,,KEMP
Колодки гальмівні задні Mercedes Sprinter 208-214 95г.,10.1039R,77642528,21621,KEMP
Колодки гальмівні задні Mercedes Sprinter 208-214 95г.(з датчиком),GPB01039,77643221,21621,KEMP
Колодки гальмівні задні Mercedes Sprinter 4.6 5t VW Crafter 30-50  06->,0044208120,77644320,,KEMP
Колодки гальмівні задні Mercedes Sprinter VW Crafter 06->,0044206920,77643087,10.21246,KEMP
Колодки гальмівні задні Mercedes Sprinter VW Crafter 06-> Vito (639) Viano,ST1426,77645526,FDB1779,KEMP
Колодки гальмівні задні Mercedes Vito,GDB1408,77643594,10.1494,KEMP
Колодки гальмівні задні Mercedes Vito 108/110/113(з датчиком),10.1044R,77642529,21278,KEMP
Колодки гальмівні задні Mercedes Vito 639 Viano,3924,77645061,,KEMP
Колодки гальмівні задні Mercedes Vito 98->,0271700,77645165,0271700,KEMP
Колодки гальмівні задні Mercedes W202 W124,GDB911,77643388,0004209820,KEMP
Колодки гальмівні задні Renault Master2 Opel Movano 98->,ST1352,77645538,FDB1453,KEMP
Колодки гальмівні задні Renault Trafic Opel Vivaro 2001->,ST1309,77645541,FDB1516,KEMP
"Колодки гальмівні передні  Audi 100 83-90, VW Passat B-3 88-90 вент",325698151,77641343,,KEMP
Колодки гальмівні передні (+датчик) Fiat Scudo Peugeot Expert 806 Citroen Jumpy,ST12442,77645552,FDB1000,KEMP
Колодки гальмівні передні Fiat Ducato Peugeot Boxer Citroen Jumper 01->,ST1247,77645532,FVR1479,KEMP
Колодки гальмівні передні Fiat Ducato Peugeot Boxer Citroen Jumper 06->,ST1439,77645527,FDB1923,KEMP
Колодки гальмівні передні Fiat Ducato Peugeot Boxer Citroen Jumper 94->,ST1245,77645530,FVR1478 9949516,KEMP
Колодки гальмівні передні Ford Escort --  90 ->,GDB1583,77641178,,KEMP
Колодки гальмівні передні Ford Fiesta 2001 -->з АВS,2610031,77641922,GDB1419,KEMP
Колодки гальмівні передні Ford Focus,JFD-054,77641177,,KEMP
Колодки гальмівні передні Ford Focus II 2004 -> C-MAX  2003,1310029,77641921,,KEMP
Колодки гальмівні передні Ford Mondeo -- 93,GDB1107,77641182,1073731,KEMP
Колодки гальмівні передні Ford Mondeo 2000,0676300,77641183,,KEMP
Колодки гальмівні передні Ford Transit 2000 -- V184 (передній привід),ST1261,77645556,FDB1461 GDB1461,KEMP
Колодки гальмівні передні Mercedes 207-310 82-96 G-Class 230-500,0252078418,77643806,6014208720,KEMP
Колодки гальмівні передні задні Mercedes Sprinter 2t 4t VW LT28-35 96->,0044202420,77644319,,KEMP
Колодки гальмівні стоянкового гальма Mercedes Vito 639 Viano,19-1777,77644397,19-1777,KEMP
Колодки гальмівні стояночного гальма Mercedes Sprinter 2t:3t 160*40,GPS0624,77643596,GPS0624,KEMP
Колодки гальмівні стояночного гальма Mercedes Sprinter209-318  06->,19-0333,77644118,,KEMP
Колодки гальмівні стояночного гальма VW Transporter T5,19-1790,77645115,191790,KEMP
Колодки задние без пластин MB Sprinter 96-06 ATE,SB23901C,,GDB1263,KEMP
Колодки задние с пластиной MB Vito 639 03-,SB24008,,GDB1601,KEMP
Колодки задние с пластиной Renault Master R16,SB23669,,GDB1470,KEMP
Колодки задние с пластинойMB Sprinter -06 (Bosch Безухая),SB23021,,GDB1399,KEMP
Колодки задние с пластинойMB Sprinter 06- однокатковый,SB29190,,GDB1697,KEMP
Колодки задние с пластинойMB Sprinter 96-06 ATE,SB23901,,GDB1263,KEMP
Колодки задниеDaewoo Lanos R14 Lacetti,SB25232,,GDB4178,KEMP
Колодки задні Renault Trafic,SB23980,77646823,GDB1479,KEMP
"Колодки передние Caddy III, Octavia I (ушки вверх)",SB23131,,GDB1386,KEMP
"Колодки передние Dacia Logan 12- , Sandero 11- /Renault Clio 12-",SB25702,,GDB2016,KEMP
Колодки передние Daewoo Lanos R13,SB23241,,GDB3195,KEMP
Колодки передние Ford Transit 00-,SB23434,77641629,,KEMP
Колодки передние с пластиной Chevrolet Aveo,SB23974,,GDB3634,KEMP
Колодки передние с пластинойDacia Logan 04-,SB21463,,GDB400,KEMP
Колодки передние с пластинойDaewoo Lanos R14 Lacetti,SB23234,,GDB3265,KEMP
Колодки передние с пластинойFord Transit 06-,SB24485,,GDB1723,KEMP
Колодки передние с пластинойMB Sprinter 06- однокатковый,SB29192,,GDB1698,KEMP
Колодки передние с пластинойMB Vito 639 03-,SB24007,,GDB1600,KEMP
Колодки передние с пластинойRenault Master R16,SB23613,,GDB1442,KEMP
Колодки передні Renault Trafic,SB23099,,GDB1478,KEMP
Колодки передні без пластин Mercedes Sprinter 96-06 однокатковий,SB23990C,,GDB1220,KEMP
"Колодки торм задние  VW Passat В5, Audi-A4-A8 Skoda",8E0698451A,7764784,,KEMP
Колодки торм задние  VW Transporter T4 (без датчика),ST1390,77645566,FDB1482,KEMP
Колодки торм задние  VW Transporter T4 (с датчиком),7795,77644136,43795,KEMP
Колодки торм задние  VW Transporter T5 03->,SB23326,77642535,0252332617,KEMP
Колодки торм задние Audi Q706-> VW Touareg 02-10,ST1476,77645548,FDB1627 7L0698451,KEMP
"Колодки торм передние  Audi 100 ,A6 91-97 (круг.разъем)",4A0698151A,77641342,,KEMP
"Колодки торм передние  Audi 100 83-90, VW Passat B-3 88-90",ST1011,77645524,8A0698151BB,KEMP
Колодки торм передние  VW Audi A4 96-06 (овал.разъем),8E0698151M,77643951,,KEMP
Колодки торм передние  VW Golf 4 Skoda Octavia Seat,6Q0698151,77642396,6N0698151N,KEMP
"Колодки торм передние  VW Passat B5/Audi A4,A6 96-04",ST1213,77645555,FDB1323,KEMP
"Колодки торм передние  VW Passat B5/Audi A4,A6 96-04 (+датчик)",ST1313,77645546,FDB1668 4B0698151,KEMP
"Колодки торм передние  VW Passat B5/Audi A4,A6 96-04 (овал.разъем)",4B0698151,7764710,4B0615116G,KEMP
Колодки торм передние  VW Polo Skoda Fabia  Seat Arosa,ST1085,77645563,FDB1101 6N0698151,KEMP
Колодки торм передние  VW Transporter T4 90-03г.R15,ST13911,77645543,FDB1518 7D0698151D,KEMP
Колодки торм передние  VW Transporter T5 03-> (c датчиком)  R17,7H0698151,77643095,,KEMP
Колодки торм передние  VW Transporter T5 03-> (c датчиком+аксесуары),SB23746,77642534,11.1643R,KEMP
Колодки тормозные Ford Connect  2002-> задние,4387344,77644161,,KEMP
Колодки тормозные Ford Fiesta Fusion 01-> задние(203*38),1123790,77644456,,KEMP
Колодки тормозные Ford Focus 1 98-> задние(203*38),1121669,77644454,1126158,KEMP
Колодки тормозные Ford Focus 2 2004-> задние барабан(228*42),1224569,77644455,1224569,KEMP
Колодки тормозные Ford Mondeo 93->1.6-2.0 задние(203*38),5027752,77644453,1473056,KEMP
Колодки тормозные Ford Transit 2001->передние(R-15),4114749,77644452,GDB1461,KEMP
Колодки тормозные Ford Transit 2006 -> передние 2.2TDCI,ST1479,77645559,FDB1929 GDB1723,KEMP
Колодки тормозные Ford Transit 2006 -> передние 2.2TDCI,GDB1723,77642607,1371403,KEMP
Колодки тормозные Ford Transit 2006 -> передние 2.4TDCI,GDB1724,77642608,,KEMP
Колодки тормозные Ford Transit 91 --  Т12 задние,6579150,77641927,,KEMP
Колодки тормозные Ford Transit 92 -- Т 12. передние,GDB1084,77641179,,KEMP
Колодки тормозные задние Chevrolet Aveo,96473229,77641296,,KEMP
Колодки тормозные задние Daewoo Esp.Nex.Opel Kadet  (200*45),20.198,77642536,1605792,KEMP
Колодки тормозные задние Daewoo Lanos Nexia   (барабан),96226110,77641267,,KEMP
Колодки тормозные задние Daewoo Nub.Laceti  (диск),96405131,77642955,1399261,KEMP
Колодки тормозные задние Ford Escort  -- 90 г180*32,C0G021JC,77641184,1604982,KEMP
Колодки тормозные задние Ford Escort -- 90,C0G011JC,77641185,,KEMP
Колодки тормозные задние Ford Escort -- 90  180*32,1604982,77644457,5 020 413,KEMP
Колодки тормозные задние Ford Focus II 2004 --> C-MAX 2003,1310030,77641925,3M512M008AC,KEMP
Колодки тормозные задние Ford Scorpio -- 85,87GX2M008BA,77641397,2610049,KEMP
Колодки тормозные задние MB Sprinter 2t 3t VW LT28-35,10.1306,77643226,23021,KEMP
Колодки тормозные задние MB Vito 638 система ATE.(+ датчиком),ST1195,77645565,FDB1044,KEMP
Колодки тормозные задние MB Vito CDI,ST1289,77643210,FDB1305 0004214210,KEMP
Колодки тормозные задние MB Vito->98,0232122,77645164,0232122,KEMP
Колодки тормозные задние Mercedes Benz Vito 639,4268,,0014211010,KEMP
Колодки тормозные задние Opel Movano/Renault Master III 2.3Dci/2.3Cdti 10>,04.0158,,440601147R,KEMP
Колодки тормозные задние Renault Kangoo 07->,ST1585,77645562,FDB4186 7701205996,KEMP
Колодки тормозные задние Renault Kangoo 08>,04.0182,,7701209869,KEMP
Колодки тормозные задние Renault Master 3 Opel Movano 10->,ST1648,77645539,GDB1903 93167662,KEMP
Колодки тормозные задние VW T5,6980.17,,7H0698451,KEMP
Колодки тормозные передние (+датчик) Fiat Doblo Doblo Cargo 01->,ST1411,77645529,FDB1376,KEMP
Колодки тормозные передние Chevrolet Aveo,96534653,77643613,,KEMP
Колодки тормозные передние Chevrolet Aveo,10.001R,77642526,,KEMP
Колодки тормозные передние Daewoo Nexia,96101972,77641268,,KEMP
Колодки тормозные передние Daewoo Nub.Laceti  (вент.диск),96405129,77641266,23234,KEMP
Колодки тормозные передние Fiat Doblo 03-> Opel Combo 12->,ST1249,77645551,FDB1467,KEMP
Колодки тормозные передние Ford Mondeo 00-07,1521531,77644324,,KEMP
Колодки тормозные передние Ford Scorpio -- 85,2610026,77641923,,KEMP
Колодки тормозные передние MB 190 (W201) 82-96,GDB817,77643223,0014200920,KEMP
Колодки тормозные передние MB 609-814 Vario (c отв.под датчик),6704202820,77643225,10.879/29835,KEMP
Колодки тормозные передние MB Sprinter 208-314 95г.,SB23990,,GDB1220,KEMP
Колодки тормозные передние MB Sprinter 208-314 95г.(+ датчиком),ST10931,77645533,FDB1038,KEMP
Колодки тормозные передние MB Sprinter 208-314 95г.(с датчиком),10.1038R,77642527,21576,KEMP
Колодки тормозные передние MB Sprinter 312,3567,77645056,,KEMP
Колодки тормозные передние MB Vito 98-г.(с датчиком),ST1223,77645535,FDB1304,KEMP
Колодки тормозные передние MB Vito 98-г.(с датчиком),10.1304R,77642531,23022,KEMP
Колодки тормозные передние Mercedes Benz Sprinter 906,4264,,0044208320,KEMP
Колодки тормозные передние Mercedes Benz Vito 639,4261,,0014210910,KEMP
Колодки тормозные передние Opel Kadet Vectra Omega,ST1219,77645560,FDB1424,KEMP
Колодки тормозные передние Peugeot 206-306 Partner Citroen Berlingo 96->,ST1112,77645561,FDB1477,KEMP
Колодки тормозные передние Peugeot 206-307 Partner Citroen Berlingo 96->,ST1327,77645550,FDB1399,KEMP
Колодки тормозные передние Renault Kangoo 98-08 (+датчик),ST11751,77645567,FDB1135,KEMP
Колодки тормозные передние Renault Master2 Opel Movano 98-> R15,ST1301,77645536,FDB1292,KEMP
Колодки тормозные передние Renault Master3 Opel Movano 10->,ST1640,77645540,FVR4347,KEMP
Колодки тормозные передние Renault Trafic Opel Vivaro 2001->,ST1308,77645542,FDB1515,KEMP
"Колодки тормозные передние VW Polo 12-, Skoda Fabia 11-",SB25681,,GDB2027,KEMP
Колодки тормозные передние с датчиком VW T5,6980.22,,7E0698151,KEMP
Колодки тормозные передние с датчиком VW T5,6980.15,,7H0698151,KEMP
Колодки тормозные стояночного тормоза MB Sprinter 312,02.35.051,77645166,,KEMP
Колпак колесного диска  VW Transporter T4,7D0601151,7764782,,KEMP
Колпачок задней ступицы  Audi 100,431501249,77641339,,KEMP
"Кольца поршневые 0,50 Renault Kangoo 1.9 D",8938295000,,,KEMP
Кольца поршневые Ford [68.68mm STD] - (1.5-1.75-3) 1.0-1.1 HCS на 1 поршень,0878410000,77641472,,KEMP
"Кольца поршневые Ford [74,0+0,5] - (  1,5 х 1,75 х 3 ) 1,3 88 --",,77641414,,KEMP
"Кольца поршневые Ford [86,2 + 0,5] - ( 1,6 ; 2 ; 4 ; )  1,8  ОНС",,77641423,,KEMP
"Кольца поршневые Ford [86,2 +1] - ( 1.6 х 2 х 4 ) 1.8 ОНС",,77641424,,KEMP
"Кольца поршневые Ford [87,65 + 0.5] - ( 1,6 x 2 x 4  )",,77641425,,KEMP
"Кольца поршневые Ford [90,8 + 0.5] - ( 1.6 х 2 х 4 )",,77641427,,KEMP
"Кольца поршневые Ford [90,8 STD] - ( 2 ; 2.5 ; 4 ;)  2,0  ОНС",,77641426,,KEMP
"Кольца поршневые Ford [90,8+0.5] - ( 2 х 2.5 х 4 )",,77641429,,KEMP
"Кольца поршневые Ford [90,8+1] - ( 1.6 х 2 х 4 )",,77641428,,KEMP
"Кольца поршневые Ford [90,8+1] - ( 2 х 2.5 х 4 )",,77641430,,KEMP
"Кольца поршневые Ford Escort [77,24 + 0,5]  1,4  СVН",,77641417,,KEMP
"Кольца поршневые Ford Escort [77,24 STD]  1,4  СVН",,77641416,,KEMP
"Кольца поршневые Ford Escort [82,5 + 0,5]- ( 2 ; 2 ; 3 )  1,8  D.",,77641420,,KEMP
"Кольца поршневые Ford Escort [82,5 + 1] - ( 2 ; 2 ; 3 ) 1,8  D.",08-783511-00,77641421,,KEMP
"Кольца поршневые Ford Sierra [94+0,6] 2,3  D.",08-318708-10,77641431,,KEMP
Кольца поршневые STD (на 1 цил.) Fiat Ducato 2.3JTD/MJET,800070710000,,9569148880,KEMP
Кольца поршневые STD (на 1цил.) Mercedes Benz M601/602,800017110000,,,KEMP
Кольца поршневые STD Fiat Doblo/Opel Combo 1.4i,8920950000,,010 20 N0,KEMP
Кольца поршней Opel (84.8mm) (1.5*1.5*3) STD на 1цилиндр к-т,50010629,77642180,,KEMP
Кольца поршней Opel 1.7D (82.5mm) (2*2*3) STD на 1цилиндр к-т,50011795,77642181,,KEMP
Кольца поршней Opel 2.0-3.0 (95.0mm) (2*2*4) STD на 1цилиндр к-т,50011558,77642157,01144N0,KEMP
Кольца поршней Opel 2.0i  (86.0mm) (1.5*1.5*3)  OHC на 1цилиндр к-т,50010731,77641490,,KEMP
"Кольцо кпп VW Golf 2-3  1,6-1,8  /A2/A3",020409374,7764224,,KEMP
Коммутатор Daewoo Nexia,1989747,77643786,,KEMP
Коммутатор системы зажигания OPEL (4 контакта),90243618,77644499,,KEMP
Комплект болтов ГБЦ Boxer/Jumper,81043800,,0204.A9/0204.C0,KEMP
Комплект болтов ГБЦ Kangoo/Master/Trafic/Movano/Vivaro,272.010,,7701058030,KEMP
Комплект замків (личинки) Daewoo Nexia (4шт.),96223338,77642848,,KEMP
Комплект замків (личинки)Daewoo Matiz (4шт.),96611858,77642847,,KEMP
Комплект замків (особини) Cheri QQ (4шт.),S11-6105P,77642850,225-156QQ,KEMP
Комплект замків (особини) Cheri QQ (4шт.) з Ц.З.,S11-6105PBA,77642849,S11-9CN6105PBA,KEMP
Комплект замків (особини) Peugeot 206 (4шт.),4162EW,77642860,77642860,KEMP
Комплект замків (повний4шт) Dacia Logan Sandero Duster,6001549589,77645784,25212348,KEMP
"Комплект замків Renault Kangoo97- (особини 5шт,)",7701472590,77645809,256881 Valeo,KEMP
Комплект замків Renault Master (7PCS/SET),7701471592,77648985,,KEMP
Комплект замків з ключем Renault Master II,7701470952,77649024,,KEMP
Комплект замків з ключем Renault Master II((личинки 2 шт),7701470944,77649043,,KEMP
Комплект замків повний Peugeot Expert Citroen Jumpi Fiat Scudo 98->,4162F4,77647999,252614,KEMP
Комплект замків повний Peugeot Partner Citroen Berlingo 02-08,4162.CF,77647998,,KEMP
"Комплект замків повний Renault Kangoo97- (особини 5шт,кришка баку,замок запал.)",7701472589,77645808,256880 Valeo,KEMP
Комплект замков  Renault Kangoo97- (2 передних личинки),7701472590,77647549,,KEMP
Комплект замков (личинки) Chevrolet Aveo (4шт.),96439511,77645724,76548683ODM,KEMP
Комплект замков (личинки) Chevrolet LacettiI (4шт.),96419747,77645725,96548683,KEMP
Комплект замков (личинки) Daewoo Lanos,96464746,77644116,,KEMP
Комплект замков (личинки) Opel (4шт),93172800S,77642867,,KEMP
Комплект личинок замков ford transit 2000-2006 (7шт) hmpx,1C1AV22050BA,77640551,,KEMP
Комплект особистків замків FORD CONNECT 2002-2006 (8ШТ),2T1AV22050AD,77644576,,KEMP
"Комплект прокладок 1,8CVH (малий комплект)",77648073,77648073,5020122,KEMP
"Комплект прокладок FORD 1,6D (малий комплект)",5011843,77647416,51002800,KEMP
"Комплект прокладок SIERRA 2,3D (малый комплект)",77648074,77648074,0198.94,KEMP
Комплект прокладок инжек   OHC (малый комплект),5028467,77647414,016049,KEMP
Комплект прокладок инжек  DOHC (малый комплект),5020864,77647417,920.809,KEMP
Комплект прокладок карбюр    ESCORT IV 1.4 (малый комплект),77648633,77648633,W548,KEMP
Комплект прокладок карбюр   DOHC (малый комплект),5028550,77647418,2124963200,KEMP
Комплект прокладок карбюр   OHC (малый комплект),5028468,77647415,2124963200,KEMP
Комплект сцепления корзина+диск без выжимного Chevrolet Laceti 1.8,826422,77643556,K05215B9,KEMP
Комплект сцепления корзина+диск+выжимной Daewoo Lanos,821411,77642755,DWK 004-027,KEMP
Комплект сцепления корзина+диск+выжимной Daewoo Lanos1.6,DWK-028,77642872,,KEMP
Комплект цели привода распредвала VW Audi Skoda  1.8 2.0 TSI 10->(ремкомплект),ET RS 0043,77647875,ETRS0043,KEMP
"Комплект,замків (з замком речового ящика)Opel Astra F Corsa B Vectra A",90414135,77645810,90512545,KEMP
Комутатор 3*2 конт. Audi VW Passat Golf  Transporter (тип Beru),867905352,77645510,,KEMP
Комутатор 3*2 конт. Audi VW Passat Golf  Transporter (тип Beru),138419,77645508,,KEMP
Комутатор 3*2 конт. Audi VW Passat Golf  Transporter (тип Bosch),867905352,77645511,,KEMP
Комутатор 4*3 конт. Audi A80 A100 A4-A8 2.6-2.8,4A0905351,77645424,4A0905352,KEMP
Комутатор 6*2 конт. VW Pas. Golf  Transp 6*2 pin (тип Bosch),867905351,77645512,,KEMP
Комутатор 7-ми конт. VW Golf 2/Passat B2/T2/A100 -91/A80 -91,211905351D,77647719,211 905 351 D,KEMP
Комутатор 7-ми конт. VW Golf 2/Passat B2/T2/A100 -91/A80 -91,191905351B,77645422,,KEMP
Комутатор 7-ми конт. VW Golf 2/Passat B2/T2/A100 -91/A80 -91/Opel Kadett E,5DA006623011,7764437,RTX-910,KEMP
Комутатор Ford Escort -- 90 р,КМ 281,77641134,,KEMP
Комутатор Ford Escort 90 --,КМ 533,77641137,,KEMP
"Комутатор Ford Scorpio, Sierra   [Motorcraft]",6109051,77641136,,KEMP
"Контакт група замка запал  VW Golf 2, -88г.A-80. B2. T2.",111905865L,7764114,,KEMP
Контакт група замка запал.  Audi-100 86-97/A80 87-98/A495-97/A8 94-99,4A0905849,7764225,,KEMP
"Контакт група замка запал.  VW Golf 2,3,4/VW Passat B3,В4/Transporter T4",357905865,7764226,,KEMP
Контакт група замка запалювання VW Caddy2 Golf VW Passat PolloTransporter T4,6N0905865,77645651,,KEMP
Контактна група r master iii бокової двері,252160004R,77640922,,KEMP
Контактна група замка запалювання  Ford Tranzit 86-2000,86VB11572BC,77641847,,KEMP
Контактна група замка запалювання Audi  VW  Pollo;Passat Skoda Fabia  14->7PIN,6RA905865,77648003,6RA 905 865,KEMP
Контактна група замка запалювання Audi  VW T6 Pollo;Passat Skoda Fabia,7E0905865,77645785,6R0905865,KEMP
Контактна група замка запалювання Audi A100 91-97/A80 87-98/A4 95-97/A8 94-99,4A0905849B,77645776,4A0905849B,KEMP
Контактна група замка запалювання Audi A3-A8 VW T5 Golf;Passat Skoda Fabia Octav,4B0905849,77643369,100905020,KEMP
Контактна група замка запалювання Audi VW Pollo;Passat Skoda 03-14 6PIN,1K0905865A,77648987,IK0 905 865,KEMP
Контактна група замка запалювання Daewoo Lan.Aveo Tac.Evan.,96238726,77641297,77641297,KEMP
Контактна група замка запалювання Daewoo Nexia Matiz,530395,77642740,96238726,KEMP
Контактна група замка запалювання Fiat Doblo 02-Idea Palio (7 конт. вузькі),46819068,77645793,81831900,KEMP
Контактна група замка запалювання Fiat Doblo 02-Uno Palio (7 конт.широкі),51831900,77645795,81831900CE,KEMP
Контактна група замка запалювання Ford Eescort Fiesta 95->,7260051,77648974,95AB11572AA,KEMP
Контактна група замка запалювання Ford Fiesta  2001 >Focus Transit  V184. V347,1S15BB145MM,77646049,1677531,KEMP
Контактна група замка запалювання MERCEDES BENZ TRUCK ACTROS,A0055459508,77648986,9424600004,KEMP
Контактна група замка запалювання Mercedes Sprinter 96-06 Vito(638)96-03,A0005458108,77645787,0005458108,KEMP
Контактна група замка запалювання Opel  Astra G Zafira A,90589314,77645727,0914863,KEMP
Контактна група замка запалювання Opel  Combo Corsa Meriva 01->,9115863,77645728,0914861,KEMP
Контактна група замка запалювання Opel (5 конт.),90052497,77645786,914850,KEMP
Контактна група замка запалювання Opel (5 конт.),253-159,77642864,,KEMP
Контактна група замка запалювання Opel (5 конт.),0914850,77642858,90052498,KEMP
Контактна група замка запалювання Opel Omega B  Vectra B,914856,77645652,,KEMP
Контактна група замка запалювання Opel Omega B  Vectra B Corsa B,90505912,77645729,0914856,KEMP
Контактна група замка запалювання Opel Omega B93-00  Vectra A Astra F 93-96,90389377,77645726,0914852,KEMP
Контактна група замка запалювання Renault  Dacia 06-> (4 конт.)(Y),TR0524,77648001,FG62515,KEMP
Контактна група замка запалювання Renault Clio 3,DF32572,77649025,8200214168,KEMP
Контактна група замка запалювання Renault Trafic2 Kangoo R 19 Clio(4 конт.),7700805669,77645775,84146,KEMP
Контактна група замка запалювання SKODA OCTAVIA/VW GOLF 2014->,5Q0905849,77648975,,KEMP
Контактна група замка запалювання VW Skoda Seat 08->7PIN,6C0905865,77648989,,KEMP
"Контактна група замка запалюванняFORD Escort,Fiesta,Transit",1 014 143,77648988,1014143,KEMP
"Контактна група замка запалюванняVOLKSWAGEN GOLF VII 2014-,TIGUAN 2016-OURAN 201",5Q1905865,77649053,,KEMP
Контактна група зсувної двері на двері (нова) mercedes sprinter w907,6398200654,77649112,9078213000,KEMP
Контактна група розсувних дверей (контакти на кузові) fiat ducato,1348483080,77645897,,KEMP
Контактна група ц/з бік двері ducato250,1348484080,77646798,,KEMP
"Контактна група, CONNECT FOCUS  FIESTA  FUSION  MONDEO  GALAXY",98AB11572BG,77648964,,KEMP
Контактная група замка зажигания Audi 100 73-88,443905849A,7764722,,KEMP
Контактная група замка зажигания Renault  Dacia 06-> (4 конт.) ( I ),6001546809,77648990,,KEMP
Контактная група замка зажигания VWSHARAN,7M0905865B,77645300,,KEMP
Контактная группа замка зажигания Ford Eescort Fiesta 86->,89FB11572AB,77648973,86AU11572A,KEMP
Контактная группа замка зажигания Ford Transit,SS 201023,77641384,,KEMP
Контактная группа замка зажигания Opel (6 конт.),93741069,77642859,0914852,KEMP
Контактная группа замок зажигания  Fiat Doblo 10-> Punto 05->,51813197,77640236,,KEMP
Контактная группаMercedes Benz Sprinter,5482,,0005458108,KEMP
Концевик двері Ланос/Лачети/Aveo/Такума,96235956,77644509,,KEMP
Корзина зчеплення Audi 100 88-91 80 86-91 1.6-1.8 VWPassat B5 1.6   210 mm,050141117A,7764778,,KEMP
"Корзина зчеплення Audi A-4, A-6, VW Passat 96-05 1.6-2.0 діам 228 mm",123025310,7764779,058141117A,KEMP
"Корзина зчеплення Audi-100,80 81-89, VW Passat 79-88  1,6-1,8  210mm",121000212,77644303,,KEMP
Корзина зчеплення Chevrolet Aveo Lacetti Daewoo Nubira Lanos 16W 218mm,96349031,77641298,,KEMP
Корзина зчеплення Daewoo Nexia Lanos,96343035,77641846,96183980,KEMP
Корзина зчеплення Opel Kadet Vectra Astra Corsa 1.6:1.7D 200mm,90209357,77644304,,KEMP
Корзина зчеплення VW Golf 80-98  діам 200mm,120005013,7764781,,KEMP
"Корзина сцепления Audi-100 83-95, A-6 2.0-2.3 диам 240mm",124005610,7764776,,KEMP
"Корзина сцепления Audi-100,80 81-89, VW Passat 79-88  1,6-1,8  210mm",121000212,7764780,,KEMP
Корзина сцепления Ford Escort 1.3 95->,501190900,77642605,,KEMP
Корзина сцепления Ford Escort 1.3-1.6D 190mm,51190900,77645245,,KEMP
Корзина сцепления Ford Escort 1.3-1.6D 190mm,119002410,77642719,,KEMP
"Корзина сцепления Ford Sierra, Scorpio 2.0 ОНС",122002612,77641176,,KEMP
Корзина сцепления Ford Transit2.5D 242mm,124007811,77642721,,KEMP
Коромисло Daewoo Lanos Nexia,96351051,77643445,,KEMP
"Коромисло Ford 1,4 1,6 CVH",6144744,77644163,,KEMP
Коромисло Ford Transit 2.5D,XS1Q6529AA,77643116,,KEMP
"Корпус водяного насоса (помпы) VW Audi 78-96г 1,6-2,0  4 цил.",037121013A,77647100,P-513G/,KEMP
Корпус замка заж. Ford Transit  с личинк  с конт груп.,SS 201021,77641143,,KEMP
"Корпус замка запалювання Amarok, MultiVan TranSporterV/VI  Skoda",1K0905851,77649046,77649046,KEMP
Корпус замка запалювання Audi-100,441905851,7764599,,KEMP
Корпус замка запалювання Audi-100 91-94,4A1905851,77645741,,KEMP
Корпус замка запалювання Audi-A4:A6 VW Passat B5 95-,4D0905851,77645735,4D0905851A,KEMP
Корпус замка запалювання Opel з нерегульованою рульовою колонкою,0914495,77642855,,KEMP
"Корпус замка запалювання VW Golf,Passat 82-87г.",321905851D,77642206,171905851,KEMP
"Корпус замка запалювання VW Golf,Passat 88-96",357905851D,776422,,KEMP
"Корпус замка запалювання VW Golf,Passat Pollo  88-00",357905851F,77645743,,KEMP
"Корпус замка запалювання з конт.групою Amarok, MultiVan TranSporterV/VI  Skoda",1K0905851B,77649048,1K0905851 + 1K0905865,KEMP
Корпус замка запалювання з конт.групою Audi VW  Skoda,6R0905851F,77649050,77649050,KEMP
Корпус замка запалювання з конт.групою Audi VW  Skoda,6R0905851D,77649049,77649049,KEMP
Корпус замка запалювання з конт.групою Audi VW  Skoda,4B0905851P,77649052,,KEMP
Корпус замка запалювання з конт.групою Audi VW  Skoda,4B0905851B,77649051,77649051,KEMP
Корпус замка запалювання з контактною групою Opel з регульованою рульовою колонк,0914484,77642854,,KEMP
Корпус подвесного подшипника  Opel Omega A Senator B,90343676,77644641,,KEMP
Корпус помпы MB OM 616;617,6172010501,77645444,,KEMP
Корпус правого зеркала (вырез под повторитель) Renault Master/Opel Movano 10>,03.0075,,963016903R,KEMP
Корпус термостата  VW Golf2 1.387-91 Polo 1.3 86-94,030121117M,77645464,,KEMP
Корпус термостата  VW Golf2 Polo 1.0 1.3,030121117L,77643965,,KEMP
Корпус термостата  VW Golf2 Polo 1.0 1.3 83-91,030121117D,77645463,,KEMP
Корпус термостата  VW Golf3 Wento 1.4;1.6,030121117N,77643963,,KEMP
Корпус термостата (в зборі) VW Audi 1.4 TFSI TSI 08->,03C121026AS,77648327,03C121026AR,KEMP
Корпус термостата c термостатом Ford Transit V347 2.4 TDCI 2006->,1432394,77648210,,KEMP
Корпус термостата Ford Connect 1.8 DI 2002->,2S4Q-9K478-AD,77644461,,KEMP
Корпус термостата Ford Scorpio Sierra OHC,6117379,77641920,LCCF06003,KEMP
Корпус термостата Ford Scorpio Sierra OHC (з відводом),6117379,77649080,LCCF06003,KEMP
Корпус термостата Ford Transit  2.5 D  86 -- 2000 г.  ( алюминевый  ),924F-9K457-AC,77646045,1093991,KEMP
Корпус термостата Ford Transit  2.5 D  86 -- 2000 г.  ( пластмасовый ),924F-9K457-AD,77646044,1093991,KEMP
Корпус термостата MB OM -601-603 (крышка),6032030374,77645445,,KEMP
Корпус термостата MB OM -615-617 к-кт(c крышкой),6162030074,77645518,,KEMP
Корпус термостата Renault Kangoo/Megane/Laguna,8200561420,77646142,08.0004,KEMP
Корпус термостата VW Golf Bora Polo Cadi Octavia 1.4-1.6+датчик,032121111N,77643964,,KEMP
Корпус термостата з термостатом Ford Transit 2.0 DI 2001->,1C1Q-8A586AC,77644463,,KEMP
Корпус термостата з термостатом Ford Transit V184 2.4 DI 2001->,1C10-8A558-AA,77644464,,KEMP
Корпус термостата з термостатом Ford Transit V347 2.4 TDCI 2006->,8C1Q-8A586-AA,77644465,,KEMP
Котушка запалювання  VW Passat В5 Audi 1.8T,06B905115R,7764219,06В905115L,KEMP
Котушка запалювання Audi TT A3  1.8T98-> A6A8 3.7-4.2 98->г.,06B905115E,77641323,,KEMP
Котушка запалювання Chevrolet  Lachetti Daewoo Nubira,96453420,77642987,,KEMP
Котушка запалювання Chevrolet Aveo 1.6 CheryAmulet (4х конт.),92099894,77643564,1315.6060,KEMP
"Котушка запалювання VW Passat,2.0 16V Transp T4 Polo Toledo 1.6i (квадратн 6 кон",701905104,77645423,,KEMP
"Котушка запалювання VW Passat,Golf, Transp/Audi100,80/Skoda 90-99 (квадратн)",6N0905104,7764460,,KEMP
"Котушка запалювання VW Passat,Golf, TranspT5 Cadi/Audi Skoda 96->(без комутатора",032905106B,77645509,06b905106A,KEMP
Кошик зчеплення Ford Escort 1.8D 220mm 88->,122011410,77642720,,KEMP
"Крестовина кардана 23,82х62 Mercedes Benz W124/201/202/210",4114,,U167,KEMP
Крестовина кардана 24х88 Mercedes Benz Sprinter 906,4112,,,KEMP
Крестовина кардана 31х110 Mercedes Benz Vario,4180,,,KEMP
Крестовина кардана Ford Transit   86 --   (31mm),GU-1740,77641373,,KEMP
Крестовина кардана MB 609-814 (31*88mm),4101,77645851,02.34.012,KEMP
Крестовина кардана MB Sprinter (d27*75),U967,77645076,,KEMP
Крестовина кардана MB Sprinter (d27*75),4103,77645824,U 967,KEMP
Крестовина кардана MB Sprinter 2006-> (906)27*88,4111,77645825,GU 2788,KEMP
Крестовина карданного вала Ford Transit V-184 (30.18*81.7mm),GU-3082,77644183,,KEMP
Крестовина карданного вала Ford Transit--2000   (27mm),GU-1100,77641245,,KEMP
Крестовина рулевого карданчика Mercedes Benz Sprinter,4611,,15 x 40,KEMP
Крестовина рулевого карданчика W639 W906 Mercedes Benz Spinter 906,4625,,16 x 40,KEMP
Крильчатка вентилятора Паразитна  Audi /VW (поряд з електродвигуном 4 лопаті),811119113,7764302,,KEMP
Крильчатка вентилятора Паразитна  Audi /VW (рядом з електродвиг 6 лопатей),811119113B,77644986,,KEMP
Крильчатка вентилятора Паразитна  VW Golf 3 Passat B3 B4  (рядом з електродвиг),1H0119113,77644985,,KEMP
Крильчатка на термомуфту (3крріплення) Mer W124 OM201-602  W202 2.0-2.3 Kompreso,6032000523,77644916,,KEMP
Кришка бака  VW/Audi 86-99 (без ключа),1H0201553B,7764232,808117,KEMP
Кришка бака VW/Audi 86-99 (з ключем),533201551F,7764260,1H0201551,KEMP
Кришка бака VWTransporter T4 91-03 (з ключем),7D0201551,77646642,701201253,KEMP
Кришка баку Mercedes Benz 207-310,124 470 00 05,77643463,04102,KEMP
Кришка баку VW/Audi 86-99 (з ключем),191201551A,77644250,191201551A,KEMP
Кришка баку VWG1. (з ключем),17S201551,77642272,,KEMP
Кришка баку VWG1. (з ключем),171201551L,77642273,,KEMP
Кришка баку VWTransporter 79-92 (з ключем),251201551C,77643994,0,KEMP
Кришка бензобака  Ford Transit 86-91,247548,77644604,,KEMP
Кришка бензобака з ключем Peugeot 405,280-255,77642865,1508.67,KEMP
Кришка бензобака з ключем Renault Kango 97->,745373,77645789,,KEMP
Кришка заливки маслаRenault Kangoo 1.5dCi Master2. 2.2-2.5dCi Trafic 2.5 dCi,7700741840,77644917,,KEMP
Кришка заливу масла Mercedes Benz OM 111,0140380000,77644764,1110180302,KEMP
Кришка корпусу термостата Ford Connect 1.8 DI 2002->,2S4Q-8594-AB,77644462,,KEMP
Кришка масла заливної горловини Opel  Corsa  01->Meriva,93334742,77644935,,KEMP
Кришка масла заливної горловини Opel Astra  F Corsa B 1.4-1.6 16V,90412819,77644934,,KEMP
Кришка масла заливної горловини Opel Astra  Vectra  Omega  1.6-2.0,90499250,77644939,93211771,KEMP
Кришка масла заливної горловини Opel Astra  Vectra  Omega  16V,90412509,77644933,,KEMP
Кришка масла заливної горловини Opel Astra F ;G 1.7 TD Omega B 2.0,90467664,77644942,206024,KEMP
Кришка масла заливної горловини Opel Astra F Tigra,650091,77641601,,KEMP
Кришка масла заливної горловини Opel Kadet Vectra,650094,77641602,,KEMP
Кришка маслозаливної горловини Daewoo Nexia,96181843,77642770,,KEMP
Кришка маслозаливної горловини VW LT,1030.01,,026103485,KEMP
Кришка паливного бака Daewoo Lanos/ Chevrolet Aveo+LacettiI(з ключем),96351800,77641557,MG05-01260,KEMP
Кришка радіатора  207 Sprinter Vito,0142300000,77644388,1245000406,KEMP
"Кришка розширювального бачка  VW Golf,Passat B3.4,Transport 86-02",1H0121321C,7764233,1H0121321C/A,KEMP
"Кришка розширювального бачка  VW Golf,Passat B3.4,Transport 86-02",1H0121321B,77644900,,KEMP
Кришка розширювального бачка  VW Transporter T2,025121321B,77644912,,KEMP
Кришка розширювального бачка Citroen Berlingo Peugeot 106-605 Partner,130684,77644922,,KEMP
Кришка розширювального бачка Ford  (жовта),86FB8100GD,77644932,,KEMP
Кришка розширювального бачка Lacetti  Lanos Nexia,96420303,77644915,96293657,KEMP
Кришка розширювального бачка Lacetti  Lanos Nexia 16V 1.2bar.,96293957,77644921,,KEMP
Кришка розширювального бачка Opel 1.2 bar.(Жовта),1304666,77644927,1304654,KEMP
Кришка розширювального бачка Renault 9-25 Fiat  Lancia 1.0 bar,46556737,77644925,,KEMP
Кришка розширювального бачка VW Golf 1.2./Audi 80 100,443121321,7764473,171121321D,KEMP
Кришка розширювального бачка VW/Audi 96-05г.,1J0121321B,77644901,,KEMP
Кришка трамблера   Audi-100 84 -91 5 цил,034905207B,7764159,,KEMP
Кришка трамблера  VW Passat В3-B4/Golf 2-3/A80/A100 4 цил,1235522444,7764438,51905207,KEMP
Кришка трамблера Mercedes W201 W124 2.0-2.3 84-93 г.,0001584902,77641321,,KEMP
"Кришка,заливна горловина масла Ford OHC 2.0i",6165786,77645143,,KEMP
"Кришка,заливна горловина масла Ford Transit T12 2.5D",1513600200,77645290,,KEMP
Кронштейн  двері зсувної середній Renault Kangoo 08->BENZ CITAN,497637,77647339,8200497637,KEMP
Кронштейн  КПП  Audi-100 88 -91 R,443399104L,7764230,443399114H,KEMP
Кронштейн бічної сдвижної двері прав низ renault kangoo 97-07,7700303509,77649031,,KEMP
Кронштейн бічної сувальної двері прав сред renault kangoo 97-07,7700308222,77646244,,KEMP
Кронштейн двері бічної (сдвижної) правий нижній trafic 3 з кронштейном,745965439R,77649032,77649032,KEMP
Кронштейн двері бокової (зсувної) правий нижній trafic 3 Каретка,745965439R,77648947,77648947,KEMP
Кронштейн зсувних  дверей  Mercedes Sprinter (906) 06-> нижній,9067600547,77645880,,KEMP
Кронштейн зсувних  дверей Mercedes Sprinter верхній,9067600147,77645882,,KEMP
Кронштейн зсувних  дверей Mercedes Sprinter середній,9067600347,77645881,,KEMP
Кронштейн зсувних  дверей Mercedes Vito (639) 03- нижній,6397601747,77644228,,KEMP
Кронштейн зсувних  дверей Mercedes Vito 95-03 нижній,6387601847,77643895,,KEMP
Кронштейн зсувних бічної двері середній Ford Transit 12- (Каретка),BK31V268B40AE,77649030,,KEMP
Кронштейн зсувних дверей  Peugeot Partner Citroen Berlingo 08-> R середній,9680486480,77649034,правый,KEMP
Кронштейн зсувних дверей F.Ducato C.Jumper P.Boxer 02-> нижній з кронштейном,1352331080,77645664,,KEMP
Кронштейн зсувних дверей F.Ducato C.Jumper P.Boxer 02-> середній з кронштейном,1336737080,77645665,,KEMP
Кронштейн зсувних дверей F.Ducato C.Jumper P.Boxer 06-> верхній з кронштейном,1344234080,77645669,,KEMP
Кронштейн зсувних дверей F.Ducato C.Jumper P.Boxer 06-> нижній з кронштейном,1344239080,77645667,,KEMP
Кронштейн зсувних дверей F.Ducato C.Jumper P.Boxer 06-> середній з кронштейном,1344266080,77645668,,KEMP
Кронштейн зсувних дверей F.Ducato C.Jumper P.Boxer 94-02 нижній,1334554080,77645666,,KEMP
Кронштейн зсувних дверей Mercedes Sprinter 410-416 LT46 середній,9047600447,77645672,,KEMP
Кронштейн зсувних дверей Mercedes Sprinter верхній,9017601047,77643168,,KEMP
Кронштейн зсувних дверей Mercedes Sprinter нижній,9017600128,77643165,,KEMP
Кронштейн зсувних дверей Mercedes Vito (639) 03- верхній,6397601347,77645673,,KEMP
Кронштейн зсувних дверей Mercedes Vito (639) 03- середній,6397601547,77645674,,KEMP
Кронштейн зсувних дверей Mercedes Vito 95-03 верхній,6387601247,77643893,,KEMP
Кронштейн зсувних дверей Mercedes Vito 95-03 середній,6387600847,77643894,,KEMP
Кронштейн зсувних дверей Peugeot Partner Citroen Berlingo 08-> R нижній ремкомпе,9680486680,77649035,9680486680 (R),KEMP
Кронштейн зсувних дверей Peugeot Partner Citroen Berlingo 08->верхній L,9680486980,77646628,,KEMP
Кронштейн зсувних дверей VW LT 28-46 MB Sprinter (901)верхній,2D1843436A,77645661,9017601047,KEMP
Кронштейн зсувних дверей VW LT 28-46 MB Sprinter (901)нижній,2D1843398,77645663,9017600128,KEMP
Кронштейн зсувних дверей VW LT 28-46 MB Sprinter (901)середній,2D1843336D,77645662,9017601347,KEMP
Кронштейн зсувних дверей VW Transporter 92-00 середній,701843336A,7764721,,KEMP
Кронштейн зсувних дверей верхній Ford Transit 86-00,86VBV25028AMYCQF,77646625,86VBV25028AM,KEMP
Кронштейн зсувних дверей нижній Ford Transit 86-00,86VBV25000AG,77646626,,KEMP
Кронштейн зсувних дверей нижній Ford Transit V184 01->(без кронштейна),1667673,77645670,YC15V25000AF,KEMP
Кронштейн зсувних дверей середній Ford Transit V184 01-> V347 06->,YC15V268B40AJ,77645671,1705693,KEMP
Кронштейн зсувних дверейFiat Doblo  (2000-2010) комплект нижній правий,51735971,77648945,,KEMP
Кронштейн зсувних дверейFiat Doblo 01-10 середній правий,46843004,77646807,050123,KEMP
Кронштейн зсувних двері ford transit 14> правої верхній,BK31V25028AD,77646872,,KEMP
Кронштейн зсувних двері VW Transporter 96-00 нижній з кронштейном,701843406B,7764819,,KEMP
Кронштейн зсувних двері низ. transit 12- ezc-fr-12 ezc-fr-121,BK31V25000AG,77646867,,KEMP
Кронштейн зсувних двері середній Ford Transit 86-00,1057328,77641455,,KEMP
Кронштейн зсувної бічної двері середній Ford Transit 12-,BK31V268B40AE,77643560,,KEMP
Кронштейн зсувної двері Mercedes 207-410 (601;602) верхній ремкомплект,6017600647,77646641,,KEMP
Кронштейн зсувної двері Peugeot Partner Citroen Berlingo 08-> L нижній,9680486780,77646630,,KEMP
Кронштейн зсувної двері Peugeot Partner Citroen Berlingo 08-> L середній,9680486580,77646629,,KEMP
Кронштейн зсувної двері Renault Trafic 2001- нижній (ремкомплект ролики),7700312012,77644229,,KEMP
Кронштейн зсувної двері Renault Trafic Opel Vivaro 2001 верхній,7700312370,77648724,RVS1032,KEMP
Кронштейн зсувної двері VW Transporter 92-03 верхній,701843436,77643279,,KEMP
Кронштейн зсувної двері VW Transporter 96-00нижній (р/к ролики без кронштейна),701843406 B,77644066,,KEMP
Кронштейн зсувної двері VW Transporter T5 03-> верхній лівий,7H0843435P,77643898,7H0843435P (L),KEMP
Кронштейн зсувної двері VW Transporter T5 03-> нижній,7H0843398H,77643280,,KEMP
Кронштейн зсувної двері VW Transporter T5 03-> нижній лівий,7H0843397AC,77642745,,KEMP
Кронштейн зсувної двері верхній Ford Transit V184 01->(без кронштейна),YC15V25028AF,77645748,YC15V25028AC,KEMP
Кронштейн зсувної двері верхній Ford Transit V184 01->(з кронштейном),YC15V25028AC,77645749,1639909,KEMP
Кронштейн зсувної двері нижній Ford Transit V184 01->(з кронштейном),YC15V25000AF,77645746,YC15V25000AC,KEMP
Кронштейн зсувної двері правий нижній fiat doblo 09-,51943939,77641457,,KEMP
Кронштейн зсувної двері середній Ford Transit 01->,4358223,77645747,VC15V268B40AD,KEMP
Кронштейн ковзної дверей Renault Maste/Movano 98-10 верхній (ремкомплект ролик),8200080743,77646627,,KEMP
Кронштейн крепления бампера переднего (передний) L Audi A100 91-94,4A0807129D,77645301,4A0807283A,KEMP
Кронштейн крепления бампера переднего (передний) R Audi A100 91-94,4A0807130D,77645302,4A0807284A,KEMP
"Кронштейн кріплення бампера передн/задн VW Golf, Passat 83-99",165807193A,7764787,,KEMP
"Кронштейн кріплення бампера передн/задн VW Golf, Passat 88-99",1H0807193,77644077,,KEMP
Кронштейн обмежувача задньої двері Mercedes sprinter 901 - 904 1995 - 2,9017600228,77618942,,KEMP
Кронштейн обмежувача задньої двері Mercedes sprinter 906 2006- (на к,9067600428,77648941,,KEMP
Кронштейн переднего бампера к-ктPeugeot Partner 08>,110057,,7416J2,KEMP
Кронштейн переднего бампера левый Renault Master/Opel Movano 10>,05.0200,,8200409286,KEMP
Кронштейн переднего бампера правый Renault Master/Opel Movano 10>,05.0201,,8200409288,KEMP
Кронштейн передній двиг VW Golf-2  84-91,191199273C,7764139,,KEMP
Кронштейн подвесного подшипника,501 0400,776471,,KEMP
Кронштейн розсувних дверей F.Ducato C.Jumper P.Boxer 02-> верхній з кронштейном,1336735080,77648636,,KEMP
Кронштейн розсувних дверей Renault Maste/Movano 10-> середній,8200661119,77648639,,KEMP
Кронштейн розсувних дверей Renault Maste/Movano 98-10 середній (з кронштейном),7700352379,77648638,,KEMP
Кронштейн розсувних дверей Renault Master/Opel Movano 10>нижній L,745970687R,77648640,,KEMP
Кронштейн розсувних дверей Renault Trafic 2001- середній (з кронштейном),7700312372,77648637,,KEMP
Кронштейн розсувних дверей VW Cadi3 верхній,2K0843436,77643891,,KEMP
Кронштейн розсувних дверей VW Cadi3 нижній  L лівий,2K0843397,77643892,,KEMP
Кронштейн розсувних дверей VW Cadi3 нижній  R правий,2K0843398,77643889,,KEMP
Кронштейн розсувних дверей VW Cadi3 середній,2K0843336,77643890,,KEMP
Кронштейн розсувних дверей VW Crafter 06-> нижній,2E1843398C,77643886,,KEMP
Кронштейн розсувних дверей VW Crafter 06-> середній,2E1843336,77643885,,KEMP
Кронштейн розсувних дверей VW Crafter 06->верхній,2E1843436,77643884,,KEMP
Кронштейн розсувних дверей VW Transporter 91-95 нижній,701843406,77641000,,KEMP
Кронштейн розсувних дверей VW Transporter T5 03-> верхній,7H0843436B,77643888,,KEMP
Кронштейн розсувних дверей VW Transporter T5 03-> середній,7H0843336D,77643887,,KEMP
Кронштейн ручки капота з мех.VW Bora Golf Skoda Octavia Fabia Seat,1J1823633A,77644249,1J1823533 B,KEMP
Кронштейн ручки капота з мех.VW Transporter T5,7H1823633B,77644248,,KEMP
Кронштейн сдвижної двері Renault Master/Opel Movano 10>нижній R каретка,745963412R,77649036,,KEMP
Кронштейн сдвижной двери MB Sprinter средний,9017601347,77643169,,KEMP
Кронштейн сдвижной двери VW Transporter 96-00нижний (ремкомплект ролики),8430.05,77644066,701843406 B,KEMP
Кронштейн сувальної двері Renault Maste/Movano 98-10 нижній (ремкомплект ролики),8200080754,77644232,,KEMP
Кронштейн сувальної двері Renault Maste/Movano 98-10 середній (ремкомплект ролик,7700352379,77644231,,KEMP
Кронштейн сувальної двері Renault Trafic 2001- середній (ремкомплект ролики),7700312372,77644230,,KEMP
Крыльчатка 380мм Mercedes Benz W201,2064,,6012000323,KEMP
Крыльчатка на термомуфту (3крепления) MB Sprinter OM 601-603,0032050206,77643308,12-2120,KEMP
Крыльчатка на термомуфту Ford Sierra Scorpio карбюратор (красная),CS1703,77644466,1509346,KEMP
Крыльчатка на термомуфту Ford Transit 2.5 (4 крепления),95VB8600BA,77643524,желтая,KEMP
Крыльчатка на термомуфту Ford Transit TD (красная),CS1703,77644368,,KEMP
Крышка бака  MB 814-1117 (без ключа),04412,77644119,,KEMP
Крышка бака MB 207-310 с ключом,6014710330,77645174,4780,KEMP
Крышка бака VW/Audi 80-100 82-86г. (с ключем),443201551L,77641600,,KEMP
Крышка бачка омывателя VW LT 28-45 96->,2D0955455A,77644919,,KEMP
Крышка бензобака Opel Vectra B Corsa C Omega B Astra,0808117,77646646,1702834,KEMP
Крышка залива масла Ford  Sierra 2.3 D,6130204,77640632,ES6104,KEMP
Крышка залива масла MB,03912000 018 07 02,77643511,03912,KEMP
Крышка заливки масла VW/Audi,06B103485B,7764432,,KEMP
Крышка масла заливной горловины Opel Astra G:H Vectra B:C Zafira,650103,77644931,,KEMP
Крышка маслозаливной горловины Daewoo Lanos нового обр.,96351602,77642771,,KEMP
Крышка маслозаливной горловины Mercedes Benz for MB,0103,,1110180302,KEMP
Крышка масляного фильтраMercedes Benz M611/612,1810,,6111800010,KEMP
Крышка радиатора MB,06568,77643606,,KEMP
Крышка распределителя зажигания MB W124 2.6-3.0 86-95г.,1031580002,77641316,,KEMP
"Крышка расширительного бачка  VW Caddy2 ,Transport  T4",357121321A,77644930,,KEMP
Крышка расширительного бачка Ford (желтая),86FB8100GD,77644139,,KEMP
Крышка расширительного бачка Ford Transit Escort Mondeo Focus(чёрная),1647751,77644924,7267962,KEMP
"Крышка расширительного бачка Opel 1,1 bar.(Жолтая)",1304667,77644928,,KEMP
Крышка расширительного бачка Opel 1.2 bar.(Жолтая),90467473,77644951,,KEMP
Крышка расширительного бачка Opel Astra H Vectra C Sigma Corsa D,1304677,77644929,,KEMP
Крышка расширительного бачка VW/Audi 96-> T5 Caddy3 A3-A5 LT,1002380002,77644387,3B0121321,KEMP
Крышка расширительного бачкаVW Golf5 Caddy3 Passat Audi A3 Skoda Octavia A5,3B0121321,77644903,,KEMP
Крышка термостата Mercedes Benz M102,2004,,1022000417,KEMP
Крышка термостата Mercedes Benz M103,2074,,1032030774,KEMP
Крышка трамблера   Ford Sierra Scorpio DOHC 89->,1290-12,77643129,,KEMP
Крышка трамблера  VW Passat В3-B4/Golf 2-3/A80/A100 4 цил,0330920307,77643014,0330920307,KEMP
Крышка трамблера MB W201 W123 2.0-2.3 77-92 г.,0001584302,77641322,,KEMP
"Крышка,заливная горловина масла Ford DOHC  ZETEC  1,8 D TD",1018103,77645148,MGF3502,KEMP
Кулак поворотний Cheri Amulet L,A11-3001011AB,77641776,,KEMP
Кулак поворотний Cheri Amulet R,A11-3001012AB,77641777,,KEMP
"Кулак поворотный (цапфа), левая 16mm Citroen Berlingo 96>02",020618,,364653,KEMP
"Кулак поворотный (цапфа), правая 16mm Citroen Berlingo 96>02",020619,,364753,KEMP
Кулиса КПП Daewoo Sens,1301-1703008,77644353,,KEMP
Кульова (ремкомплект спрямовуюча стійка) Mercedes 126,1263301335,77642931,,KEMP
Кульова опора Amulet,А15-2909060,77641758,,KEMP
Кульова опора Amulet,А11-2909060,77643599,,KEMP
Кульова опора Audi 80 B4 91-95г.L  ліва,8A0407365,77641877,,KEMP
Кульова опора Audi 80 B4 91-95г.R права,8A0407366,77641878,,KEMP
Кульова опора Audi-80 86-91 19 мм  R  з Г.У.рег. права,AU-BJ-7174,77642657,893407366F,KEMP
Кульова опора Audi-80 86-91 19 мм L   з Г.У. ліва,AU-BJ-7168,77642654,893407365,KEMP
Кульова опора Audi-80 86-91 19 мм R   з Г.У. права,AU-BJ-7172,77642655,893407366,KEMP
Кульова опора Chevrolet Aveo,96535089,77643640,,KEMP
Кульова опора Chevrolet Lacetti,DE-BJ-3970,77642672,96490218,KEMP
Кульова опора Ford Focus C MAX (21mm),1470387,77642467,,KEMP
Кульова опора Ford Transit  Connect 02->Transit 2.2 06->,4630551,77646653,,KEMP
Кульова опора Ford Transit 2.2 06->,1417351,77646654,,KEMP
Кульова опора MBSprinter VW Crafter 06->,2E0407151L,77647865,LMI33697 01,KEMP
Кульова опора Mercedes C-Class W201 E-Class W124,1243330127,77642677,ME-BJ-6301,KEMP
Кульова опора Mercedes Sprinter VW Crafter 06->,9063304007,77643923,LMI33697 01,KEMP
Кульова опора Mercedes Vito (638),ME-BJ-0366,77641995,6383300027LMI22394,KEMP
Кульова опора Mercedes Vito (638),6383300027,77642505,LMI22394,KEMP
Кульова опора Mercedes Vito (639),6393330227,77642002,LMI27666,KEMP
Кульова опора Opel Corsa B Combo Tigra 94-00,90542574,77642471,,KEMP
Кульова опора Opel Corsa C Combo Tigra 00->,OP-BJ-0812,77642667,352803,KEMP
Кульова опора Opel Kadet Lanos Nex.Esp,OP-BJ-5375,77642668,1603164,KEMP
Кульова опора Opel Kadet Lanos Nex.Esp,1603164,77641879,,KEMP
Кульова опора Opel Movano Renault Master 2  верхня,RE-BJ-2098,77642671,4500254,KEMP
Кульова опора Opel Movano Renault Master 2  верхня,4500254,77642469,7700312851,KEMP
Кульова опора Opel Movano Renault Master 2 Opel Movano нижня ->2006,4401909,77642592,,KEMP
Кульова опора Opel Omega A Senator B пер L,352826,77641882,,KEMP
Кульова опора Opel Vectra A Astra F,1603167,77641880,,KEMP
Кульова опора Opel Vivaro Renault Trafic Laguna 2 Opel Vivaro нижня   ->06г,4408958,77642504,7701476576,KEMP
Кульова опора Peugeot Boxer Citroen Jumper  Fiat Ducato L/R 02->,364055,77646656,,KEMP
Кульова опора Peugeot Boxer Citroen Jumper  Fiat Ducato L/R 06->,364076,77646655,364067,KEMP
Кульова опора Peugeot Boxer Citroen Jumper  Fiat Ducato L/R 96- 02,364054,77646657,,KEMP
Кульова опора Peugeot Partner Citroen Berlingo 18mm,CI-BJ-0523,77642709,364050,KEMP
Кульова опора Peugeot Partner Citroen Berlingo 18mm,364050,77642498,364051,KEMP
Кульова опора Renault Clio Megan Scenic 02->,401604793R,77642456,8200298455,KEMP
Кульова опора Renault Kango R9;11;19;21 Megan Clio Dacia Solenza Supernova,RE-BJ-4264,77642710,7701472038,KEMP
Кульова опора Renault Kango R9;11;19;21 Megan Clio Dacia Solenza Supernova,7701472038,77642509,,KEMP
Кульова опора Renault Master 2 opel Movano верхня,7700312851,77642590,7700312851,KEMP
Кульова опора Renault Master 2 opel Movano нижня ->2006,7700312852,77642512,,KEMP
Кульова опора Renault Trafic Laguna 2 Opel Vivaro нижня ->06г,7701476576,77642591,7701476576,KEMP
Кульова опора Renault Trafic Nissan Primastar Opel Vivaro 06-> нижня,7701477385,77643642,4431869,KEMP
Кульова опора VW Cadi 3.Golf 5 Touran Octavia A5  L. ліва,VO-BJ-1860,77642665,1K0407365B,KEMP
Кульова опора VW Cadi 3.Golf 5 Touran Octavia A5  R. права,VO-BJ-1859,77642666,1K0407366B,KEMP
Кульова опора VW Cadi 3.Golf 5 Touran Octavia A5 L. ліва,1K0407365B,77642474,,KEMP
Кульова опора VW Cadi 3.Golf 5 Touran Octavia A5 R. права,1K0407366B,77642475,,KEMP
Кульова опора VW Golf-2  88-99/ Passat B3 88-95  19 мм,357407365,7764421,,KEMP
Кульова опора VW Golf-2  88-99/ Passat B3 88-95  19 мм,191407365,77642886,,KEMP
Кульова опора VW Golf-2 84-91 17 мм,191407365A,77643379,,KEMP
Кульова опора VW Golf-2 84-91 17 мм,191407 365C,77643830,,KEMP
Кульова опора VW Golf-2 84-91 17 мм,191407 365A,776463,,KEMP
Кульова опора VW Passat В2 80-88 /Audi-80 78-86,823407365E,776464,,KEMP
Кульова опора VW Polo Skoda Fabia 00->  L. ліва,SK-BJ-0413,77642662,6Q0407365A,KEMP
Кульова опора VW Polo Skoda Fabia 00->  R. права,SK-BJ-0414,77642663,6Q0407366A,KEMP
Кульова опора VW Polo Skoda Fabia 00-> L. ліва,6Q0407365A,77642472,,KEMP
Кульова опора VW Polo Skoda Fabia 00-> R. права,6Q0407366A,77642473,,KEMP
Кульова опора VW Polo Skoda Fabia 04-> R права,6R0407366A,77643497,,KEMP
Кульова опора VW T4 91-г. верхня,701407187B,77641849,,KEMP
Кульова опора VW T4 91-г. верхня,10155,77645998,701407187B,KEMP
Кульова опора VW T4 91-г. нижня,701407361B,77641848,,KEMP
Кульова опора VW T4 91-г. нижня,10164,77645999,LMI10164,KEMP
Кульова опора VW T4 91-р. верхня,VO-BJ-7192,77641545,FE 10577,KEMP
Кульова опора VW T5   03-г. нижня,7H0407361,77641524,27597,KEMP
Кульова опора VW T5 03-г.,7H0407361,77643633,27597,KEMP
Кульова опора нижнього важеля Mercedes Sprinter,ME-BJ-6345,77641991,9013331127,KEMP
Кульова опора нижнього важеля Mercedes Sprinter VW LT 28-46,9013331127,77642466,,KEMP
Курок ручки дверей VW G2 Passat B2 R правий,305837213R,77641605,,KEMP
Курок ручки двери VW G2 Passat B2 L левый,305837213L,77641604,,KEMP
Лампа накаливания H7 12V 100W,,77642898,,KEMP
Лампа розжарювання H4 90/100W,12754H4,77642896,,KEMP
Лист ресори задньої Ford Transit T15 91-00 (кореневий),441170002,77649007,6127507,КЕМР
Лист ресори задньої Mercedes 207-310 (кореневий),6013202106,77649005,3059700119,
Лист ресори передньої Mercedes 207-310 (кореневий),3052000119,77649006,6023202106,
Лист ресори передньої Mercedes 207-310 (підкореневий),3052000219,77649004,6023202602,
"Личинка (серцевина)замка багажника VW Golf IV 1997 Lupo 1998,",1J6827297C,77648731,1GD827297,KEMP
Личинка дверних замків Mercedes 207-410  Sprinter Vito,6707600205,77642276,,KEMP
Личинка замка зажигания MB Sprinter,9014620379,77643197,9014620179,KEMP
Личинка замка запалювання Audi-100 89 -91/A80 -91,893905855A,7764261,,KEMP
Личинка замка запалювання Daewoo Matiz Chevrolet Matiz,93740017,77642853,,KEMP
Личинка замка запалювання Daewoo Nexia Opel Kadet,6460003,77642852,S6460010,KEMP
Личинка замка запалювання Ford Sierra Scorpio Transit,1022184,77643121,SS201024/DP482,KEMP
Личинка замка запалювання Mercedes W201 W124 W126,1264600604,77645590,,KEMP
Личинка замка запалювання Opel Ascona B Rekord Kadet D (з гачком),95710800,77645817,LP-602,KEMP
Личинка замка запалювання Opel Ascona Vectra A,0913614,77642096,,KEMP
Личинка замка запалювання Opel Astra F Astra G Tigra Zafira Combo,0913652,77642851,,KEMP
Личинка замка запалювання Opel Kadet E Ascona,0913694,77642095,,KEMP
Личинка замка запалювання Opel Kadet E Astra F,0913684,77642094,90167295,KEMP
Личинка замка запалювання Opel Vectra B Omega A/B,0913653,77642097,,KEMP
Личинка замка запалювання VW .AUDI SKODA,3B0905855G,77648983,3B0.905.855.G,KEMP
Личинка замка запалювання VW .AUDI SKODA,3B0905855C,77648984,,KEMP
Личинка замка запалювання VW Golf 2/Passat В3-B4 84-95,357905855B,7764263,6N0905865,KEMP
Личинка замка запалювання VW Golf 2;3;Pollo;Passat 85-99,1H0905855,77646637,535 905 855,KEMP
Личинка замка запалювання VW Golf 5 Pointer 04->,5X0905855,77646645,,KEMP
Личинка замку запалювання Daewoo Lanos,13046030,77642982,S6460020,KEMP
Личинка(серцевина) дверних замків WV LT 28-46 MB Sprinter Vito,2D0837217,77644502,,KEMP
Личинки (серцевина) замка передніх дверей права  vw passat b5 (96-05),3B0837168,77640914,,KEMP
Личинки дверних замків (2шт.) Peugeot Parttner Citroen Berlingo L/R,252522,77645783,9170G3,KEMP
Личинки дверних замків Dacia Logan Sandero Duster 3шт,30824,77648992,,KEMP
Личинки дверних замків Opel Astra F Corsa  Combo,90442717,77648965,,KEMP
Личинки дверних замківFord Fiesta Courer 91-96 Transit 85-91(2шт),6177189,77645794,96FGA22050C,KEMP
Личинки дверных замков (2шт.) Renault Kangoo97- (2 передних личинки),7701470746,77647550,,KEMP
Личинки дверных замков Peugeot 206 (2шт.),9170N8,77642863,282-15574,KEMP
Личинки дверных замков Peugeot 405 (2шт.),91700A,77642862,274-15582,KEMP
Ліхтар Ford Transit V347 2006 -- задній  R,1459901,77644107,,KEMP
Ліхтар задній Amulet L внутрішній,A153773010BA,77641752,,KEMP
Ліхтар задній Amulet L зовнішній,A153773030BA,77641980,,KEMP
Ліхтар задній Amulet R внутрішній,A153773020BA,77641753,,KEMP
Ліхтар задній Amulet R зовнішній,A153773040BA,77641981,,KEMP
Ліхтар зовнішній   SKODA OCTAVIA 96->R правий,1U6945096,77647856,1U6 945 096,KEMP
Ліхтар зовнішній   VW T4  R,701945112,77644091,9450.08,KEMP
Ліхтар зовнішній   VW T5 R білий поворотник (ляда) правий,7H0945096H,77644069,,KEMP
Ліхтар зовнішній  VW LT28-46 96-2006г. L,2D0945111C,776499,394 5017,KEMP
"Лічинка (замка передніх дверей ліва vw golf iv 1997-,bora 1998-,polo 2001-,skoda",604837167,77649107,,KEMP
"Лічинка (замка передніх дверей права vw golf iv 1997-,bora 1998-,polo 2001-,skod",604837168,77649108,,KEMP
Лічинка (серцевина замка)запалювання Audi-100 91-96р.,4A1905855,77641597,,KEMP
Лічинка (серцевина) замка запалювання  VW GOLF6.AUDI SKODA 06->,8E0905855A,77648000,,KEMP
Лічинка (серцевина) замка запалювання Audi-100 82-86р.,443905855A,77641594,,KEMP
Лічинка (серцевина) замка запалювання Audi-100 91-96р.АКП,4A0905855,77641603,,KEMP
Лічинка (серцевина) замка передніх дверей ліва  vw passat b5 (96-05),3B0837167,77642857,3B0837167,KEMP
Лічинка (серцевина)замка передніх дверей ліва  vw passat b5 (96-05),3B0837167D,77649105,3B0837167-1,KEMP
Лічинка (серцевина)замка передніх дверей ліва skoda octavia,1U0837167,77649109,,KEMP
Лічинка (серцевина)замка передніх дверей права  vw passat b5 (96-05),3B0837168D,77649106,3B0837168-1,KEMP
Лічинка (серцевина)замка передніх дверей права skoda octavia,1U0837168,77649110,,KEMP
Лічинка дверних замків Opel Kadet E Daewoo Nexia (2шт)L/R,S6460004,77645802,,KEMP
Лягушка заднего хода VW T5/Caddy,9450.21,,02K945415C,KEMP
Лямбдозонд Ford Scorpio (4контакта),0258003714,77642131,,KEMP
Маслонасос  Ford ОНС,71HM6600AA,77641202,,KEMP
Маслонасос Ford Transit  2.5 д  92 --,LP2282,77641203,924F-6600-V/C,KEMP
Масляний насос Audi 80.A.100 VW Pas.B2 1.6-1.8.78-93г.,026115105,7764995,,KEMP
Маточина VW Sharan Ford Galaxi пер/зад,7M0501655D,77644964,,KEMP
Маточина VW T4 пер/зад 91-03 р.,7D0501647,77642069,701501647,KEMP
Маточина зад VWTouareg Porsc Cayenne 10г.->,77648137,77648137,713612300/VKBA6735,KEMP
Маточина зад VWTouareg Porsc Cayenne 10г.->,713612300,77648190,VKBA6735,KEMP
Маточина задня  Mercedes Sprinter  (906) VW LT Crafter 30-50,9063500249,77645704,9063503810,KEMP
Маточина задня  Mercedes Sprinter  (906) VW LT Crafter 30-50,713668110,77648140,9063500249/9063503810,KEMP
Маточина задня  Mercedes W211 2002-2008 W221 2006->,77648040,77648040,713667810/VKBA6566,KEMP
Маточина задня Audi A3 Q3 VW Passsat Golf 5 Octavia A5 04г.->136.4*32*69.2,713610620,77647624,3G0598611A,KEMP
Маточина задня Audi A3 VW Golf 5    04г.->,1K0598611,77645796,805409A,KEMP
Маточина задня Audi A3 VW Golf 5    04р.->,713610690,77641580,805409A,KEMP
Маточина задня Audi A4 (B6 B7) 00-08,8E0598611A,77645699,713610700,KEMP
Маточина задня Audi A4 A5 A6 1.8-3.0  07->,77647544,77647544,8K0598611/713610890,KEMP
Маточина задня Audi A4 A5 A6 1.8-3.0  07->,713610890,77647625,8K0598611,KEMP
Маточина задня Audi A6(C6) 04-11,4F0598611B,77645702,,KEMP
Маточина задня Cheri Amulet,A11-3301030BB,77645797,,KEMP
Маточина задня Fiat Doblo 01->,713690730,77648192,,KEMP
Маточина задня Fiat Ducato Jumper/Boxer 06-> 11->,VKBA6572,77648109,71753810,KEMP
Маточина задня Fiat Qubo  Peugeot Bipper  Citroen Nemo,77647536,77647536,713690710/1606635580,KEMP
Маточина задня Fiat Qubo  Peugeot Bipper  Citroen Nemo,713690710,77647630,1606635580,KEMP
Маточина задня Ford Conect c ABS 2002->,77641900,77641900,VKBA6522,KEMP
Маточина задня Ford Conect c ABS 2002->,713678890,77647626,VKBA6522,KEMP
Маточина задня Ford Fiesta 08->,1547177,77644963,8V512C299AB,KEMP
Маточина задня Ford Fiesta 4 95-02 Mondeo 1:2  93-00,77648035,77648035,713678350/VKBA1482,KEMP
Маточина задня Ford Fiesta 4 95-02 Mondeo 1:2 93-00,713678350,77648193,VKBA1482,KEMP
Маточина задня Ford Focus 3 2011->,VKBA6789,77648051,302506,KEMP
Маточина задня Ford Mondeo  2007 -->,77647543,77647543,713678860/VKBA6586,KEMP
Маточина задня Ford Mondeo 2007 -->,713678860,77648194,VKBA6586,KEMP
Маточина задня Ford Transit  2006->(передній привід)  193*92*37,VKBA6527,77645714,,KEMP
Маточина задня Ford Transit 2006->(передній привід) 193*92*37,713678920,77648255,VKBA6527,KEMP
Маточина задня Ford Transit Tourneo 2.2 TDCI 06-> 193*91*45,713678930,77648256,6C111A049DA,KEMP
Маточина задня Ford Transit Tourneo 2.2 TDCI 06->193*91*45,6C111A049DA,77645715,,KEMP
Маточина задня Mercedes W211 2002-2008 W221 2006->,713667810,77648191,VKBA6566,KEMP
Маточина задня Opel  Corsa D 05-> (4 отв),77648047,77648047,713644840/VKBA6552,KEMP
Маточина задня Opel  Corsa D 05-> (5 отв),77648041,77648041,713644850/VKBA6553,KEMP
Маточина задня Opel Astra H (c ABS 4 отв),VKBA3652,77645720,,KEMP
Маточина задня Opel Corsa D 05-> (4 отв),713644840,77648195,VKBA6552,KEMP
Маточина задня Opel Corsa D 05-> (5 отв),713644850,77648041,VKBA6553,KEMP
Маточина задня Peugeot  Partner Citroen Berlingo Xsara 02->,VKBA6500,77647126,713640460,KEMP
Маточина задня Peugeot P107 Citroen C1 05->,77648042,77648042,713618870/VKBA3697,KEMP
Маточина задня Peugeot P107 Citroen C1 05->,713618870,77648198,VKBA3697,KEMP
Маточина задня Peugeot P305 P405,713640260,77641936,,KEMP
Маточина задня Peugeot P406 Partner 00->,713630530,77641939,,KEMP
Маточина задня Peugeot P806 Citroen Jumpy Fiat Scudo 02->,77648037,77648037,713640010/VKBA3635,KEMP
Маточина задня Peugeot P806 Citroen Jumpy Fiat Scudo 02->,713640010,77648199,VKBA3635,KEMP
Маточина задня Peugeot P806 Citroen Jumpy Fiat Scudo 96->,713630570,77648200,VKBA3424,KEMP
Маточина задня Renault Kangoo,77648036,77648036,713630690/VKBA3506,KEMP
Маточина задня Renault Kangoo,77641938,77641938,713630390,KEMP
Маточина задня Renault Kangoo,713630690,77648201,VKBA3506,KEMP
Маточина задня Renault Kangoo,713630390,77647629,,KEMP
Маточина задня Skoda Fabia VWpolo Audi A2 01г.->(801191E) к-кт,713610490,77641317,801191E,KEMP
Маточина задня VW Caddi 3 04->,77644019,77644019,713610830/1T0598611A,KEMP
Маточина задня VW Caddi 95-04г.Seat Inca 95->г.,713610660,77641325,800 179B,KEMP
Маточина задня VW Caddi 95-04р.Seat Inca 95->р.,6K9501477,77645798,,KEMP
Маточина задня VW Pollo (6N) Lupo Seat Arossa  96->,6X0501477,77645705,,KEMP
Маточина задня VW Pollo 10-> Scoda Fabia 11-> d30mm D120mm,77645706,77645706,SK-WB-12879,KEMP
Маточина задня в зборі під ABS Cheri Amulet,A11-3301030BC,77641780,,KEMP
Маточина колеса переднього Nissan Almera (N16) 00->,40202-4M400,77645804,77645804,KEMP
Маточина передня  Fiat Ducato 94-02,1307355080,7764652,7764652,KEMP
Маточина передня  Fiat Ducato 94-02,1300472080,7764651,3307.65,KEMP
Маточина передня  Fiat Scudo Citroen Jumpy Peugeot Expert,330764,77644984,3307.64,KEMP
Маточина передня Audi 100 88-92 (підшипник 37*82*45/43),443407615B,7764653,,KEMP
"Маточина передня Audi 100 91-94 А6 А4 B5 2,3-2,8",4A0407615D,7764636,,KEMP
Маточина передня Audi А4 А6 B5,8D0407615A,7764637,,KEMP
"Маточина передня Audi А4 А6 B-5 1,6-1,8-2,8",8D0407615E,7764634,,KEMP
Маточина передня Daewoo Matiz 0.8:1.0,96316757,77644967,,KEMP
Маточина передня Ford Escort 90->Fiesta 3 Focus,6517013,77642072,91AB1104AD,KEMP
Маточина передня Ford Mondeo  2007 -->,77647542,77647542,713678840/1463833,KEMP
Маточина передня Ford Mondeo  2007 -->,713678840,77647631,1463833,KEMP
Маточина передня Ford Transit V-363 2014->RWD(задній привід),1810257,77645807,BK312C300BB,KEMP
Маточина передня Opel Astra F Vectra B Calibra 1.7TD- 2.0,326194,77642068,,KEMP
Маточина передня Opel Astra H ZafiraB 1.2-1.8 (з ABS 5 отв),713644810,77648204,VKBA6688,KEMP
Маточина передня Opel Vektra B 95-03,326195,7764648,,KEMP
"Маточина передня Opel Vektra/Kadett/Astra 81-98 1,6-2,0",326184,7764650,,KEMP
Маточина передня Peugeot P306- P406 Partner Citroen Berlingo  BX;C3;C4,330769,77644980,3307.69,KEMP
Маточина передня Renault 19;21; Kangoo Clio Megan,7700768318,77644981,7700768319,KEMP
Маточина передня Skoda Fabia 99г.-> (для авто.без Г.У),6Q0407621AB,77641318,803636CE,KEMP
Маточина передня Skoda Fabia 99г.->Romster (Українська збірка) з Г/У (D121mm),77648206,77648206,713610820,KEMP
Маточина передня Skoda Fabia 99г.->Romster 06-> Audi A2 з Г/У,713610470,77641355,6Q0407621AH,KEMP
Маточина передня Skoda Fabia 99р.->Romster з Г/У,6Q0407621BT,77645801,6Q0407621BT,KEMP
Маточина передня Skoda Felicia 94-06,6U0407615A,77642070,,KEMP
Маточина передня VW Golf- 83-88,191407615,7764639,,KEMP
Маточина передня VW Golf-4  Bora ABS,1J0407613C,77643404,,KEMP
Маточина передня VW Polo Seat Arosa ABS,6N0407613,77644983,,KEMP
Маховик Chery  Amulet,A11-1005110B,77641766,,KEMP
Механизм натяжки ремня генератора OM603-606 мотор MB(коромысло),6062000073,77643408,,KEMP
Механизм натяжной  ремня с роликом DB W203 W210 Sprinter Vito CDI,534048110,77645438,6112000570,KEMP
Механизм ручки двери внутрений VW Golf 4 Passat B5 Audi A3 (передний) L левый,3B0837885D,77645736,3B0837885B,KEMP
Механизм ручки двери внутрений VW Golf 4 Passat B5 Audi A3 (передний) R правый,3B0837886D,77645737,3B0837886B,KEMP
Механизм ручки двери внутрений VW T5 (передний) L левый,7E0837885C,77646541,7H0837885C,KEMP
Механизм ручки двери внутрений VW T5 (передний) R правый,7E0837886C,77646547,7H0837886C,KEMP
Механізм натягу генератора OM601;602 мотор Mercedes(коромисло),6012001773,7764335,,KEMP
Механізм натягу генератора OM601;602мотор Mercedes(коромисло),6012001773,77642164,,KEMP
Механізм натяжки  ремня генератора з болтом OM603-606 мотор Mercedes,6062000073,77644315,534007920,KEMP
Механізм натяжки генератора OM601;602 мотор Mercedes(коромисло),533006520,77645439,6012001773,KEMP
Механізм натяжний  ременя з роликом Mercedes DB W203 W210 Sprinter Vito CDI,6112000570,77643409,,KEMP
Механізм натяжний поліклинового ремня VW Audi 1.9 TD/TDI 93-99г.,028903315R,77642394,533008630,KEMP
Механізм натяжника ремня  Mercedes W203 W210 Sprinter Vito CDI,6112000570,77643150,,KEMP
Молдинг  VW Passat B-5 задний  L,3B0853753,7764796,,KEMP
Молдинг  VW Passat B-5 задний  R,3B0853754,7764797,,KEMP
Молдинг  VW Passat B-5 передн. L,3B0853515,7764794,,KEMP
Молдинг  VW Passat B-5 передн. R,3B0853516,7764795,,KEMP
Молдінг (кліпси)  Audi-100 91-94 кліпси кріплення ниж.молд комплект10шт,443853909A,7764842,443853909AS,KEMP
Молдінг Audi-100 91-94 задній  верхн. L крило,4A0853983,7764701,,KEMP
Молдінг Audi-100 91-94 задній  верхн. R крило,4A0853984,7764702,,KEMP
Молдінг Audi-100 91-94 задній  нижн. L крило,4A0853699 01C,7764668,,KEMP
Молдінг Audi-100 91-94 задній  нижн. L лівий,4A0853969 01C,7764572,,KEMP
Молдінг Audi-100 91-94 задній  нижн. R крило,4A0853700 01C,7764669,,KEMP
Молдінг Audi-100 91-94 задній  нижн. R правий,4A0853970 01C,7764571,,KEMP
Молдінг Audi-100 91-94 передн. верхн. L крило,4A0853971,7764703,,KEMP
Молдінг Audi-100 91-94 передн. верхн. R,4A0853952,7764700,,KEMP
Молдінг Audi-100 91-94 передн. верхн. R крило,4A0853972,7764704,,KEMP
Молдінг Audi-100 91-94 передн. нижн. L крило,4A0853989 01C,7764666,,KEMP
Молдінг Audi-100 91-94 передн. нижн. R крило,4A0853990 01C,7764667,,KEMP
Молдінги Audi 100  91-95г. верхні к-кт. (двері+крила) 8шт.,4A0 853 951,77642216,4A0853 902C,KEMP
Молдінги Audi 100 A6 91-97г. нижні к-кт. (двері+крила) 8шт.+кліпси,4A0 853 959 01C,77642215,4A0853 02C,KEMP
Мотор  пічки ( обігрFiat Scudo Citroen Jumpy Peugeot Expert  AC+ (c блоком упр.),9566944480,77644724,6441.E3,KEMP
Мотор  пічки ( обігріFord Mondeo 14-20 FORD FUSION(2013-2015) LINCOLN(2013-2014),DG9H-19846-AA,77648889,,KEMP
Мотор  пічки ( обігріваFiat Scudo Citroen Jumpy Peugeot 806  AC+ (c блоком упр.),6441E2,77647431,6441.E2,KEMP
Мотор  пічки ( обігрівачCitroen Berlingo: ZX Peugeot Partner AC+ (з блоком упр.),6441L3,77644832,6441.L3,KEMP
Мотор  пічки ( обігрівача) Citroen Berlingo Peugeot Partner,6441S0,77644725,6441.S0,KEMP
Мотор  пічки ( обігрівача) Citroen Berlingo Peugeot Partner 08->,6441AR,77648883,6441.AR,KEMP
Мотор  пічки ( обігрівача) CITROEN C3 PICASSO(2009-2018) PEUGEOT 308( 2007-2018),6441Z7,77648884,,KEMP
Мотор  пічки ( обігрівача) Citroen C4 04-10  Peugeot 307 00-07,6441S6,77648881,6441.S6,KEMP
Мотор  пічки ( обігрівача) Fiat Doblo Punto AC- 00-,46722948,77644723,,KEMP
Мотор  пічки ( обігрівача) Fiat Doblo Punto AC+,71735484,77645003,,KEMP
Мотор  пічки ( обігрівача) Fiat Ducato 02->AC-,71734232,77644730,,KEMP
Мотор  пічки ( обігрівача) Fiat Ducato 94->,1318888080,77644715,,KEMP
Мотор  пічки ( обігрівача) Fiat Fiorino Qubo CITRO Nemo Biper  AC-,77366871,77647244,,KEMP
Мотор  пічки ( обігрівача) Fiat Fiorino Qubo CITRO Nemo Biper  AC+,77366856,77647243,,KEMP
Мотор  пічки ( обігрівача) Ford Escort Orion 90->AC-,1015485,77644709,,KEMP
Мотор  пічки ( обігрівача) Ford Transit 09->,7C1918456BC,77648888,,KEMP
Мотор  пічки ( обігрівача) Ford Transit 95->,95VW18456BB,77644994,7188531,KEMP
Мотор  пічки ( обігрівача) Mercedes Sprinter (906) 06->AC-,0008356007,77644704,,KEMP
"Мотор  пічки ( обігрівача) Peugeot Boxer, Fiat Ducato, Citroen Jumper  06->",77364058,77647242,,KEMP
Мотор  пічки ( обігрівача) VW Polo (6N) Cadi2 94-04 AC-,6N1819021,77643057,,KEMP
Мотор  пічки (обігрівача) Chevrolet Aveo T255 08->AC-,95978694,77647237,,KEMP
Мотор  пічки (обігрівача) Daewoo Matiz,96279352,77647235,,KEMP
Мотор  пічки (обігрівача) Daewoo Nexia,96168699,77644354,,KEMP
"Мотор  радиатора  Mercedes Vito Viano (639) AC+ (епектрический),, BENZ(2013-2016",6395001093,77648906,A6369061400,KEMP
Мотор  радіатора  Mercedes Vito Viano (639) AC+ (епектричний),6395000593,77647433,,KEMP
Мотор (електродв+вентилятор) кондиціонера Mercedes W210(діам-295),0015001693,7764954,,KEMP
Мотор (элекродв вентилятор) кондиционера Mersedes Sprinter (диам-404mm) AC+,0005007093,77644988,,KEMP
"Мотор (элекродв+вентилятор) кондиционера Mersedes 124,126(диам-310)",0005008593,7764953,,KEMP
Мотор дополнительной печки VW Transporter-4 91-03,701819167,77643350,,KEMP
Мотор допоміжної пічки VW Transporter-T5 Touareg Audi Q7 03->,7H0819021A,77647425,,KEMP
Мотор заднего стеклоочистителя Seat Leon Skoda Fabia Octavia VWPassat 98->,1J6955711C,77645008,,KEMP
Мотор заднего стеклоочистителя VW Passat B5 Audi A3 A4 A6 97->,8L0955711B,77645006,,KEMP
Мотор задніх склоочисників  Skoda Octavia  HB,1U6955711B,77645036,,KEMP
Мотор задніх склоочисників Audi A496-01 Seat Arosa VW Polo(6N),6X0955711C,77645046,8L0955711C,KEMP
Мотор обігріву Chery Amulet,A11-8107027AB,77641800,,KEMP
Мотор переднего стеклоочистителя  MB W124 E-Class,1248200708,77645012,,KEMP
Мотор переднего стеклоочистителя  VW Transporter T5/amarok,7E1955113,77645015,,KEMP
Мотор передніх склоочисників   VW LT 28-46,2D2955119,77645053,0390241346,KEMP
Мотор передніх склоочисників  Ford Transit Connect 02->,8T1617508AA,77645017,,KEMP
Мотор передніх склоочисників  Ford Transit V184,1097546,77645016,64342298,KEMP
Мотор передніх склоочисників  Mercedes W140 S-Class,1408200008,77645014,,KEMP
Мотор передніх склоочисників  Mercedes W202 C-Class,2028202308,77645010,,KEMP
Мотор передніх склоочисників  Mercedes W210 E-Class,2108201742,77645013,,KEMP
Мотор передніх склоочисників  Skoda Fabia VW Polo(9N:9A4),6Q1955119A,77645020,,KEMP
"Мотор передніх склоочисників  VWPassat Golf3,4 Transporter T4 Skoda Octavia",1J0955119,77645009,,KEMP
Мотор передніх склоочисників Citroen Jumper Fiat Ducato Peugeot Boxer 02->,9949394,77645011,,KEMP
Мотор передніх склоочисників Ford Transit Connect 02->,064300022010,77648213,,KEMP
Мотор переднього стеклоочистителя  Me Sprinter(901) LT28-46 праворульний запчаст,0390241345,77645018,,KEMP
Мотор переднього стеклоочистителя  Mercedes Sprinter(906) VWCrafter  30-50,37054,77645019,9068200040,KEMP
Мотор печі  Dacia Logan Sondero 14->,272101170R,77647245,,KEMP
Мотор печі  Dacia Logan Sondero Duster AC+,6001547487,77645005,,KEMP
Мотор печі Renault   Kangoo 08-> AC+,7701068992,77647248,,KEMP
Мотор печі Renault Master 2 Opel Movano AC+ Safrane 1:2,7701035892,77647432,,KEMP
Мотор печі Renault Megane 3 08->,27210-8241R,77648886,,KEMP
Мотор печі RENAULT MODUS(2004-/) RENAULT CLIO(2005-2014),7701062226,77648885,,KEMP
Мотор печки  Chevrolet Aveo T200-255 08->AC+,95978693,77647238,,KEMP
Мотор печки  Dacia Logan Sondero Duster AC-,6001547691,77645004,,KEMP
Мотор печки Audi A6 04-11 (автоматический кондиционер),4F0820020,77647250,,KEMP
Мотор печки Audi-100 84 -91(без крыльчатки),443959101A,77647481,,KEMP
Мотор печки Audi-100 91-94 Audi A6 95-97г.(без крыльчатки),4A0959101A,7764334,0130111162,KEMP
Мотор печки Chevrolet Epica 06->,96423425,77647472,,KEMP
Мотор печки Chevrolet Lacetti Daewoo Nubira,96554418,77647234,,KEMP
Мотор печки Citroen Jumpy 95-06  Fiat Ulysse  94-02 Peugeot 806(с блоком упр.),6441E0,77648882,6441.E0,KEMP
Мотор печки Daewoo Lanos Leganza Nubira,TF69YO-8101120,77647233,,KEMP
Мотор печки Ford  Focus 98-04 Mondeo 3 00-07,1111936,77644711,,KEMP
Мотор печки Ford  Sierra Scorpio,6157285,77644710,,KEMP
Мотор печки Ford Focus 98-04 Mondeo 00-07,1062247,77647232,,KEMP
Мотор печки Ford Transit 85-94,6729412,77644726,,KEMP
Мотор печки MB 124 AC+,0008308208,77647236,,KEMP
Мотор печки MB Sp,0008352285,77643076,,KEMP
Мотор печки MB WC204 W212 AC+,2048200208,77647246,2018200208,KEMP
Мотор печки Mercedes Benz W124 AC-,1248200142,77646161,8317,KEMP
Мотор печки Mercedes Benz W124 AC+,0008307908,77646818,8318,KEMP
Мотор печки Mercedes Benz W220,2208203142,77648871,,KEMP
Мотор печки Opel  Vectra A AC- Calibra без резистора,90228667,77640258,,KEMP
Мотор печки Opel  Vectra A AC- Calibra с резистором,1808067,77643336,,KEMP
Мотор печки Opel Astra G Zafira A1.2-1.8,1845118,77644722,,KEMP
Мотор печки Opel Astra J Zafira 10->,1845105,77647239,,KEMP
Мотор печки Opel Omega B 94-03,1808093,77643067,,KEMP
Мотор печки Opel Opel Combo 01-> Opel Corsa 00-06,1845222,77648877,,KEMP
Мотор печки Opel Vectra B AC+,1845055,77643068,,KEMP
Мотор печки Opel Vectra C без крыльчатки и корпуса,9180016,77644745,9180222,KEMP
Мотор печки Renault  Clio Kangoo,7701206105,77644741,,KEMP
Мотор печки Renault Master 2 Opel Movano,7701057555,77644739,,KEMP
Мотор печки Renault Trafic 2 Opel Vivaro 01->,7701208225,77647240,77647240,KEMP
Мотор печки Renault Trafic 2 Opel Vivaro 01-> AC+,7701050310,77647249,,KEMP
Мотор печки Skoda Favorit Forman,115972051,77643360,,KEMP
Мотор печки VW Golf 2,191959101,77641576,,KEMP
Мотор печки VW Golf 5 Passat Cadi3 Skoda Octavia 04->,1K1819015,77643342,,KEMP
Мотор печки VW Golf 5 Passat Cadi3 Skoda Octavia 04->AC+(климат контроль),1K1820015,77643343,,KEMP
Мотор печки VW LT28-46  96-06,2D2959101B,77643074,,KEMP
Мотор печки VW Sharan Ford Galaxy Seat Alhambra,7M2819021D,77644743,,KEMP
Мотор печки VW Sharan Ford Galaxy Seat Alhambra,7M1819021D,77648869,,KEMP
Мотор печки VW Touareg 08->с блоком управления,7P0820021B,77647424,,KEMP
Мотор печки VW Transporter-4 91-03 AC-,701819021B,77643063,,KEMP
Мотор печки VW Transporter-4 91-03 AC- (без разема),701819021B,776418364,53020,KEMP
Мотор печки WV  Transporter T2T3 ->90г.Passat Audi 80 B2 78-86,251819015,77643061,,KEMP
Мотор печки WV Passat Audi 80 86-94 AC-,893819021,77643055,77643055,KEMP
Мотор пічки ( обіVW Golf 5 Passat Cadi3 Skoda Octavia 04->AC+ з блоком керування,1KD 820 015,77647241,1K1820015,KEMP
Мотор пічки ( обігрWV Passat B5 Audi A 4 SuperB 96-04 (автоматичний кондиціонер),8D1820021,77643060,,KEMP
Мотор пічки ( обігрівача) Audi 80 91-94 A4 95-00 г.AC+,8A1820021,77643056,,KEMP
Мотор пічки ( обігрівача) Audi A2 VW Polo Skoda FabiaSeat Cordoba Ibiza AC-,6Q1819015,77644728,,KEMP
Мотор пічки ( обігрівача) Audi A2 VW Polo Skoda FabiaSeat Cordoba Ibiza AC+,6Q1820015,77644729,,KEMP
Мотор пічки ( обігрівача) Audi A4  A5  Q5 07->,8K1820021B,77648870,,KEMP
Мотор пічки ( обігрівача) Audi A4  A5  Q5 07->,8K1820021A,77647251,,KEMP
Мотор пічки ( обігрівача) Audi A4 A5 07-> (автоматичний кондиціонер),8T1820021,77647428,,KEMP
Мотор пічки ( обігрівача) Audi A6 97-05,4B1820021B,77643346,,KEMP
Мотор пічки ( обігрівача) Audi A7  A8  09->,4H1820021B,77647426,,KEMP
Мотор пічки ( обігрівача) Audi-100 84 -91,443959101A,7764333,,KEMP
Мотор пічки ( обігрівача) Audi-100 84 -91 Bosch,443959101A,7764144,0130111108,KEMP
Мотор пічки ( обігрівача) Audi-100 91-94  A 6 95-97г.,4A0959101A,7764947,0130111162,KEMP
Мотор пічки ( обігрівача) Ford Transit 95->,95VW18456BB,77644111,7188531,KEMP
Мотор пічки ( обігрівача) Mercedes 207-410 77-96г.(без крильчатки),0130007027,77643358,,KEMP
Мотор пічки ( обігрівача) Mercedes 207-410 77-96г.(з крильчаткою),0130007051,77643073,,KEMP
Мотор пічки ( обігрівача) Mercedes 210,2108206842,77645869,8358,KEMP
Мотор пічки ( обігрівача) Mercedes 77-96г.(з крильчаткою),0008206242,77643359,,KEMP
Мотор пічки ( обігрівача) Mercedes Benz M 163 98-05,1638202142,77648873,,KEMP
Мотор пічки ( обігрівача) Mercedes Benz W 204 07->,2048200008,77648874,,KEMP
Мотор пічки ( обігрівача) Mercedes Benz W201,2018204542,77646087,8327,KEMP
Мотор пічки ( обігрівача) Mercedes Benz W202,2028209342,77647121,87152,KEMP
Мотор пічки ( обігрівача) Mercedes Benz W210,2108202442,77645933,8328,KEMP
Мотор пічки ( обігрівача) Mercedes Benz W211 02-09 Mercedes CLS-Class 04-10,2118300408,77648872,,KEMP
Мотор пічки ( обігрівача) Mercedes Benz W221,2218200514,77648875,,KEMP
Мотор пічки ( обігрівача) Mercedes C   CLS-Class Mercedes E  GLK-Class 07->,2128200708,77647641,,KEMP
Мотор пічки ( обігрівача) Mercedes Sprinter (906) 06->AC+,0008356107,77644705,,KEMP
Мотор пічки ( обігрівача) Mercedes Sprinter 208-412,0018305608,77642562,F663461,KEMP
Мотор пічки ( обігрівача) Mercedes Sprinter 208-412 AC+,0018305708,77643072,,KEMP
Мотор пічки ( обігрівача) Mercedes Vito AC-,0028301508,77643070,,KEMP
Мотор пічки ( обігрівача) Mercedes Vito AC+,0028301608,77643071,,KEMP
Мотор пічки ( обігрівача) Mercedes Vito Viano (639)AC-,0008358304,77644703,,KEMP
Мотор пічки ( обігрівача) Mercedes Vito Viano (639)AC+,0008357904,77644706,,KEMP
Мотор пічки ( обігрівача) Mercedes W203 AC+,2038202514,77647247,,KEMP
Мотор пічки ( обігрівача) Opel Astra F AC- Vectra A AC+,1845057,77643065,,KEMP
Мотор пічки ( обігрівача) Opel Astra G Zafira A,1845063,77644720,,KEMP
Мотор пічки ( обігрівача) Opel Corsa B Tigra  AC+,1618105,77643066,,KEMP
Мотор пічки ( обігрівача) Opel Corsa Opel Adam Fiat Punto 06->,55702442,77648879,,KEMP
Мотор пічки ( обігрівача) Opel Insignia 08-17 Opel Meriva 10-20,13263279,77648890,,KEMP
Мотор пічки ( обігрівача) Opel Kadet E Ascona C Corsa B(з резистором),1808063,77643069,,KEMP
Мотор пічки ( обігрівача) Opel Vectra B AC-,1845066,77644721,,KEMP
Мотор пічки ( обігрівача) Opel Vectra C Signum AC+ 02->,698806,77647429,,KEMP
Мотор пічки ( обігрівача) Opel Vectra C Signum AC+/- 02->,1845080,77647430,1845143,KEMP
Мотор пічки ( обігрівача) Opel Zafira (A05) (2005 - 2011),1845107,77648878,,KEMP
Мотор пічки ( обігрівача) Skoda Felicia AC- 94-01г.,6U0819021,77643058,,KEMP
Мотор пічки ( обігрівача) VW AmarokTouareg Porsc Cayenne  03->,7L0820021Q,77647823,7L0 820 021 Q,KEMP
Мотор пічки ( обігрівача) VW Golf 12-> Skoda Octavia A7 13-> з блоком управління,5Q1819021,77647427,77647427,KEMP
Мотор пічки ( обігрівача) VW Golf 3 AC-,1H1819021,7764489,,KEMP
Мотор пічки ( обігрівача) VW Golf 3 AC+,1H1820021,77643340,,KEMP
Мотор пічки ( обігрівача) VW Golf 4 Bora Skoda Octavia,1J1819021C,77643062,,KEMP
Мотор пічки ( обігрівача) VW LT28-46  96-06 (без крильчатки),2D1959101A,77648136,,KEMP
Мотор пічки ( обігрівача) VW T5,7H1819021D,77646167,7E1819021A,KEMP
Мотор пічки ( обігрівача) WV Passat Audi 80 B2 78-86 Transporter T2T3 ->90г.,321820015B,7764948,,KEMP
Мотор пічки ( обігрівача) WV Passat B3 Golf2 TransportT4 Audi80 AC+,357820021,7764949,,KEMP
Мотор пічки ( обігрівача) WV Passat B5 Audi A 4 96-04 AC-,8D1819021B,77643064,,KEMP
Мотор пічки ( обігрівача) WV Passat B5 Audi A 4 96-04 AC+,8D1820021A,77643059,,KEMP
Мотор пічки ( обігрівача)Mercedes GL-Class ML/GLE Mercedes R С блоком управління,A1648350007,77648876,77648876,KEMP
Мотор пічки ( обігрівачаVW Golf 12-> Skoda Octavia A7 13->(без блока управління),87256,77647650,NIS 87256,KEMP
Мотор пічки Ford C-Max 03-10 Ford Galaxy 06-15   Ford Kuga 08-12 Ford S-Max  06-,3M5H-18456-AD,77648887,,KEMP
Мотор пічкиPeugeot 206 98-08 Peugeot 307 00-07 Citroen Xsara з блоком управління,6441K0,77648880,6441.K0,KEMP
Мотор радиатора   RENAULT MASTER III (2 мотора+дифузор),921209221R,77647227,214815872R,KEMP
Мотор радиатора   Оpel Astra J Zafira C  Chevrolet Cruz 09->,13335181,77647215,,KEMP
Мотор радиатора  Audi A3 96-01 1.6-1.9/VW Polo Golf-4 /Skoda  (диам-290),6Q0959455K,77643349,,KEMP
Мотор радиатора  Audi A3 VW  Golf-5 Cadi 3/Skoda TDI TFSI 360mm (левый),1K0959455N,77645002,,KEMP
Мотор радиатора  Audi Q7 VW Touareg 02-> 420mm 450W,7L0959455D,77647420,,KEMP
Мотор радиатора  Fiat Ducato 2.3D 3.0D 07-> 390/390mm 200/300W,1358009080,77647225,,KEMP
Мотор радиатора  Opel Astra G Zafira A 1.6-2.2 16V(390mm) 98->(с дифузорм и реос,1341299,77644713,1314539,KEMP
Мотор радиатора  Opel Astra G Zafira A(390mm) 98->(с дифузорм и реостатом),1314538,77644712,,KEMP
Мотор радиатора  Opel Astra H Zafira B AC+ (390mm) 04-11,1341386,77648857,,KEMP
Мотор радиатора  Opel Corsa D 1.3CDTI 1.6Turbo 1.7CDTI 06-> 405mm 440W,1341399,77647217,,KEMP
Мотор радиатора  VW  Golf3 Vento 1.9 TDI 2.8 VR6 AC+ 450*250*80W,1H0959455AH,77643357,1H0959455T,KEMP
Мотор радиатора  VW  Passat B3/B4 88-97  (диам-303) под паразит.,357959455F,77643344,,KEMP
Мотор радиатора  VW  Passat B3/B4 88-97  (диам-345) под паразит.,3A0959455B,7764411,,KEMP
Мотор радиатора  VW Golf-2 83-91/ Passat 80-93  2-х скор.,191959455J,7764198,165959455,KEMP
Мотор радиатора  VW Golf-2 83-91/ Passat 80-93  2-х скор.120*200W,165959455AM,77643355,165959455AM,KEMP
Мотор радиатора Audi-100 84-90/Audi-80 91-94 кондицион (без крыльчатки),443959455 N,77648917,,KEMP
Мотор радиатора Audi-80 92-95 / Audi-100 90-94/A6 94-97,4A0959455C,7764405,,KEMP
Мотор радиатора Audi-A4 95-00/ A6 97/VW Passat B5 96-00 (круглый разъём),8D0959455C,7764503,8D0959455B,KEMP
Мотор радиатора Audi-A4 95-00/ A6 97/VW Passat B5 96-00 (овальный разъём),8D0959455J,7764305,8D0959455P/R,KEMP
Мотор радиатора Chevrolet Laceti Daewoo Nubira 04-> 300mm 120W,96553364,77647209,5484573,KEMP
Мотор радиатора Citroen Berlingo 96-08 Citroen Xsara 00-10,1250E9,77648866,1250.E9,KEMP
Мотор радиатора Fiat Doblo 1.3-2.0 10-> 405mm 300W(дифузор резистор),51821155,77647218,,KEMP
Мотор радиатора Fiat Doblo 1.9Multijet 1.3 JTD 1.9JTD AC+,51755591,77644997,,KEMP
Мотор радиатора Fiat Ducato 06-20(дифузор+2 мотора),1358012080,77648862,,KEMP
Мотор радиатора Fiat Fiorino Qubo CITRO Nemo Biper 1.3 1.4HDI Multiget 08->390mm,51780703,77647208,,KEMP
Мотор радиатора Ford Fiesta 01-08 Ford Fusion  02-12 с дифузором и резистором,2S6H8C607EF,77648868,,KEMP
Мотор радиатора Ford Mondeo 07-14 Ford S-Max 06-14 с дифузором и блоком упр.,6G91-8C607-GF,77647403,,KEMP
Мотор радиатора Ford Transit Conect 1.8 Di/TDCi,7T168C607NB,77647226,,KEMP
Мотор радиатора Mercedes A 04-12 Mercedes B 05-11 с блоком управления,A1698203542,77648852,,KEMP
Мотор радиатора Opel Omega B 94-03  315mm,1341171,77648855,,
Мотор радиатора Renault  Clio Kangoo Trafic 1.9D (без дифузора),7701070217,77645040,,KEMP
Мотор радиатора Renault  Kangoo 08-,7701071862,77649092,,KEMP
Мотор радиатора Renault  Kangoo 08-с дифузором,7701069288,77647220,,KEMP
Мотор радиатора Renault Master 2 Opel Movano 2003-> (с дифузором),4415731,77645000,7701059544,KEMP
Мотор радиатора Renault Trafic 1.9TDI 01-> AC+/-,7701069898,77647221,7701069897,KEMP
Мотор радиатора Skoda Fabia VW Polo Seat Arosso (диам-385) 1.4TDI 100W,6Q0959455D,77643348,,KEMP
Мотор радиатора Skoda FabiaVW Polo FOX Seat Cordoba (диам-385) 1.4TDI 250*60WAC+,6Q0959455N,77643356,,KEMP
Мотор радиатора VW Golf-3 92-98/ Passat 90-97 (диам-305),1H0959455,7764154,,KEMP
Мотор радиатора VW Passat B3/B4 86-97 (диам-280) под паразит,327959455,7764449,,KEMP
Мотор радиатора VW Transporter 90-03 (диам-280)350W,701959455AM,7764946,,KEMP
"Мотор радіатора   AUDI A4, A5,A6, A7, Q5 (2006- /)",4G0959455B,77648904,,KEMP
Мотор радіатора   RENAULT MASTER II 98-> 350W 385mm (без дифузора),7701043673,77647257,SL1303-12,KEMP
Мотор радіатора  Audi A3 96-01 1.-1.9/Skoda /VW Golf-4 (діам-290),1J0959455K,7764161,1J0959455A/K,KEMP
Мотор радіатора  Audi A3 96-01 1.6-1.9/VW  Golf-4 /Skoda  (діам-345) AC+,1J0959455F,7764412,6X0959455A,KEMP
Мотор радіатора  Audi A3 VW  Golf-5 Cadi 3/Skoda  (лівий),1K0959455P,77644999,,KEMP
Мотор радіатора  Audi A3 VW  Golf-5 Cadi 3/Skoda  (правий),1K0959455DH,77643341,1K0959455Q/ET/DH,KEMP
Мотор радіатора  Audi A3 VW  Golf-5 Cadi 3/Skoda  360mm  100W,1K0959455CN,77647422,,KEMP
Мотор радіатора  Audi A3 VW  Golf-5 Cadi 3/Skoda TDI TFSI 0mm,1K0959455CP,77647421,,KEMP
Мотор радіатора  Audi A4 (B6.B7) 1.6-3.0  00-08г. 300мм 200W,8E0959455N,77647204,,KEMP
Мотор радіатора  Audi A4 (B6.B7) 1.6-3.0  00-08г. 380мм 400W,8E0959455K,77647205,,KEMP
Мотор радіатора  Audi A4 .A6.A8 2.4-3.2 97-08г. 380мм 400W,8E0959455A,77647206,,KEMP
Мотор радіатора  Audi A4 A5 Q5 1.8-3.2 08-> 350mm 200W,8K0959455M,77647229,,KEMP
Мотор радіатора  Audi A4 A5 Q5 1.8-3.2 08-> 384mm 400W,8K0959455K,77647228,,KEMP
"Мотор радіатора  Audi A5, A4, Q5,A7, A6(2007 -2017)",4G0959455C,77648905,,KEMP
Мотор радіатора  Audi A6 2.0TDI 2.4-3.2 04-11г. 280мм 200W,4F0959455A,77647203,,KEMP
Мотор радіатора  Audi A6 2.0TDI 2.4-3.2 04-11г. 383мм 400W,4F0959455,77647202,,KEMP
Мотор радіатора  Audi Q7 3.0V6TDI VW Touareg 2.5R5 3.0 V6 TDI 07-> 420mm 450W,7L0959455G,77647423,0130303327,KEMP
Мотор радіатора  Audi Q7 VW Touareg 06-> 300mm 300W,7L0959455F,77647231,7L0959455C,KEMP
Мотор радіатора  Corsa Classic  2011 (без дифузора),5020627,77647255,,KEMP
Мотор радіатора  Dacia  2010-> Renault Duster  (з рамкою) AC-,8200880554,77645043,,KEMP
Мотор радіатора  Dacia  Sandero 1.5CDI Renault Logan AC-,8200779073,77645038,7200779073,KEMP
Мотор радіатора  Dacia Logan Sandero AC+,8200765566,77644998,,KEMP
Мотор радіатора  Dacia Logan Sandero Renault Clio Kangoo AC- (без рамки),6001550770,77644996,8200702955,KEMP
Мотор радіатора  Dacia Logan Sandero Renault Sandero AC-,6001550773,77647211,,KEMP
Мотор радіатора  Opel Astra G Zafira A(315mm) 98- AC+ (з дифузором і реостатом),9132916,77644744,9133061,KEMP
Мотор радіатора  Opel Astra G Zafira A(390mm) 98->(без дифузора з реостатом),1314453,77645047,,KEMP
Мотор радіатора  Opel Astra G Zafira A1.7CDTI 2.2 DTI 16V(315mm) 98->,24431830,77645001,,KEMP
Мотор радіатора  Opel Astra H Zafira B AC+ (1.3-1.9CDTi  04-11 315mm,13147279,77648859,77648859,KEMP
Мотор радіатора  Opel Astra H Zafira B AC+ (1.3-1.9CDTi 1.6-2.0 Turbo 04-11,24467444,77648858,,KEMP
Мотор радіатора  Opel Combo/Corsa/00-> 390mm,1314442,77648856,,KEMP
Мотор радіатора  Opel Combo/Corsa/Tigra AC+ (305mm) 94->,1341307,77643354,,KEMP
Мотор радіатора  Opel Corsa D Fiat Punto 08-> 390mm 240W,51797135,77647216,,KEMP
Мотор радіатора  Opel Kadet E 88-91 Vectra А 1.8-2.0 94-01 ( 360мм ),1341223,77643053,,KEMP
Мотор радіатора  Opel Kadet E 88-91/Astra F/Omega B/Vectra А 94-01 280мм,0130303243,7764408,,KEMP
Мотор радіатора  Opel Kadet E 88-91/Omega B/Vectra А 94-01( 360мм ),1341309,77643338,,KEMP
Мотор радіатора  Opel Vectra B 1.6-2.2 16V 95-02 (з дифузором),52464705,77645037,130303872,KEMP
Мотор радіатора  Opel Vectra B AC+ 95-02 (без рамки),1341262,77643337,,KEMP
"Мотор радіатора  Peugeot Boxer, Fiat Ducato, Citroen Jumper 00->",1328088080,77647222,,KEMP
Мотор радіатора  VW  Golf 390mm 180W,5U0959455A,77647259,5U0 959 455A,KEMP
Мотор радіатора  VW  Golf 392mm 250W,5U0959455B,77647258,5U0 959 455B,KEMP
Мотор радіатора  VW  електр під паразів 36діам,,7764436,,KEMP
Мотор радіатора Audi A3 96-01 1.6-1.9/VW Golf-4 /Skoda (діам-345),6E0959455A,7764970,1J0959455B,KEMP
Мотор радіатора Audi-100 84-90/Audi-80 91-94 кондиціонер (діам-352),443959455N,7764290,,KEMP
Мотор радіатора Audi-80 85-91 (без крильчатки),811959455 R,77648916,"811959455B,L,R",KEMP
Мотор радіатора Audi-80 85-91 під паразитку,811959455R,7764156,"811959455B,L,R",KEMP
Мотор радіатора Audi-80 92-95 / Audi-100 90-94/A6 94-97 280mm,4A0959455B,77643345,,KEMP
Мотор радіатора Chevrolet Aveo T300  90W,95962652,77647223,,KEMP
Мотор радіатора Citroen Berlingo 96-08 Citroen Xsara 00-10,1253A6,77648865,1253.A6,KEMP
Мотор радіатора Citroen Berlingo C5 C8 Xsara Peugeot Partner AC-,9635494380,77644995,,KEMP
Мотор радіатора Citroen C4 04-10  Peugeot 307   00-07,1253K2,77648863,1253.K2,KEMP
Мотор радіатора Citroen C4 04-10  Peugeot 307   00-07,1253A9,77648864,1253.A9,KEMP
Мотор радіатора Daewoo Nexia 95->,96353136,77647210,,KEMP
Мотор радіатора Fiat Doblo 1.6D2.0D Multijet  10-> 405mm 430W,51833973,77647224,,KEMP
Мотор радіатора Fiat Doblo 1.9D,46737733,77644989,,KEMP
Мотор радіатора Fiat Doblo 1.9Multijet 1.2;1.6 16V AC- (без дифузора),46737731,77645039,V9010893,KEMP
Мотор радіатора Fiat Doblo 1.9Multijet 1.2;1.6 16V AC+ (без дифузора),51738718,77645041,V9010985,KEMP
Мотор радіатора Fiat Doblo 1.9Multijet 1.3 JTD 1.9JTD AC-,51738799,77644990,,KEMP
Мотор радіатора Fiat Doblo 1.9Multijet 1.3 JTD 1.9JTD AC+,51753828,77644991,,KEMP
Мотор радіатора Fiat Fiat Punto 05-20 Opel Corsa 06-20 з дифузором,1341392,77648861,,KEMP
Мотор радіатора Ford Escort Fiesta Sierra (305 mm),89FB8K620BA,77643353,86AB8B605BA,KEMP
Мотор радіатора Ford Transit Conect 1.8 Di/TDCi,4371780,77643339,,KEMP
Мотор радіатора Mercedes Smart   07-> з дифузором,A0002009323,77648854,,KEMP
Мотор радіатора Mercedes Vito Viano (639) AC+ (електричний),6395000193,77644831,8EW009159021,KEMP
Мотор радіатора Opel Astra G Zafira A 1.2-1.8(390mm) 98->(без дифузора з рез.),1341344,77644718,,KEMP
Мотор радіатора Opel Astra G Zafira A1.7CDTI 2.2 16V(390mm) 98->(без дифузора з,1341346,77644719,,KEMP
Мотор радіатора Opel Astra H 1.4-1.8 (390mm) 04->(з дифузором і реостатом),1314556,77644714,,KEMP
Мотор радіатора Opel Astra H Zafira B AC+ (315mm) 09->,0130303302,77644707,,KEMP
Мотор радіатора Opel Astra H АКПП AC+ (315mm) 07->(без дифузора без рез.),0130303303,77644708,,KEMP
Мотор радіатора Opel Combo/Corsa/Tigra 94-01,0130303244,7764955,,KEMP
Мотор радіатора Opel Kadet 88-91/ASTRA F/VECTRA.A -96 1.4 1.6,1341244,7764968,,KEMP
Мотор радіатора Opel Vectra B 1.6-2.2 16V 95-02 (без рамки),1341264,77644716,,KEMP
Мотор радіатора Opel Vectra B2.02.2DTI 16V 95-02 (315mm) (без рамки),1341313,77644717,,KEMP
Мотор радіатора Opel Vectra C Signum (без дифузора) 380мм,1341362,77647256,200952,KEMP
Мотор радіатора Opel VectraC Signum 02-08 320мм,24418347,77648860,,KEMP
Мотор радіатора Passat B3 Audi-80 ел.2-х скор.під паразит.,327959455А,7764494,,KEMP
Мотор радіатора Peugeot Partner96-08 Peugeot 306 406  94-04,1250F1,77646252,1250.F1,KEMP
Мотор радіатора Renault  Clio Kangoo,7701045816,77644738,,KEMP
Мотор радіатора Renault  Clio Kangoo Dacia Logan Sondero AC+,6001550769,77644987,,KEMP
Мотор радіатора Renault  Kangoo 1.5DCI 05-> 1.9DCI 03->(без рамки),7701062959,77644740,,KEMP
Мотор радіатора Renault 19 Clio Megan 1,7700784652,77644733,,KEMP
Мотор радіатора Renault 9;11;21 Clio Espace (без крильчатки),7700828624,77644835,77644835,KEMP
Мотор радіатора Renault 9;11;21 Clio Espace (з крильчаткою),7700828623,77644736,,KEMP
Мотор радіатора Renault Kangoo 1.9D 1.5CDI (з дифузором),7701043966,77645042,7710043963,KEMP
Мотор радіатора Renault Megan 3 Scenic 3 09-> AC+,214819402R,77647219,,KEMP
Мотор радіатора Skoda Fabia (діам-290),6Q0959455J,7764950,6QD959455B,KEMP
Мотор радіатора Skoda Fabia (діам-345)VW Polo Seat Arosso,6X0959455,7764951,6Q0959455H,KEMP
Мотор радіатора Skoda Fabia Praktik Roomster  Volkswagen Polo 09->з дифузором,6R0121207L,77648851,,KEMP
Мотор радіатора Skoda Fabia Praktik Roomster  Volkswagen Polo з дифузором,6R0959455C,77642570,,KEMP
Мотор радіатора Skoda Fabia VW Polo Seat Arosso (діам-345) 250/60W,6N0959455L,77643347,,KEMP
Мотор радіатора Skoda Fabia07->VW Polo Seat Cordoba (діам-393)  250*60WAC+,6Q0959455AE,77647207,,KEMP
Мотор радіатора Skoda FabiaVW Polo Seat Cordoba 1.2-1.6  16V,6Q0959455AF,77644727,,KEMP
Мотор радіатора Volkswagen Sharan Volkswagen Polo Volkswagen Lupo,95VW15150MA,77640017,,KEMP
Мотор радіатора VW Golf-3 92-98/Passat 90-97(діам-305)250/80Wпід паразит.,1H0959455J,7764917,85539,KEMP
Мотор радіатора VW Sharan .Saveiro 290mm,9130451141,7764956,377959455G,KEMP
Мотор радіатора VW Sharan Ford Galaxy,7M0959455J,77644742,,KEMP
Мотор радіатора VW Transporter 90-03 (діам-280)450W АКП,701959455J,77643052,,KEMP
Мотор радіатора VW Transporter 90-03 (діам-345)350W,7D0959455M,77643433,,KEMP
Мотор радіатора VW Transporter 90-03 (діам-345)450W,7D0959455K,77643054,,KEMP
Мотор радіатора VW Transporter 90-03 (діам-345)450W,7D0959455J,77643352,7D0959455J,KEMP
Мотор радіатора VW Transporter 90-03 (діам-345)450W,701959455L,77643351,,KEMP
Мотор радіатора VW Transporter T5 1.9-3.2  03-09г.290мм 300W,7H0959455D,77647213,,KEMP
Мотор радіатора VW Transporter T5 1.9-3.2  03-09г.420мм 450W,7H0959455A,77647212,,KEMP
Мотор радіатора WV Caddy Polo/Seat  (діам-300),6K0959455D,77648850,,KEMP
Мотор радіатора WV Caddy Polo/Seat  (діам-300),6K0959455B,7764952,,KEMP
Мотор радіатора WV Caddy Polo/Seat  (діам-300),6K0959455A,77648849,,KEMP
Мотор радіатора інтеркулера Mercedes Smart   98-05 з дифузором,0003127V007,77648853,,KEMP
Мотор радіатора Сhevrolet Aveo T300(11-),95352379,77647230,,KEMP
Мотор ск/підймача правий Daewoo Lanos R (трикут.),96190208,77642990,,KEMP
Мотор склопідіймача лівий Daewoo Lanos L (трикут.),96190207,77643245,,KEMP
Мотор стеклопідйомника правий Daewoo Lanos R (шестер.),96430356,77643614,,KEMP
Моторпічки пічки ( обігрівача)  Mercedes 207-410 77-96р.(без крильчатки),87097,77648220,,KEMP
Моторчик стеклоочистителя Mercedes Benz W164,8259,,2518200042,KEMP
Муфта генератора обгонна  Ford Transit V184 (шків),ZNP-28591,77642599,,KEMP
"Муфта еластична карданна Mercedes Benz W124 W201 2.6-3,2",1244100815,77646735,1103401,KEMP
Муфта еластична карданна Mercedes Benz W202 W210 2.0-3.0,2024110315,77645454,,KEMP
Муфта еластична рульової рейки (карданчик) Opel Kadet Vectra,520689,77641861,,KEMP
Муфта еластичная кардана Ford Sierra (5 ступ  с  флянцем),76B64K175DA,77641118,72GG4684BA,KEMP
Муфта еластичная кардана MB W123 2.0-3.0,1234100015,77645455,,KEMP
Муфта еластичная кардана MB W123 2.0-3.0,1234100015,77643097,,KEMP
Муфта еластичная кардана-КПП Ford Tran.Sier.Gran.(ромб.отв.6 болтов) НЕ КРУГ!!!,88GG4684BA,77644625,,KEMP
Надпись Daewo,96303494,77641962,,KEMP
Накладка арки   VW Golf 2 передня ліва,191853717A,7764790,,KEMP
Накладка арки  VW Golf 2 задня ліва,191853817B,77646944,,KEMP
Накладка арки  VW Golf 2 задня права,191853818B,77646945,,KEMP
Накладка внутрішної ручки двері VW Transporter T5,7H0867171B,77644238,,KEMP
Накладка дзеркала Cheri Amulet R,A15-8202050-DQ,77642324,,KEMP
Накладка зеркала Cheri Amulet L,A15-8202040-DQ,77642323,,KEMP
Накладка панели приборов Mercedes Benz Sprinter,6803,,9016890739,KEMP
Накладка под фару Daewoo Lanos L,96304656,77641965,,KEMP
Накладка под фару Daewoo Lanos R,96304657,77641966,,KEMP
Накладки бампера Audi-100 84-91(компл) передн хром,443807243A+259A+260A,7764574,,KEMP
Наконечник рулевой Chery   Amulet L,A11-3003050,77641791,,KEMP
Наконечник рулевой Chery   Amulet R,A11-3003060,77641792,,KEMP
"Наконечник рулевой тяги  Audi-100,A6 86-96 16 мм R",443419812D,7764477,,KEMP
Наконечник рулевой тяги  Skoda Felicia Favorit Forman,115500440,77643229,,KEMP
Наконечник рулевой тяги Chevrolet  Aveo   R. (Шанхай),96261379,77643600,13125122,KEMP
Наконечник рулевой тяги Chevrolet  Aveo  L. (Шанхай),96261378,77643601,13125121,KEMP
Наконечник рулевой тяги Ford Escort Orion ->90г.L/R,FD-ES-0331,77642637,84AB3289AA,KEMP
Наконечник рулевой тяги Ford Escort Orion ->90г.L/R,84AB3289AA,77642459,,KEMP
Наконечник рулевой тяги Ford Scorpio 85-93 L/R,FD-ES-3379,77642632,5021415,KEMP
Наконечник рулевой тяги Ford Siera 82-93 R,5021413,77642712,FD-ES-3369,KEMP
Наконечник рулевой тяги Ford Transit  85-91г.,86VB3289A2D,77642633,FD-ES-3387,KEMP
Наконечник рулевой тяги Ford Transit 91-00г.,6517364,77641549,92VX3270AA,KEMP
Наконечник рулевой тяги L=R Fiat Scudo 07-,02.0128,,9403817738,KEMP
Наконечник рулевой тяги Mercedes Vito V Clas L/R,6384600048,77643174,LMI18874,KEMP
Наконечник рулевой тяги Opel Vectra A Astra F  R.,OP-ES-5565,77642623,032 4056,KEMP
Наконечник рулевой тяги Opel Vectra A Astra F R.,0324056,77642507,,KEMP
Наконечник рулевой тяги Renault Trafic 2  Opel Vivaro  L,RE-ES-0853,77642628,7701049282,KEMP
Наконечник рулевой тяги Renault Trafic 2  Opel Vivaro  R,RE-ES-0852,77642629,7701049283,KEMP
Наконечник рулевой тяги VW G4 Bora Scoda Oktavia R 00-> правый,1J0422812B,77646648,JTE458,KEMP
"Наконечник рулевой тяги VW Golf 84-91,Passat 88-96 R правый",191419812,7764425,,KEMP
Наконечник рулевой тяги VW Passat 81-87/Audi-80 79-96,811419812A,7764434,,KEMP
"Наконечник рулевой тяги VW Passat B5/Audi A4,A6,A8  96-04",4B0419811B,7764289,4D0419811A,KEMP
Наконечник рулевой тяги VW Sharan Ford Galaxi Seat Alhambra 97-> L левый,VO-ES-8259,77642616,7M0422817B,KEMP
Наконечник рулевой тяги VW Sharan Ford Galaxi Seat Alhambra 97-> R правый,VO-ES-8258,77642617,7M0422818B,KEMP
"Наконечник рулевой тяги, правый Renault Logan 04->",4006157,,6001550443,KEMP
Наконечник рулевой тягиMercedes Benz Vito,4600,,6384600048,KEMP
Наконечник рульової тяги   Audi-100  14 мм   L лівий,443419811C,77645272,443419811A,KEMP
Наконечник рульової тяги   Audi-100  14 мм   R правий,443419812C,77645273,443419812A,KEMP
Наконечник рульової тяги  Audi-100  14 мм   L лівий,AU-ES-7146,7764676,443419811A,KEMP
Наконечник рульової тяги  Audi-100  14 мм   R правий,AU-ES-7148,7764677,443419812A,KEMP
Наконечник рульової тяги  Audi-100  18 мм   L лівий,4A0419811A,7764674,,KEMP
Наконечник рульової тяги  Audi-100  18 мм   R правий,4A0419812A,7764675,,KEMP
Наконечник рульової тяги  Daewoo Nubira  L/ R.,DE-ES-0634,77641275,96205809,KEMP
Наконечник рульової тяги Audi Q7 VW Amorok Toureg  L лівий,2H0422817,77646667,,KEMP
Наконечник рульової тяги Audi Q7 VW Amorok Toureg Rправий,2H0422818,77646668,,KEMP
"Наконечник рульової тяги Audi-100,A6 86-96 16 мм L лівий",443419811D,7764476,,KEMP
Наконечник рульової тяги Chevrolet Aveo  L.,93740722,77642502,,KEMP
Наконечник рульової тяги Chevrolet Aveo  R.,93740723,77642503,,KEMP
Наконечник рульової тяги Chevrolet Aveo L.,DE-ES-2475,77642630,93740622,KEMP
Наконечник рульової тяги Chevrolet Aveo L. (Шанхай),93740722,77643644,,KEMP
Наконечник рульової тяги Chevrolet Aveo R.,DE-ES-2476,77642631,93740623,KEMP
Наконечник рульової тяги Chevrolet Aveo R. (Шанхай),93740723,77643645,,KEMP
Наконечник рульової тяги Dacia Logan Sandero 05-> L,6001547610,77643638,6001550442,KEMP
Наконечник рульової тяги Dacia Logan Sandero 05-> R,6001547611,77643639,6001550443,KEMP
Наконечник рульової тяги Daewoo Nubira Chevrole Laceti  L,DE-ES-3968,77641274,96407485,KEMP
Наконечник рульової тяги Daewoo Nubira Chevrole Laceti R,DE-ES-3969,77641299,96407486,KEMP
Наконечник рульової тяги Fiat Qubo  Peugeot Bipper  Citroen Nemo L,77364568,77646665,,KEMP
Наконечник рульової тяги Fiat Qubo  Peugeot Bipper  Citroen Nemo R,77364569,77646666,,KEMP
Наконечник рульової тяги Ford Escort Orion 91-00г. L,1015547,77642457,91AX3270BA,KEMP
Наконечник рульової тяги Ford Escort Orion 91-00г. R,1015546,77642458,91AX3270AA,KEMP
Наконечник рульової тяги Ford Escort Orion 91-00г.L,FD-ES-4106,77642635,91AX3270BA,KEMP
Наконечник рульової тяги Ford Escort Orion 91-00г.R,FD-ES-4105,77642636,91AX3270AA,KEMP
Наконечник рульової тяги Ford Fiesta Fusion 01-> L,FD-ES-2261,77642640,1202549,KEMP
Наконечник рульової тяги Ford Fiesta Fusion 01-> R,FD-ES-2262,77642641,1202548,KEMP
Наконечник рульової тяги Ford Focus C-MAX 03-> L,FD-ES-3665,77642638,1315083 L,KEMP
Наконечник рульової тяги Ford Focus C-MAX 03-> R,FD-ES-3891,77642639,1315083 R,KEMP
Наконечник рульової тяги Ford Siera 82-93 L,5021414,77642711,FD-ES-3368,KEMP
Наконечник рульової тяги Ford Transit 00->г.,FD-ES-0957,77642634,4047091,KEMP
Наконечник рульової тяги Ford Transit 00->г.,4047091,77642500,,KEMP
Наконечник рульової тяги Ford Transit Connect 02-> L/R,4381840,77646662,,KEMP
Наконечник рульової тяги Mercedes Sprinter VW LT 28-46 L/R,9014600048,77642497,,KEMP
Наконечник рульової тяги Mercedes Sprinter VWCrafter,9064600148,77646647,,KEMP
Наконечник рульової тяги Mercedes Sprinter VWCrafter,17MR0105,77643918,906 460 0148,KEMP
Наконечник рульової тяги Mercedes Vito  L. (639),ME-ES-4393,77642000,LMI27664,KEMP
Наконечник рульової тяги Mercedes Vito  R. (639),ME-ES-4394,77642001,LMI27665,KEMP
Наконечник рульової тяги Mercedes Vito L. (639),6394600048,77643175,LMI27664,KEMP
Наконечник рульової тяги Mercedes Vito V Clas L/R,ME-ES-6342,77641990,LMI18874,KEMP
Наконечник рульової тяги Opel Astra G Zafira,1603215,77641888,1603542,KEMP
Наконечник рульової тяги Opel Corsa B Combo Tigra 93-01 L/R,OP-ES-0480,77642621,26065265,KEMP
Наконечник рульової тяги Opel Kadet Lan/Esp.Nex  L.,OP-ES-5377,77642624,032 4039,KEMP
Наконечник рульової тяги Opel Kadet Lan/Esp.Nex  R.,OP-ES-5380,77642625,0324038,KEMP
Наконечник рульової тяги Opel Kadet Lan/Esp.Nex L.,0324039,77641272,,KEMP
Наконечник рульової тяги Opel Kadet Lan/Esp.Nex R.,0324038,77641273,,KEMP
Наконечник рульової тяги Opel Movano Renault Master 2  L,4501262,77642486,7701470363,KEMP
Наконечник рульової тяги Opel Movano Renault Master 2  R,4501263,77642487,7701470364,KEMP
Наконечник рульової тяги Opel Vectra A Astra F  L.,OP-ES-5562,77642622,032 4055,KEMP
Наконечник рульової тяги Opel Vectra A Astra F L.,0324055,77642506,,KEMP
Наконечник рульової тяги Opel Vivaro Renault Trafic 2 L,4408510,77642464,7711049282,KEMP
Наконечник рульової тяги Opel Vivaro Renault Trafic 2 R,4408511,77642465,7701049283,KEMP
Наконечник рульової тяги Peugeot 205-309 Partner Citroen Berlingo ->2008г.,PE-ES-5703,77642708,381750,KEMP
Наконечник рульової тяги Peugeot 205-309 Partner Citroen Berlingo ->2008г.,381750,77642455,,KEMP
Наконечник рульової тяги Peugeot 806 Exspert Fiat Scudo Citroen Jumpi  L/R,405909,77646661,,KEMP
Наконечник рульової тяги Peugeot Boxer Citroen Jumper  Fiat Ducato L 06->,77364253,77646663,,KEMP
Наконечник рульової тяги Peugeot Boxer Citroen Jumper  Fiat Ducato R 06->,77364009,77646664,,KEMP
Наконечник рульової тяги Renault Kangoo Megane 99-> Clio2 3 L,7701047415,77642515,,KEMP
Наконечник рульової тяги Renault Kangoo Megane 99-> Clio2 3 R,7701047416,77642496,,KEMP
Наконечник рульової тяги Renault Master 2 Opel Movano  L,7701470363,77642585,7701470363,KEMP
Наконечник рульової тяги Renault Master 2 Opel Movano  R,7701470364,77642586,7701470364,KEMP
Наконечник рульової тяги Renault Master 2 Opel Movano L,RE-ES-0809,77642626,7701470363,KEMP
Наконечник рульової тяги Renault Master 2 Opel Movano R,RE-ES-0810,77642627,7701470364,KEMP
Наконечник рульової тяги Renault Trafic 2  Opel Vivaro L,7701049282,77642583,7701049282,KEMP
Наконечник рульової тяги Renault Trafic 2 Opel Vivaro R,7701049283,77642584,7701049283,KEMP
"Наконечник рульової тяги VW Cadi 3, Golf 5, Passat B6, Oktavia A5  L. лівий",VO-ES-1868,77642618,1K0423811C,KEMP
"Наконечник рульової тяги VW Cadi 3, Golf 5, Passat B6, Oktavia A5  R. правий",VO-ES-1869,77642619,1K0423812C,KEMP
"Наконечник рульової тяги VW Cadi 3, Golf 5, Passat B6, Oktavia A5 L. лівий",1K0423811A,77642516,,KEMP
"Наконечник рульової тяги VW Cadi 3, Golf 5, Passat B6, Oktavia A5 R. правий",1K0423812A,77642517,,KEMP
Наконечник рульової тяги VW G4 Bora Scoda Oktavia L ->00 лівий,1J0422811,77641865,,KEMP
Наконечник рульової тяги VW G4 Bora Scoda Oktavia L 00->,1J0422811B,77646649,,KEMP
Наконечник рульової тяги VW G4 Bora Scoda Oktavia R ->00 правий,1J0422812,77641864,,KEMP
Наконечник рульової тяги VW G4 Bora Scoda Oktavia R 00->,1J0422812B,77644343,,KEMP
"Наконечник рульової тяги VW Golf 84-91,Passat 88-96 L лівий",191419811,7764280,,KEMP
Наконечник рульової тяги VW LT 28-46 MB Sprinter  L/R лівий/правий,ME-ES-6344,77642642,2D0422811,KEMP
Наконечник рульової тяги VW Polo Lupo 94 01 Seat Arossa 97-04 L лівий,VO-ES-0511,77642612,6X0422811,KEMP
Наконечник рульової тяги VW Polo Lupo 94 01 Seat Arossa 97-04 R правий,VO-ES-0510,77642613,6X0422812,KEMP
Наконечник рульової тяги VW T4  96-L лівий,701419811C,77641851,,KEMP
Наконечник рульової тяги VW T4  96-R правий,701419812B,77641852,,KEMP
Наконечник рульової тяги VW T4 91- L (конус 14) лівий,701419811A,77643634,,KEMP
Наконечник рульової тяги VW T4 91- R (конус 16) правий,701419812A,77643635,,KEMP
Наконечник рульової тяги VW T4 96-L лівий,VO-ES-0368,77641516,10887,KEMP
Наконечник рульової тяги VW T4 96-R правий,VO-ES-0369,77641517,10888,KEMP
Наконечник рульової тяги VW T4.96-L лівий,701419811E,77642510,10888,KEMP
Наконечник рульової тяги VW T4.96-R правий,701419812D,77642511,10887,KEMP
Наконечник рульової тяги VW T-5 03- L лівий,7H0422817C,77643629,LMI27594,KEMP
Наконечник рульової тяги VW T-5 03- R правий,7H0422818C,77643630,LMI27595,KEMP
Напівось Audi A6 2.4 2.5 TDI 2.8 97-05г. R АКП ABS права,4B0407272F,77642024,,KEMP
Напівось Renault Master 3.0 CDI 2003-> R (права),27-3035,77644129,27-3035/MG,KEMP
Напівось VW  T4 96->внутрішня (65/75KW),02G409356,77644946,02G409356B,KEMP
Напівось VW  T4 96->внутрішня (ремкомплект) (65/75KW),02G409356A+345,77644944,02G409356B+345A,KEMP
Напівось VW Passat B3 B4 1.8-2.0 в зборі R права,23547,77642023,,KEMP
Направляюча бампера задньої Chery Amulet R,A11-2804052,77641815,,KEMP
Направляющая (палец ) суппорта MBSprinter К-кт.,0146980006/S,77644042,,KEMP
Направляющая бампера переднего Chery Amulet L,A11-2803051,77641812,,KEMP
Направляющая втулка клапана (выпуск) Mercedes Benz M314,81-1676,,3520533730,KEMP
"Направляющая заднего суппорта (ремкомплект) MBSprinter 906,06->  (Bosch)",0004230563,77645169,,KEMP
Направляющая задней двери VW T5,8290.01,,7H0829733C,KEMP
Направляющая переднего бампера к-кт Peugeot Partner/Citroen Berlingo 02>08,110058,,7416J2,KEMP
Направляющая переднего бампераMercedes Benz Sprinter W901,100 8801,,9018800114,KEMP
"Направляющая переднего суппорта (ремкомплект) MBSprinter 906,06->",0004210850,77645171,,KEMP
Направляющая сдвижной двери Fiat Ducato/ Peugeot Boxer/Citroen Jumper 94>,050062,,1358687080,KEMP
Напрямна бампера заднього Chery Amulet L,A11-2804051,77641814,,KEMP
Напрямна бампера переднього Chery Amulet R,A11-2803052,77641813,,KEMP
Напрямна вибивного підшипника VW T4 T5 Passat 3 4 Golf,414002410,77644126,,KEMP
Напрямна зсувних дверей Fiat Ducato Peugeot Boxer 96-06,1358687080,77645676,,KEMP
Напрямна клапанів VW/Audi SM  (1 шт.),049103419,7764414,880222,KEMP
Напрямна розсувних дверей Fiat Ducato/ Peugeot Boxer/Citroen Jumper 94>06,1313566080,77648641,,KEMP
Напрямна супорта (A11),A11-3501067,77642326,,KEMP
Напрямні клапанів Daewoo Lanos к-кт (1шт),96350912,77643443,,KEMP
Наружная часть дверного замка (левая) Mercedes Benz Vario,0007201335,77646309,7213,KEMP
Насос гидроусилителя  Audi 100 82-90г.4 цил.,026145155D,77641634,,KEMP
"Насос гидроусилителя  Audi 100,A4,А6 91-97 (без гарантии)",048145155F,7764522,7681955265,KEMP
Насос гидроусилителя  Audi A6 2.5TDI 97-05,4B0145155R,77648232,,KEMP
Насос гидроусилителя  VW CRAFTER 2.0TDI 2.5 TDI 06г.->,2E0422155A,77646615,,KEMP
Насос гидроусилителя  VW Golf-2/Passat B3,27145157,77642577,,KEMP
Насос гидроусилителя  VW Golf-3/G-4 Passat B3 (выносн. шкив),028145157D,77644002,,KEMP
Насос гидроусилителя  VW Golf-3/G-4 Passat B3 (выносн. шкив),028145157B,7764656,7691974113,KEMP
Насос гидроусилителя  VW LT 28-46 2.5 TDI 96г.->,2D0422155,77641658,,KEMP
Насос гидроусилителя  VW LT 28-46 2.8TDI 99-06 г. (косой зуб),062145165,77645578,,KEMP
Насос гидроусилителя  VW LT 28-46 2.8TDI 99-06 г. (прямой зуб),062145165D,77647292,,KEMP
Насос гидроусилителя  VW Transporter T-4 96-03,7D0422155,77641659,7691.974.150,KEMP
Насос гидроусилителя  VW Transporter T-5 03-> 1.9TDI 2.0,7E0422154,77644112,7E0422154F,KEMP
Насос гидроусилителя  VW Transporter T-5 03-09 2.5TDI (AC+),7H0422153A,77644233,7E0422153A,KEMP
Насос гидроусилителя Fiat Ducato Citroen Jumper  2.2  06->Ford Transit 2.2 06->,4007KK,77645577,4007.KK,KEMP
Насос гидроусилителя Ford Sierra Scorpio 1.8-2.0 85-92г.,1648088,77641642,86GB3A674EA,KEMP
Насос гидроусилителя Ford Transit 2.5DI/TD 91-94г.,6588779,77645750,90VB3A674DA,KEMP
Насос гидроусилителя Ford Transit 2.5DI/TD 94-00г.,7120007,77641641,F5RC3A674CB,KEMP
Насос гидроусилителя Mercedes Benz ML,0024663801,77646611,7692.955.503 /0024668201,KEMP
Насос гидроусилителя Mercedes Benz W202/210 OM 602:604:605:611,0024661001,77646610,7691.900.506,KEMP
Насос гидроусилителя Opel Omega B 2.0,948049,77645583,,KEMP
Насос гидроусилителя Opel Omega B 2.5-3.0,948086,77645752,,KEMP
Насос гидроусилителя Peugeot Expert Citroen Jumpy Fiat Scudo 1.6 HDI06->,4007VR,77645579,1400831680,KEMP
Насос гидроусилителя Peugeot Partner Citroen Berlingo1.9D 00г.->(с бачком),4007HY,77641640,4007.HY,KEMP
Насос гидроусилителя Peugeot Partner1.8 1.9D P306 P405 Berlingo 96г.->(6p 114mm),40075C,77646604,4007.5C,KEMP
Насос гидроусилителя Renault Clio Megan Dacia Logan D132*6,491100522R,77646519,,KEMP
Насос гидроусилителя Renault Master 3 2010-2017г,491100100R,77647318,,KEMP
Насос гидроусилителя Renault Master2 Opel  Movano  06->,8200193992,77646614,7691.955.371,KEMP
Насос гидроусилителя Renault Master2 Opel  Movano AC- 01->(5руч.126mm),8200712890,77645582,8300024778,KEMP
Насос гідропідсилювача   Audi A6 2.4;2.8 97-05,4B0145156,77643877,7692.955.134,KEMP
Насос гідропідсилювача   VW Caddy3 Skoda Octavia Seat Leon 00->,1J0422154,77646080,,KEMP
Насос гідропідсилювача  Audi 100 5ц 84-91,035145155D,77641635,,KEMP
Насос гідропідсилювача  Audi 100 5ц 84-91(без гарантії),034145155,7764932,,KEMP
"Насос гідропідсилювача  Audi 100,A4,А6 91-97",048145155CX,77646599,7681.955.265,KEMP
Насос гідропідсилювача  Audi 80 2.0 16V,026145155G,77641637,,KEMP
Насос гідропідсилювача  Audi 80 86-92,050145155A,7764931,,KEMP
Насос гідропідсилювача  Audi 80 B3  1.6-2.3 86-92,2856301,77641636,034145159J,KEMP
Насос гідропідсилювача  Audi A3 VW G4 Bora Skoda Octavia 1.6-1.8T1.9D 98г.->,06A145157,77641657,,KEMP
Насос гідропідсилювача  Audi A4 A6 VW Passat B5 1.6-2.0 00-05  110bar,4B0145155T,77646601,7692.955.133,KEMP
Насос гідропідсилювача  Audi A6 2.0 00-05 (6p *  132mm),4B0145153,77646602,7692.955.173,KEMP
Насос гідропідсилювача  Audi A6 2.7 3.0TDI 04-11 (130bar),4F0145155A,77646603,7692.955.186,KEMP
Насос гідропідсилювача  Audi Q7 3.0-6.0TDI VW Toureg 3.0-3.6 T5 3.2 V6,7L6422154A,77645580,7L6422154,KEMP
Насос гідропідсилювача  Fiat Doblo Cargo Multipla 1.9D/JTD 01->,60815754,77642574,,KEMP
Насос гідропідсилювача  Fiat Doblo Cargo Multipla Brava Marea 99->,46459346,77646290,55186709,KEMP
Насос гідропідсилювача  Fiat Ducato  Multijet 2.3D 06->2.8 08->,504184720,77646609,,KEMP
Насос гідропідсилювача  Fiat Ducato 2.3 JTD 02->06->,504000927,77646608,7612.955.121,KEMP
Насос гідропідсилювача  Fiat Ducato 2.5 2.8 TDI 94-02,46460675,77646607,7683.955.114,KEMP
Насос гідропідсилювача  Fiat Ducato 94-02 Tempra Punto 90-97,46413323,77642573,,KEMP
Насос гідропідсилювача  Mercedes Sprinter 2t-4t 208-412 95-02г.,0034660701,77641645,,KEMP
Насос гідропідсилювача  Mercedes Sprinter 2t-4t 208-412 95-02г.,0024662601,77641644,,KEMP
Насос гідропідсилювача  Mercedes Sprinter 2t-4t 212-412 95-02г.,0024662801,77641646,,KEMP
Насос гідропідсилювача  Mercedes Sprinter 2t-4t CDI 00-06г.,0024667501,77641648,,KEMP
Насос гідропідсилювача  Mercedes Sprinter 2t-4t CDI 211-416  00-06г.,0024667601,77641649,,KEMP
Насос гідропідсилювача  Mercedes Sprinter CDI 06->,0034669301,77644226,,KEMP
Насос гідропідсилювача  Mercedes Sprinter CDI 06->Vito 639 CDI (OM646),0034667101,77648629,7692.900.530,KEMP
Насос гідропідсилювача  Mercedes Sprinter CDI 09->Vito (639) 10->,0064667801,77645576,,KEMP
Насос гідропідсилювача  Mercedes Vito 108D 2.3 96-03г.,0024664901,77641647,,KEMP
Насос гідропідсилювача  Mercedes Vito 2.2 CDI 110-112 99-03г.,0024667001,77641651,,KEMP
Насос гідропідсилювача  Mercedes Vito 2.2 CDI 110-112 99-03г.,0024666901,77641650,,KEMP
Насос гідропідсилювача  Mercedes Vito W639  10-> (120mm),0064666601,77647317,,KEMP
Насос гідропідсилювача  Peugeot 406 806 1.8-2.0 16V Citroen Jumpi 1.9D 95-02г.,8001537,77641655,4007N4,KEMP
Насос гідропідсилювача  Peugeot Boxer Citroen Jamper 2.5D TD 96-02г.,400703,77641639,4007.03,KEMP
Насос гідропідсилювача  Peugeot J5 205-405 Partner Citroen C25 Berlingo,4007V7,77643878,7847 017,KEMP
Насос гідропідсилювача  Peugeot Partner 1.9D 96г.->,4007P0,77641638,4007.P0,KEMP
Насос гідропідсилювача  Peugeot Partner Citroen Berlingo 1.6  D/i 08->,4007TQ,77647316,7617.955.564,KEMP
Насос гідропідсилювача  Peugeot Partner Citroen Berlingo 2.0HDI 00г.->(з бачком),4007AT,77646605,5960.000.013,KEMP
Насос гідропідсилювача  VW Caddy3 1.4-2.0TDI 04-> (95bar),2K0422154A,77646616,,KEMP
Насос гідропідсилювача  VW CRAFTER 2.0TDI 11г.->,2E0422145B,77646617,,KEMP
Насос гідропідсилювача  VW G4 Bora Skoda Octavia 1.6-1.8T1.9D 98г.->,1J0422154H,77641656,,KEMP
Насос гідропідсилювача  VW Golf-3/Golf-2/Passat B3/Polo,357422155G,7764672,,KEMP
Насос гідропідсилювача  VW Passat B5/Audi A4 1.6-2.0 97-05/Pas.B 3 87-93,8D0145156K,7764940,7691.955.235,KEMP
Насос гідропідсилювача  VW Transporter T-4 -96,044145157A,7764671,7691.974.123,KEMP
Насос гідропідсилювача  VW Transporter T-5 03-09 2.5TDI (AC-),7E0422153,77644227,,KEMP
Насос гідропідсилювача Audi A4 A6 2.6:2.8 VW Passat B5/ 1.6-2.8 97-05,8D0145156,77646600,7681.955.280,KEMP
Насос гідропідсилювача Chery Amulet,A11-3407020,77641987,,KEMP
Насос гідропідсилювача Chevrolet Lacetti Daewoo Nubira d128mm,96834907,77646606,,KEMP
Насос гідропідсилювача Daewoo Lanos,948038,77643093,,KEMP
Насос гідропідсилювача Daewoo Lanos Espero,96230842,77643879,,KEMP
Насос гідропідсилювача Ford Fiesta Courier Fiesta 3  1.8D TD,7140218,77643883,F5RC3A674HA,KEMP
Насос гідропідсилювача Ford Transit 2.0 2.4DI  00-06г(без шківа),1473440,77641660,YC1C3A674AB,KEMP
Насос гідропідсилювача Ford Transit 2.0 DI/TDCI 00г.-> не під помпу,4509602,77641643,YC1C3A674EA,KEMP
Насос гідропідсилювача Ford Transit 2.4 TDCI 06г.->,1569693,77645581,,KEMP
Насос гідропідсилювача Ford Transit Mondeo III 2.0 DI/TDCI 00г.-> під помпу,1C153A674AD,77645751,1475653,KEMP
Насос гідропідсилювача Mercedes Benz W202/210  OM 112;113  (6p *130mm),0024661201,77646612,7691.955.501/0024662401,KEMP
Насос гідропідсилювача Mercedes W220 2.8-5.5 98р.->,0024668601,77642091,7692.955.510,KEMP
Насос гідропідсилювача Opel Kadet E 1.6i 86-91,948022,77643880,,KEMP
Насос гідропідсилювача Opel Omega Vectra A Astra F 1.6-2.0 88-95г.,948037,77641654,,KEMP
Насос гідропідсилювача Opel Omega Vectra A2.0 16V 3.0i Astra F 1.7D,948026,77645753,,KEMP
Насос гідропідсилювача Opel Vectra A Astra F 1.6I-2.0 88-95г. (6 руч.),948046,77641652,,KEMP
Насос гідропідсилювача Opel Vectra B 1.6I-1.8 95-02г. (6 руч.) з бачком,948064,77641653,,KEMP
Насос гідропідсилювача Peugeot Bipper Citroen Nemo 1.4HDI 08г.->,4007TC,77646613,4007.TC,KEMP
Насос гідропідсилювача Renault Trafic Master  Opel Vivaro Movano 01->(6руч.125mm,4414166,77644378,,KEMP
Насос гідроусилювача  Audi A4 A5 Q7 TOUAREG 2.0 TDI 07->,8K0145154B,77647314,,KEMP
Насос гідроусилювача  Audi A6  2.0 TDI 06-11,4F0145155T,77647315,7692.955.227,KEMP
Насос гідроусилювача Renault Kango Megan Dacia Logan,8001 736,77643882,7700419117,KEMP
Насос гідроусилювача Renault Trafic Opel Vivaro AC- 01-> (5руч.126mm),4405479,77644440,,KEMP
Насос гідроусилювача Renault Trafic2 Opel Vivaro 01->1.9;2.0TDI,8001737,77643881,8200024738,KEMP
Насос омив лобового скла VW Golf 3/Passat B3-B4/T4 на 1 вихід,1009550007,77643577,1H5955651,KEMP
Насос омив лобового скла VW Golf 3/Passat B3-B4/T4 на 2 виходи,1H6955651,77645359,,KEMP
Насос омивача Daewoo Lanos (з манжетою),96318238,77642883,,KEMP
Насос омивача скла Mercedes T1T2 (601-609)Sprinter (901-904) Vito,6388600126,77645358,171955651,KEMP
Насос омивачу лобового cтекла VW Golf 2-3/Passat B2-B3-B4/T4 на 2 виходи,333955651,7764694,191955651,KEMP
"Насос омиву лобового скла на 2 виходи VW T5 Passat В5/A3,A4,A6 97-/Seat,Skoda",1J6955651,77644762,1009550010,KEMP
Насос омыв лобового cтекла VW Golf 2-3/Passat B2-B3-B4/T4 на 1 выход,431955651,7764265,1009550002,KEMP
"Насос омыв лобового стекла VW Passat В5/A3,A4,A6 97-/Seat,Skoda",1J5955651,7764264,FE09088,KEMP
Насос омывателя Chevrolet  Aveo,96397517,77642884,,KEMP
Насос омывателя Ford  [1 выход],EP 1834,77641201,93BB17K624AA,KEMP
Насос омывателя Ford  [2 выхода],1652613,77642729,ZQ108-A26,KEMP
Насос омывателя лобового стекла Daewoo Lanos Nexia,96190259,77641734,,KEMP
Насос омывателя стекла Ford Transit V 184 Connect,EP1834,77644178,,KEMP
Насос підкачки палива Ford Transit 2.5 д.,904F 9350 AB,77648932,1035875,KEMP
Насос підкачки палива універсальний (dizel) (з фільтром),,77644436,,KEMP
Насос підкачки палива універсальний (dizel) c корпусом і датч води без фільтра,,77642440,,KEMP
Насос подкачки Ford Transit 2.5 д.,BCDFXQ106,77641162,954F9350AC,KEMP
Насос подкачки топлива (ручной) MB OM 314-364,10576,77643867,,KEMP
Насос подкачки топлива универсальный (dizel) (без фильтра),,77642147,,KEMP
Насос рециркуляции антифриза VW Golf V-VII / Caddy III/IV 1.2-1.6 i/TSI / 1.6-2.,7.02671.48.0,,1K0965561A,KEMP
Насос скловимивача Mercedes 201;124;202;210 86-03,2028690021,77642930,,KEMP
Насос склоомивача Mercedes  Vito (639) Viano W210 W211 W202 W203,2108690821,77645451,,KEMP
Натяжитель цепи Ford Scorpio 2.0 ДОНС плунжер,05619,77641204,1662847,KEMP
Натяжитель цепи Ford Sierra Scorpio 2.0 ДОНС звездочка,1022214,77644103,,KEMP
"Натяжитель цепи ГРМ Audi;WV 1,4 1,6 FSI TFSI 07->",03C109507R,77647841,03C 109 507R,KEMP
Натяжитель-уcпокоитель цепи ГРМ Audi A4;A6;WV Passat B5 2.4-2.8 97->L,078109087C,77647863,,KEMP
Натяжитель-уcпокоитель цепи ГРМ Audi A4;A6;WV Passat B5 2.4-2.8 97->R,078109088C,77647864,,KEMP
"Натяжник-заспокійник ланцюга ГРМ Audi A4;A6;WV Passat B5 1.8,196-00",058109217D,77643824,,KEMP
"Натяжник-успокійник ланцюга ГРМ Audi A4;A6;WV Passat B5 1.8,T 99->",058109088K,77643996,,KEMP
"Натяжник-успокійник ременя ГРМ Audi/WV 1.8,1.8T96-",06B109479,7764823,,KEMP
Натяжник-успокійник ременя ГРМ Audi/WV 2.4 2.7 2.8 96-,078109479E,7764824,,KEMP
НЕ БРАТЬ Радиатор Fiat Tipo Tempra/Dedra 1.4-1.6 495*325 87-96,7632018,77645137,3026081X,KEMP
Обратный клапан омывателя Mercedes Benz Sprinter/Vito,8602,,0008600862,KEMP
Опір вентилятора печі Audi  A4 A5 Q5,8T0820521E,77648895,8T0 820 521E,KEMP
Опір вентилятора печі Audi 80-90 VW Golf2 Passat B3 B4 AC+,191959263,77644805,,KEMP
Опір вентилятора печі Audi A1 Skoda Fabia  Volkswagen Polo,6Q0959263A,77648893,"""6Q0959263A
6RD959263""",KEMP
Опір вентилятора печі Audi A1 Skoda Fabia Praktik  Rapid  VW Polo,6Q1907521A,77648896,6Q1907521A 6Q1907521B 5HL 351 321-281,KEMP
Опір вентилятора печі Audi A4 VW Passat B5 AC+,8D1907521,77644834,,KEMP
Опір вентилятора печі Audi A6 97-05г. AC+,4B0820521,77644806,,KEMP
Опір вентилятора печі Ford C-Max Ford Fiesta Ford Focus Ford Fusion,1325972,77648894,,KEMP
Опір вентилятора печі Ford Focus  C-Max  B-Max,AV1118B647AB,77648897,,KEMP
Опір вентилятора печі Volkswagen Amarok Touareg  Transporter T5,7E0959263,77648901,,KEMP
Опір вентилятора печі VW Golf4 Octavia Sharan Passat B5 AC+,1J0907521,77644804,,KEMP
Опір вентилятора печі VW Golf5 Octavia A5 Caddy3 Audi A3,1K0959263A,77644807,,KEMP
Опір вентилятора печки Audi  A4 A5 Q5,8K0820521B,77647812,8K0 820 521 B,KEMP
Опір вентилятора печки Audi VW Skoda 07->,3C0907521F,77647766,3C0 907 521 F,KEMP
Опір вентилятора пічки Opel Vectra A AC-,90486793,77640513,,KEMP
Опір печі  Mercedes ML GLE W166 GL GLS X166,A1669064001,77648900,,KEMP
Опір печі Mercedes C Mercedes E GLK-Class 07->,2128702110,77645899,,KEMP
Опір печі Mercedes C Mercedes E GLK-Class 07->,2048707710,77645887,,KEMP
"Опір печі MERCEDES VIANO VITO,MIXTO W639 BOX BUS MPV",0008210792,77645886,000 821 07 92,KEMP
Опір печки Mercedes Sprinter ->2001г.,0018211360,7764284,0018211360,KEMP
"Опора амортизатора, передний мост Renault Laguna II",4001627,,8200002876,KEMP
"Опора амортизатора, передний мост Renault Megane III 08->",2654019,,540340002R,KEMP
Опора під задню пружину верхня Mercedes Benz Vito,100 3193,,6383240884,KEMP
Опора под заднюю пружину нижняя Mercedes Benz Vito,100 3192,,638 324 0584,KEMP
"Опорная чашка Audi-100,A6 82-97 задн.пруж. (нижн)",443512103,7764491,,KEMP
Опорний диск VW Golf-2 84-91 /Golf-3 92-97 задн. пружини верх,191512113,7764291,,KEMP
Ось задней ступици  VW /Audi  R диск  (подковооб) правая,333501118,7764598,,KEMP
Ось задней ступици Opel Corsa A;B Tigra ->00,0418122,77644978,,KEMP
Ось задней ступицы Audi 100 /80 А4 А6 82-01 c abs,8D0501117C,7764638,,KEMP
Ось задней ступицы Audi-100 84-96 без ABS,4A0501117,7764292,,KEMP
Ось задней ступицы VW 79-97 (барабан 6 отверстий) без ABS,357501117,7764645,,KEMP
Отбойник амморт. Audi A1 VW PoloSKODA Fabia 99-> заднего,6Q0512131B,77647781,6Q0 512 131B,KEMP
Отбойник амморт. Audi A3 VW SKODA SEAT 04-> заднего,1K0511353P,77647794,1K0 511 353P,KEMP
Отбойник амморт. Audi A3 VW SKODA SEAT 04-> заднего,1J0512131,77647780,1J0 512 131,KEMP
Отбойник амморт. Audi A4 A6 VW Passat B5 96-05 заднего,4B0512131N,77645363,,KEMP
"Отбойник амортизатора, передний мостCitroen C-Elysee / Peugeot 208/301 12->",2650042,,9677609080,KEMP
"Отбойник задней пружины Ford Sierra, Scorpio",92GB5K570AB,77641117,D788H,KEMP
Отбойник задней пружины верхний 10мм Mercedes Benz Vito 639,3172,,6393240308/1,KEMP
Отражатель заднего бампера левыйRenault Master/Opel Movano 10>,03.0250,,8200152642,KEMP
Отражатель заднего бампера правыйRenault Master/Opel Movano 10>,03.0251,,8200152643,KEMP
Палец натяжного ролика(коромысла) MB Sprinter,6062020120,77643457,,KEMP
Панель управления стеклоподъемником левая Mercedes Benz Sprinter 906,5495,,9065450213,KEMP
Панель управления стеклоподъемником левая Mercedes Benz Vito 639,5520,,6395450113,KEMP
Панель управления стеклоподъемником левая Mercedes Benz Vito 639,5497,,6395451513,KEMP
Панель управления стеклоподъемником правая Mercedes Benz Vito 639,5522,,6395450613,KEMP
Патркбок печки (трубка пластмасовая) Сonnect 1.8 TDCI  2002 > Focus I 1.8 TDCI,YS4Z-8290-BA,77646047,1108264,KEMP
Патрубок вентиляции картера MERCEDES T1(W601-603)угол+трубка сапуна в паралоне,6010100470,77645574,,KEMP
Патрубок вентиляції картера MERCEDES T1(W601-603) з 4 відводами,6010160481,77645572,,KEMP
Патрубок вентиляції картера MERCEDES T1(W601-603) тройник,6030160081,77645570,,KEMP
Патрубок вентиляції картера MERCEDES T1(W601-603) трубка,6010160030,77645573,,KEMP
Патрубок вентиляції картера MERCEDES T1(W601-603) уголок,6010160381,77645571,,KEMP
Патрубок воздушного фильтра Daewoo Lanos 1.5,96182227,77642991,,KEMP
Патрубок воздушного фильтра Daewoo Lanos 1.6,96182228,77642992,,KEMP
Патрубок воздушного фильтра Daewoo Nexia 1.5,96143380,77643141,,KEMP
Патрубок воздушного фильтра VWGolf 4 Bora,1J0129684BM,77643420,,KEMP
Патрубок воздушного фильтра VWGolf 4 Bora,1J0129684BF,77643419,,KEMP
Патрубок воздушный Connect  2002 > Focus  1.8 DI  TDCI,1133898,77646046,,KEMP
Патрубок интеркулера MB Sprinter 312 316 412 413 CDI,9015284382,77643151,,KEMP
Патрубок интеркулера Mercedes Benz Sprinter CDI,5247,,9015284782/1,KEMP
Патрубок интеркулера Sprinter W906,5271,,9065284182,KEMP
Патрубок интеркулера Sprinter ом602 нижн.,901 528 18 82,77648944,9015281882,KEMP
Патрубок интеркулера VW Caddy III,1450.16,,1K0145832B,KEMP
Патрубок интеркулера VW Caddy III,1450.04,,1K0145834L,KEMP
Патрубок интеркулера верхний М611 Mercedes Benz Vito,5252,,6385281982,KEMP
Патрубок интеркуллераFord Connect 2002->,1229499,77642726,,KEMP
Патрубок інтеркулера VW T5,7H0145709B,77646501,7H0145709B,KEMP
Патрубок радиатора Daewoo Lanos (верхний),96182268,77644356,,KEMP
Патрубок радиатора Daewoo Nexia (нижний),96144555,77644195,,KEMP
Патрубок радиатора Ford Transit 2.5 Td 91-96 (верхний),92VB8260BA,77644391,6201180,KEMP
Патрубок радиатора Ford Transit 2.5 Td 91-96 (верхний),1631363,77646048,,KEMP
Патрубок радиатора Mercedes Benz Sprinter,5025,,9015012582,KEMP
Патрубок радиатора VW LT 2.5 TDI,2D0121063B,77645122,,KEMP
Патрубок радиатора VW LT 2.5 TDI,074121096M,77645121,,KEMP
Патрубок радиатора VW LT 2.5 TDI,046121096D,77645120,,KEMP
Патрубок радиатора верхний Ford OHC,6157886,776404140,,KEMP
Патрубок радиатора масляного VW Transporter T4,1191210101,77644372,074121096D,KEMP
Патрубок радиатора нижний MB Sprinter 312,9015011182,77644266,0390500002,KEMP
Патрубок радіатора CHEVROLET  AVEO (нижній),96536613,77644192,,KEMP
Патрубок радіатора Mercedes Sprinter 208,9015011882,77644265,0390500004,KEMP
Патрубок радіатора VW Transporter T4,1191210118,77644373,074121109A,KEMP
"Патрубок радіатора верхній Mercedes Sprinter CDI,",9015012782,77644264,0395010014,KEMP
Педаль газа Mercedes Benz Sprinter,3003,,9013000304,KEMP
Педаль газу Audi-100 83-91,447721507,7764300,,KEMP
Педаль сцепления  VW LT  28-46 MB Sprinter 901 96->,2D0721317B,77645739,9012902016,KEMP
Педаль сцепления Audi-100 88-91,443721315J,7764299,,KEMP
Педаль сцепления MB Sprinter 901MB Vito (638) VW LT  28-46 96->,9012901916,77645591,,KEMP
Первинний вал КПП Chery Amulet,A11-3AD015311101AA,77641829,,KEMP
Переключатель печки VW Passat B3  88-93 /Golf 3 92-97,1H0520045D,7764339,,KEMP
Переключатель поворотов Ford Transit  V184,EP2801,77644389,,KEMP
Переключатель поворотов VW Golf-3/ Passat-В4 широкая кнопка аварийки,1H0953513,7764435,,KEMP
Переключатель поворотов VW Passat В3 88-93,357953513F,7764303,,KEMP
Переключатель поворотов и света VW Passat В5 Bora Octavia  A4-A6 97-07,8L0953513,77642450,,KEMP
"Переключатель поворотов света Dacia Sandero,Logan,MCV (2007 - 2012)",6001551361,77642971,,KEMP
Переключатель поворотов стеклоочистителей Chery Amulet,A15-3774010AMM,77641824,,KEMP
Переключатель поворотов-света Daewo Lanos,96230794,77645779,,KEMP
"Переключатель подрулевой (повороты,свет,)Berlingo/Scudo/JUMPY 96-06",96122254,77649038,,KEMP
Переключатель света +ст.очистителей Ford Transit 92->,11K665F-V,77644187,,KEMP
"Переключатель света фар на ""торпедо"" Opel Astra F Omega Corsa B",90213283,77642341,,KEMP
Переключатель ст/очист Audi 100 89-91,445953503E,7764143,,KEMP
Переключатель стеклоочистителей света поворотов  MB 609,6735400445,77643871,,KEMP
"Перемикач підрульовий (повороти,світло,ст.очищувач)Fiat Doblo 01->",735292037,77647995,,KEMP
"Перемикач підрульовий (повороти,світло,ст.очищувач)Fiat Doblo 06->",735360416,77647994,,KEMP
"Перемикач підрульовий (повороти,світло,ст.очищувач)Fiat Doblo 06->",735360414,77647993,735508924,KEMP
Перемикач поворотів Ford,YS4Z17A553DA,77649021,98AG17A553DC,KEMP
Перемикач поворотів Ford,YS4Z13341AA,77649020,,KEMP
Перемикач поворотів Ford Transit  Conect Focus C-Max,4M5T13335BD,77644390,4M5T 13335 BD,KEMP
Перемикач поворотів Ford Transit 91->,91VB13B302AH,77645650,,KEMP
Перемикач поворотів Ford Transit Conect Focus C-Max,1513017,77649022,8A6T13335AC,KEMP
Перемикач поворотів і світла Audi-100 84 -91/Audi-80 86-92,445953513,7764301,445953513,KEMP
Перемикач поворотів і світла VW Passat В5 Bora Octavia  Seat,8L0953513S,77647980,,KEMP
Перемикач поворотів світла  Dacia Logan Sandero 2006->,6001551365,77648145,,KEMP
Перемикач поворотів світла  Renault Kangoo 08- Clio 05- Modus -05 10PIN,7701057089,77648972,,KEMP
Перемикач поворотів світла Daewoo Nexia  (без противотуманок),96192061,77642332,96215551,KEMP
Перемикач поворотів світла Opel Astra F G Vectra A B Omega B,1241258,77645648,,KEMP
Перемикач поворотів світла Renault,8201590638,77649015,255405605R,KEMP
Перемикач поворотів світла Renault,8201167982,77649016,251684,KEMP
Перемикач поворотів світла Renault,7701047255,77649014,251561,KEMP
Перемикач поворотів світла Renault,255406898R,77649018,251683,KEMP
Перемикач поворотів світла Renault,255403601R,77649017,251686,KEMP
"Перемикач поворотів світла Renault Clio IV 12-, Trafic 14-, Captur 1 14+2 PIN",8201167992,77648970,,KEMP
"Перемикач поворотів світла Renault Dacia  Sandero,Logan,Largus,MCV",6001548108,77648958,,KEMP
Перемикач поворотів світла Renault Duster Sandero I Logan I 13 PIN 04-20,6001551360,77648968,,KEMP
Перемикач поворотів світла Renault Kangoo Megan 97-> (15pin),7701044278,77645646,2554000QAG,KEMP
Перемикач поворотів світла Renault Lodgy Dokker Sandero II Logan II,255405005R,77647979,8201167981,KEMP
Перемикач поворотів світла Renault Logan Sandero Dacia Logan Sandero 2012->,8201167988,77647978,,KEMP
Перемикач поворотів світла Renault Trafic 00-14 Master ii 97-10,7701071896,77649019,7701057613,KEMP
Перемикач поворотів світла RENAULT TRAFIC III BUS TWINGO III 14+2 PIN,255400813R,77648969,,KEMP
Перемикач поворотів світла Renault Trafic Laguna Opel Vivaro 01-> (13pin),7701048912,77649039,,KEMP
Перемикач поворотів-світла  CHEVROLET   LACETTI  (з протитуманками),96387324,77644197,5300367,KEMP
Перемикач поворотів-світла  CHEVROLET  AVEO (з протитуманками),96540684,77644196,5300350,KEMP
Перемикач поворотів-світла Daewo Lanos,96192078,77641558,,KEMP
Перемикач повортів світла Opel Astra F G Vectra A B Omega B,90508667,77645730,90228194,KEMP
Перемикач повортів та світла Audi-100 91-94,443953513L,7764189,,KEMP
Перемикач повротів VW Transporter T4,701953513,77644489,1008500008,KEMP
Перемикач повротів світла Daewoo Matiz,96314332,77645733,,KEMP
Перемикач повротів світла Daewoo Nexia  (без протитуманок),96192061,77645731,96213551,KEMP
Перемикач повротів світла Ford Escort Orion 86-90,6138952,77645772,86AG13B302AA,KEMP
Перемикач повротів світла Opel Ascona C Kadet E (7pin),90221174,77645780,90053340,KEMP
Перемикач повротів світла Renault Trafic Laguna Opel Vivaro 01-> (14pin),7701048913,77645769,7701018913,KEMP
Перемикач повротів-світла  CHEVROLET  AVEO (без протитуманок),96540683,77645770,,KEMP
Перемикач повротів-світла Daewo Nexia  (без протитуманок),96215551,77645778,96192078,KEMP
Перемикач регулювання електро дзеркалоVW Golf4 Bora,1J1959565B01C,77642923,1J1959565C,KEMP
Перемикач світла +ст.очисників Ford Transit 92->,95VB11K665AA,77645781,95VB11665AA,KEMP
Перемикач світла Mercedes Sprinter Vito,0340540015,77644263,77644263,KEMP
Перемикач світла поворотів Mercedes Sprinter Vito,0015404645,77643278,15404645,KEMP
"Перемикач світла фар на ""торпедо"" Opel Astra F Omega Corsa B",90381877,77649054,,KEMP
Перемикач ск/очист VW Octavia Fabia A4-A6 97-07,4B0953503F,77645402,,KEMP
Перемикач ск/очист VW Octavia Fabia A4-A6 97-07 (з комп'ютером),4B0953503G,77645403,,KEMP
Перемикач ск/очист VW Passat В5 Bora Octavia  A4-A6 97-07,4B0953503E,77642449,,KEMP
Перемикач ск/очист VW Transporter T4,701953519,77644490,1008990088,KEMP
Перемикач ск/очист VW Transporter T4 96->,7D0953519,77649040,,KEMP
Перемикач склоочисника Renault Espace4 Laguna2 Opel Vivaro 01->,7701048915,77647976,251566,KEMP
Перемикач склоочисника Renault Trafic2Master2 (без кнопки),7701050685,77647977,251613,KEMP
Перемикач склоочисників (дворників ) CHEVROLET  AVEO,96810073,77645771,96540686,KEMP
Перемикач склоочисників (дворників) Daewoo Matiz,96314334,77645734,,KEMP
Перемикач склоочисників (дворників) Daewoo Nexia,96215553,77645732,,KEMP
Перемикач склоочисників (дворників) FORD CONNECT TRANSIT V184 00- R,4053328,77641700,,KEMP
Перемикач склоочисників (дворників) Opel Astra G Vectra B Omega B,90243394,77648967,,KEMP
"Перемикач склоочисників Renaul  Dacia KANGOO II, DOKKER, LOGAN II",8201168003,77642540,,KEMP
Перемикач склоочисників Renault Kangoo 08-/ClioIII/Modus Пр. 18+10+6 PIN,8201590631,77648971,,KEMP
Перемикач склоочисників Renault Lodgy Dokker Sandero II Logan II13 PIN,8201168008,77648982,255679326R,KEMP
Перемикач склоочисників світла поворотів  Mercede Sprinter W906 2006-2016,9065450310,77649041,906 545 03 10,KEMP
Перемикач склоочисників світла поворотів  Mercede Sprinter W906 2006-2016,9065450210,77649042,906 545 02 10,KEMP
Перемикач склоочистювачів (дворників) Opel Astra F G Vectra A B Omega B,90243395,77645649,,KEMP
Перемикач склоочистювачів світла поворотів  Mercedes 208-310,0055455124,77645647,0065457824,KEMP
Перемикач ст/очист VW Jetta 2 87-91г.,191953519,77642153,,KEMP
Перемикач ст/очистачів VW Passat В3 88-93,357953519,7764306,,KEMP
Перемикач ст/очистачів VW Passat В4 Vento,1H0953519,7764307,,KEMP
Переходник трубки омывателя Mercedes Benz Sprinter,8603,,6318690024,KEMP
Петля буксировочная Sprinter / Crafter,6235,,2406280035,KEMP
Петля двері багажника renault master iii opel movano b 2010- 844009783r 270°,844000014R,77641854,,KEMP
Петля двері задній лівої верхня fiat ducato 06-н.в.,1388883080,77642963,,KEMP
Петля двері задньої лівої citroen jumper / fiat ducato / peugeot boxer 06-,1388881080,77648994,,KEMP
Петля задньої дверей Mercedes Sprinter (901),9017400837,77645852,,KEMP
Петля капота Cheri Amulet L,A11-8402320-DY,77642321,,KEMP
Петля капота Cheri Amulet R,A11-8402420-DY,77642322,,KEMP
Петля капота Daewoo Lanos L,96303296,77641964,,KEMP
Петля капота Daewoo Lanos R,96304580,77641963,,KEMP
Петля капота левая Mercedes Benz Sprinter,7511,,9017500351,KEMP
Петля капота правая Mercedes Benz Sprinter,7512,,9017500451,KEMP
Пиловик амморт. VW Passat B3 задній,333513425,77642202,,KEMP
Пиловик рульової рейки VW Golf 84-99/Passat 88-97 без г/у,191413831,7764686,,KEMP
Пиловик шруса Ford Scorpio з хомутами,4302-12-0260P,77641909,,KEMP
Пильник амортиз. VW Passat B3 передн,357412135,7764936,,KEMP
Пильник рульової рейки VW Golf /Passat B3 83-98 з г/у,1H0422831B,7764525,191422831B,KEMP
Пильник рульової рейки VW T4,701419831,77643523,30 80 0051,KEMP
Пильник рульової рейки VW T4 cГ.У.,7D0419831,77643507,1004190026,KEMP
Пильник рульової тяги Ford Transit V184 (зад.привід) 2001-> R,3K661KYL-Q1,77644176,,KEMP
Пильник стійки передньої Mercedes Sprinter,9013230198,77644468,,KEMP
Пильник шруса  Daewoo Lanos внутрішній.,96243579,7764235,1304120,KEMP
Пильник+відбійник пер.стійки Ford Fiesta Fusion 2001->,900146,77644152,,KEMP
Пильник+відбійник пер.стійки Ford Focus1 98->,900068,77644151,,KEMP
Пильник+відбійник пер.стійки Ford Mondeo 2001->Connect,900089,77644153,,KEMP
Піввісь передня Mercedes  Vito TDI (в зборі),27-0173,77643253,27-0173/MG,KEMP
Півось Dacia Logan Sandero 1.2-1.6  04-> L,6001547028,77648560,24161,KEMP
Півось Dacia Logan Sandero 1.2-1.6  04-> R,6001547029,77648561,24163,KEMP
Півось Peugeot Partner Citroen Berlingo 1.0-1.4 96-> L,3272Y7,77642301,23352,KEMP
Півось Peugeot Partner Citroen Berlingo 1.0-1.4 96-> R,32730W,77642302,23353,KEMP
Півось Renault Kangoo1.5 DCI Megane 2  2009-> R (права),8200264668,77648582,23742,KEMP
"Піддон Audi A3 VW Golf 4 Bora Octavia Toledo 1,8 20V з отв. під датчик (не турб)",038103603L,77645395,038103603MA,KEMP
Піддон VW Golf-2 84-91,051103601,776453,06A103601A,KEMP
Піддон VW Passat B2 80-88,048103601,7764511,,KEMP
"Підшипник Mer190,124,202,Vito (зад)/Peugeot 605/Volvo (пер)84*39*45 (6388910027)",7764218,7764218,547103E,KEMP
"Підшипник Mer190,124,202,Vito (зад)/Peugeot 605/Volvo (пер)84*39*45 (6388910027)",547103E,77647569,7764218,KEMP
"Підшипник Mercedes Vito(638)190,124,202,84*39*45 (6388910027)",713667050,77646180,547103E,KEMP
Підшипник Opel VektraB/Astra(пер)/OmegaB(зад)Chevrolet Lacetti 74*39*39,90425658,77647570,579557,KEMP
Підшипник верхній опорн  Audi-100 76-91,7764183,7764183,441412249A/FE01331,KEMP
Підшипник верхній опорн  Audi-100 76-91,431412249D,77644571,441412249A,KEMP
Підшипник верхній опорн  Audi-100 91-94/A6 94-97,578128,7764184,4A0412249,KEMP
Підшипник верхній опорн  Audi-100 91-94/A6 94-97,4A0412249,77644572,,KEMP
Підшипник верхній опорний Ford Mondeo 93->Transit 2001->,1103725,77642598,,KEMP
Підшипник верхній опорний Opel Omega A Senator B,90121275,77644747,,KEMP
Підшипник верхній опорний Opel Vectra A Calibra,90425479,77644887,,KEMP
Підшипник верхній опорний Renault Kangoo 96->,7700800107,77646157,,KEMP
Підшипник верхній опорний VW Golf-5/А-2:3/ Skoda Оktav.Fab. Caddy3 Passat 03->,6N0412249C,77644664,1K0412249,KEMP
Підшипник вижимний  Ford Escort - 95 р,3151073131,77641057,3151073031,KEMP
Підшипник вижимний  Ford ОНС SACHS,75BB7548AA,77643498,,KEMP
Підшипник вижимний  O.Kadet E.1.2-1.4Corsa A 1.0-1.3 Rekord E,90111364,77644882,,KEMP
Підшипник вижимний  O.Kadet E.Vectra A..1.6-2.0 Daewoo Lanos,3151809002,77643487,3151809002,KEMP
Підшипник вижимний  VW Passat B2  80-88 / Audi-80 80-86,088141165B,7764401,500017211,KEMP
Підшипник вижимний  VW Passat B2 VWT2 T3 80-88 / Audi-80 -100 80-86,3151064031,77643478,500017211,KEMP
Підшипник вижимний Chery Amulet,A15-1601117,77641860,,KEMP
Підшипник вижимний Citroen Berlingo Jumpi Xsara Peugeot Partner,3151276501,77643480,VKC2516,KEMP
Підшипник вижимний Citroen Berlingo Peugejt Partner Fiat Scudo 96-,3151826001,77643479,VKС2216,KEMP
Підшипник вижимний Citroen C25 Peugeot J5 Fiat Ducato,3151275601,77643486,,KEMP
Підшипник вижимний Daewoo Lanos,90251210,77641954,,KEMP
Підшипник вижимний Daewoo Matiz,96564141,77643094,,KEMP
Підшипник вижимний Ford Escort  95 --,3151889001,77643485,7166796,KEMP
Підшипник вижимний Mercedes 201 W124 W123 W461 2.0-3.0,3151122331,77643489,,KEMP
Підшипник вижимний Mercedes 407-409 Sprinter 2t-4t VW  LT28-46,3151248031,77643156,,KEMP
Підшипник вижимний Renault 11;19;21;Clio Volvo 440-460,3151847001,77643481,VKC2191,KEMP
Підшипник вижимний VW Golf 1-3 Polo 1.0-1.4,3151816001,77643488,,KEMP
"Підшипник вижимний VW Golf- 77-99 1,6-1,8 в КПП",020141165B,7764190,,KEMP
"Підшипник вижимний VWPassat,Golf,Transp/A3,A4 Skoda 88-04",02A141165G,7764192,500044010,KEMP
Підшипник вижимний гідравлічний Mer Sprinter 2t-5tVito CDI VW Crafter 30-50TDI,510003510,77643157,,KEMP
Підшипник вижимний гідравлічний Mercedes Vito CDI (638),510003610,77643158,,KEMP
"Підшипник вижимний гідравлічний VWPassat05-,Golf5,Transp 5 A3,A4 Skoda 00->",0A5141671E,77643312,,KEMP
Підшипник вижимної  O.Kadet E.Vectra A..1.6-2.0 Daewoo Lanos,90 251 210,77641217,1301151,KEMP
Підшипник виконавчий Citroen Berlingo Jumpi Xsara Peugeot Partner,VKC2523,77643499,3151994301,KEMP
Підшипник відкритий  25x47x12,6005,77645514,,KEMP
Підшипник відкритий  30x55x13,6006,77645515,,KEMP
Підшипник зад.ступ.Fiat Ducato J5/C25 82-94  (комплект),713650410,77648149,VKBA1445,KEMP
Підшипник зад.ступ.Fiat Ducato Jumper/Boxer 90-02 R16  (комплект),77648090,77648090,713650430/VKBA3430,KEMP
Підшипник зад.ступ.Fiat Ducato Jumper/Boxer 94-02 R16  (комплект),713650430,77648150,VKBA3430,KEMP
"Підшипник зад/пер. маточини Mercedes W163 ML,98-05 49*88*46",77648101,77648101,713667740/VKBA3522,KEMP
"Підшипник зад/пер. маточини Mercedes W163 ML,98-05 49*88*46",713667740,77648151,VKBA3522,KEMP
Підшипник задної маточ. колеса Audi A4 94-01 VW Caddy 2 (скорочений комплект.),77648207,77648207,713610370,KEMP
Підшипник задної маточини Chevrolet Aveo 25*52*37,77641853,77641853,DAC25520037/576467,KEMP
Підшипник задної маточини Citroen Berlingo Peugeot Partner 08-> 30*62*51,77648045,77648045,713640610/VKBA6549,KEMP
Підшипник задної маточини Citroen Berlingo Peugeot Partner 08-> 30*62*51,713640610,77648155,VKBA6549,KEMP
Підшипник задної маточини Citroen C4 Peugeot  307 30*62*48,77648044,77648044,713640480/VKBA6544,KEMP
Підшипник задної маточини Citroen C4 Peugeot 307 30*62*48,713640480,77648156,VKBA6544,KEMP
Підшипник задної маточини Daewoo Matiz комплект,713625120,77648157,VKBA3796,KEMP
Підшипник задної маточини Ford Escort Express 91-94 Фургон 95,713678330,77648158,VKBA1433,KEMP
Підшипник задної маточини Ford Escort Orion 83-90г. комплект,713678150,77641023,VKBA 528,KEMP
Підшипник задної маточини Ford Fiesta Focus 99->г. 53*29*37,801023AB,77648211,1085565,KEMP
Підшипник задної маточини Ford Focus Fiesta Fusion комплект,713678030,77642843,VKBA 3532,KEMP
Підшипник задної маточини Ford Scorpio 86 -- RH,302122,77641064,,KEMP
Підшипник задної маточини Ford Scorpio 86 -- RH комплект,713678290,77648154,713678290,KEMP
Підшипник задної маточини Mercedes 207-310 82-96г.45*80*26,U497_U460,77648159,33109,KEMP
"Підшипник задної маточини Mercedes W168,97-05 Vaneo 02-> 43*25*55",803837,77644299,1689810327,KEMP
Підшипник задної маточини Renault 9;11;19 Clio Logan Megan (барабан),546467,77644277,,KEMP
Підшипник задної маточини Renault Clio Megane 2 Modus,713630970,77648161,VKBA3676,KEMP
Підшипник задної маточини Renault Clio Modus Dacia Logan Sandero 06-> 25*55*43,713631080,77648162,VKBA6658,KEMP
Підшипник задної маточини Renault Dokker Duster Kango 08-> 30*62*48,713631130,77648163,VKBA6799,KEMP
Підшипник задної маточини Renault Master Opel Movano комплект,713630810,77648164,VKBA3501,KEMP
Підшипник задної.маточ.Fiat Ducato Jumper/Boxer 94-02 02-> 42*75*60,713640330,77648166,VKBA3642,KEMP
Підшипник задної.маточ.Fiat Ducato Jumper/Boxer 94-02 55*90*60,713640400,77648167,VKBA3641,KEMP
Підшипник задньої маточ.Mercedes. Sprinter 2t-4t VW LT28-46 96-06р. комплект,77642135,77642135,713667030,KEMP
Підшипник задньої маточини  Ford Fiesta Focus 99->г. 53*29*37,77641368,77641368,1085565,KEMP
Підшипник задньої маточини  Ford Scorpio 86 -- RH комплект,77644012,77644012,713678290,KEMP
Підшипник задньої маточини Chevrolet Aveo 25*52*37,576467,77647573,DAC25520037,KEMP
Підшипник задньої маточини Citroen C4 Peugeot  307 25*60*45,713640470,77647574,374883,KEMP
Підшипник задньої маточини Daewoo Matiz комплект,77644021,77644021,713625120/VKBA3796,KEMP
Підшипник задньої маточини Ford Escort Express 91-94 Фургон 95,77648098,77648098,713678330/VKBA1433,KEMP
Підшипник задньої маточини Ford Escort Orion 91-95г. комплект,77641312,77641312,713678320/VKBA 1333,KEMP
Підшипник задньої маточини Ford Escort Orion 91-95г. комплект,713678320,77647575,VKBA 1333,KEMP
Підшипник задньої маточини Ford Sierra 82-> -- R комплект,713678280,77643941,VKBA898,KEMP
Підшипник задньої маточини Ford Transit 91-00  45*85*30.16,77647557,77647557,713678600/5025900,KEMP
Підшипник задньої маточини Iveco 35-10 35-1285-96г. FiatDucato 02-04 55*90*60,77641369,77641369,201051/BTH1011,KEMP
Підшипник задньої маточини Iveco 35-10 35-1285-96г. FiatDucato 02-04 55*90*60,201051,77647577,BTH1011,KEMP
Підшипник задньої маточини Mercedes 207-310 82-96г.45*80*26,77641335,77641335,33109/U497/U460,KEMP
Підшипник задньої маточини Mercedes Sprinter 2t-4t VW LT 28-46  84*49*48,DU4984-7,77647578,9043560401,KEMP
Підшипник задньої маточини Mercedes Sprinter 2t-4t VW LT 28-46 84*49*48,77642136,77642136,9023501410/DU4984-7,KEMP
Підшипник задньої маточини Mercedes W124 kombi 86-95г. комплект 84*49*43,713667550,77641346,VKBA 1347,KEMP
Підшипник задньої маточини Mercedes W124 kombi 86-95г.84*49*43М (807760),1249800516,77643590,1249800516,KEMP
Підшипник задньої маточини Mercedes W140 92-99г.W211 49*88*46,1409800416,77641333,572506E,KEMP
Підшипник задньої маточини Mercedes W164 W251 ML;GL;R 06-> 54*90*50,77647548,77647548,1649810106/VKBA6559,KEMP
Підшипник задньої маточини Mercedes W164 W251 ML;GL;R 06-> 54*90*50,713668100,77647579,1649810106/VKBA6559,KEMP
Підшипник задньої маточини Renault Clio Megane 2 Modus,77648088,77648088,713630950/VKBA3676,KEMP
Підшипник задньої маточини Renault Clio Megane 2 Modus 25*55*45,VKBA3639,77648104,7701208058,KEMP
Підшипник задньої маточини Renault Clio Modus Dacia Logan Sandero 06-> 25*55*43,77648139,77648139,713631080/VKBA6658,KEMP
Підшипник задньої маточини Renault Duster 10-> 42*77*39,VKBA7000,77648112,402109533R,KEMP
Підшипник задньої маточини Renault Kangoo Laguna безABS комплект,77641935,77641935,713630270,KEMP
Підшипник задньої маточини Renault Kangoo Laguna безABS комплект,713630270,77647581,,KEMP
Підшипник задньої маточини Renault Master Opel Movano комплект,77644016,77644016,713630810/VKBA3501,KEMP
Підшипник задньої маточини Renault Trafic Opel Vivaro Nisan Primastar комплект,713644140,77647582,VKBA3617,KEMP
Підшипник задньої ступ. колеса Audi A4 94-01 VW Caddy 2 (скорочений комплект.),713610370,77644004,8D0598625,KEMP
Підшипник задньої ступ.Mercedes. Sprinter 2t-4t VW LT28-46 96-06г. комплект,713667030,77648152,,KEMP
Підшипник задньої ступ.Mercedes. Sprinter 4t (904) VW LT28-46 96-06г. комплект,77642201,77642201,713667040,KEMP
Підшипник задньої ступ.Mercedes. Sprinter 4t (904) VW LT28-46 96-06г. комплект,713667040,77648153,,KEMP
Підшипник задньої.маточ.Fiat Ducato Jumper/Boxer 94-02,VKBA3429,77648050,682327,KEMP
Підшипник задньої.ступ.Fiat Ducato Jumper/Boxer 94-02 02-> 42*75*60,77648094,77648094,713640330/VKBA3642,KEMP
Підшипник задньої.ступ.Fiat Ducato Jumper/Boxer 94-02 55*90*60,77648095,77648095,713640400/VKBA3641,KEMP
Підшипник конічний  40*17*14,77641409,77641409,30203F,KEMP
Підшипник конічний 30204F 47*20*15,30204F,77641354,,KEMP
"Підшипник коромисла, Mercedes OM 601-603",601 981 0027,77644868,,KEMP
"Підшипник коромисла, Mercedes OM 601-603",565592,77645513,601 981 0027,KEMP
"Підшипник коромисла, Mercedes OM 601-603MB Sprinter 2t-4t",6019810027,77643167,,KEMP
Підшипник маточ. зад. мал. VW Passat/Golf/A80/Ford/Opel/Skoda/Alfa/Daewoo/Mazda/,776420,776420,LM11749/Q/311405645,KEMP
"Підшипник маточини Opel OmegaA,B caravan, BMW задн.74*37*45",VKBA1326,7764457,541521С,KEMP
Підшипник маточини задній Opel Corsa C Tigra 00-> 27*53*43,77648100,77648100,713644220/VKBA3601,KEMP
Підшипник маточини задній Opel Corsa C Tigra 00-> 27*53*43,713644220,77648188,VKBA3601,KEMP
Підшипник маточини задньої  Audi Q7 VW Touareg 03-> 51*96*50 ABS,77647561,77647561,713610640/7L0498287,KEMP
Підшипник маточини задньої  Audi Q7 VW Touareg 03-> 51*96*50 ABS,713610640,77647609,7L0498287,KEMP
Підшипник маточини задньої зовнішній Audi 84 -91,776418,776418,LM11749/10,KEMP
Підшипник маточини колеса Mercedes Nissan Volvo 85*45*20.75,6319810005,77641407,6319810005/30209,KEMP
Підшипник маточини пер.внутрішньої VWT2. MB124 F.Tran. O.Rec.Combo 59*32*17LM670,LM67048_LM67010,77641349,31212634106,KEMP
"Підшипник маточини передній Audi-80  91-95 Passat B5 37*75*38,7/41",7764363,7764363,567447B,KEMP
"Підшипник маточини передній Audi-80 91-95 Passat B5 37*75*38,7/41",567447B,77648189,7764363,KEMP
"Підшипник маточини передній Fiat, Skoda, 68*35*37",7764458,7764458,541153A,KEMP
Підшипник маточини передній Opel Astra f/Vektra92- 37*66*34,77641352,77641352,580400CA/1603195,KEMP
Підшипник маточини передній Opel Astra f/Vektra92- 37*66*34,1603195,77647621,580400CA,KEMP
"Підшипник маточини передній Opel Kadet E 85-91 1,6-2,0 BMW 37*72*39",1603191,7764366,542186A,KEMP
Підшипник маточини передній Opel Kadett E  1.3-1.6 /VW Golf-1- 37*64*34,90279331,77647622,532066DE,KEMP
Підшипник маточини передній Opel Kadett E  1.3-1.6 /VW Golf-1- 37*64*34,7764360,7764360,532066DE/90279331,KEMP
"Підшипник маточини передній Skoda Oktavia W G4 A3,Fiat, Seat,Volvo 74*40*40",801136,77647614,7764365,KEMP
"Підшипник маточини передній Skoda Oktavia W G4 A3,Fiat, Seat,Volvo 74*40*40",7764365,7764365,801136,KEMP
"Підшипник маточини передній VW Golf-2  84-88 1,6-1,8 37*66*35",713610310,77647615,544307D,KEMP
Підшипник маточини передній/задній  Audi A6 (C6) A8 R8  Quattro 00->,713610480,77647618,4E0498625B,KEMP
Підшипник маточини передній/задній  VW Sharan 80*43*38,438038,77647619,579943B,KEMP
Підшипник маточини передній/задній VW Sharan 80*43*38,7764459,7764459,579943B/438038,KEMP
Підшипник маточини передній/задній VW Transporter T4 91-04 80*45*45,7764364,7764364,564725AB,KEMP
Підшипник маточини передній/задній VW Transporter T4 91-04 80*45*45,564725AB,77647620,,KEMP
Підшипник маточини передної Opel Combo Corsa Tigra 01- 37*34*67,77644282,77644282,803775,KEMP
Підшипник маточини передньої Audi A4/5/6/7/8(B8) Q5  07->,4H0498625A,77645698,8K0407625,KEMP
Підшипник маточини передньої Audi-100 -88  82 мм 37*82*42,713610260,77647611,565636/A,KEMP
"Підшипник маточини передньої Fiat, Skoda, 68*35*37",541153A,77647612,,KEMP
Підшипник маточини передньої Opel  Corsa D 1.0-1.4 06-> 35*72*33,93188889,77647562,SKF01817,KEMP
Підшипник маточини передньої Opel Combo Corsa Tigra  01- 37*34*67,803775,77647613,,KEMP
Підшипник маточини передньої VW Polo Derby 77-90 г. 34*62*37,861407625,77641330,561447,KEMP
Підшипник маточини передньої/задної  Audi A6 (C6) A8 R8  Quattro 00->,77645701,77645701,4E0498625B,KEMP
Підшипник пер. маточини  Peugeot 308-607 Citroen C4 C5 C6  06->45*83*44 ABS,713640500,77647584,335082,KEMP
Підшипник пер.маточ. Peugeot 107 Citroen C1 1.0 1.4 HDI 05-> 38*69*39,713640490,77648168,VKBA3684,KEMP
Підшипник пер.маточ. Peugeot Partner Berlingo 08-> c ABS 42*82*36,713630760,77648169,VKBA3584,KEMP
Підшипник пер.маточ. Peugeot Partner Berlingo комплект 42*82*36,713640180,77647586,,KEMP
"Підшипник пер.маточ. Renault 9, 11, 19/Clio 1.0-1.7 65*35*35",546238A,7764391,,KEMP
Підшипник пер.маточ. Renault Duster Megane3 Scenik 42*80*39,713631110,77648170,VKBA6682,KEMP
Підшипник пер.маточ. Renault Trafic 2 MEGAN-2комплект 88*45*39,713644290,77648172,VKBA3648,KEMP
Підшипник пер.маточ.Fiat Ducato 02->Jumper/Boxer 02-> 55*90*60,713690940,77648173,VKBA3690,KEMP
Підшипник пер.маточ.Fiat Ducato 02->Jumper/Boxer Renault Master2 84*49*48,DU4984-7,77641353,EVR4017,KEMP
Підшипник пер.маточ.Fiat Ducato J5/C25 82-94,713650310,77648175,VKBA1444,KEMP
Підшипник пер.маточ.Fiat Ducato Jumper/Boxer 94-02 55*90*24,713650330,77648176,VKBA3428,KEMP
"Підшипник пер.маточ.Fiat Qubo  Peugeot Bipper Citroen Nemo1,4Opel Corsa D1.0-1.4",77647547,77647547,713606390/55703172,KEMP
"Підшипник пер.маточ.Fiat Qubo  Peugeot Bipper Citroen Nemo1,4Opel Corsa D1.0-1.4",713606390,77647588,55703172,KEMP
Підшипник пер.маточини Daewoo Lanos Nexia Espero R14,94535254,77645568,90486458,KEMP
Підшипник пер.маточини VW.T2-3 82-86г.комплект,77648093,77648093,713611430/VKBA911,KEMP
Підшипник пер.маточини VW.T2-3 82-86г.комплект,713611430,77648177,VKBA911,KEMP
"Підшипник пер.маточини зовніш..Iveco75-9 83-93г.Ducato R16 зад. 62*30*21,3 MAN G",32206F,77641366,,KEMP
Підшипник пер.маточини зовнішньої Iveco 30-8 35-10 96-> 62*25*18.25,30305F,77641348,,KEMP
Підшипник пер.ступ. Peugeot 107 Citroen C1 1.0 1.4 HDI 05-> 38*69*39,77648087,77648087,713640490/VKBA3684,KEMP
Підшипник пер.ступ. Peugeot Partner Berlingo  42*82*36,VKBA915,77648106,600308/713640180,KEMP
Підшипник пер.ступ. Peugeot Partner Berlingo 08-> c ABS 42*82*36,77641933,77641933,713630760/VKBA3584,KEMP
Підшипник пер.ступ. Peugeot Partner Berlingo комплект 42*82*36,77641932,77641932,713640180,KEMP
"Підшипник пер.ступ. Renault 19, 21/Kangoo/Rapid/Megane/Laguna/Fiat37*72*37",7764220,7764220,562398A,KEMP
Підшипник пер.ступ. Renault Duster Megane3 Scenik 42*80*39,77648110,77648110,713631110/VKBA6682,KEMP
Підшипник пер.ступ. Renault Kangoo Megane/Laguna Logan Sandero 37*72*37  ABS,77648105,77648105,713630840/VKBA3637,KEMP
Підшипник пер.ступ. Renault Trafic 2 MEGAN-2комплект 88*45*39,77641931,77641931,713644290/VKBA3648,KEMP
Підшипник пер.ступ.Fiat Ducato 02->Jumper/Boxer 02-> 55*90*60,77648086,77648086,713690940/VKBA3690,KEMP
Підшипник пер.ступ.Fiat Ducato J5/C25 82-94,77648107,77648107,713650310/VKBA1444,KEMP
Підшипник пер.ступ.Fiat Ducato Jumper/Boxer 94-02 55*90*24,77648091,77648091,713650330/VKBA3428,KEMP
Підшипник перед.маточ.  Fiat Doblo 10->Opel Combo 12->37*74.37 ABS,77647555,77647555,713690800/71753820,KEMP
Підшипник перед.маточини  Fiat Doblo 10->Opel Combo 12->37*74.37 ABS,713690800,77647589,71753820,KEMP
Підшипник перед.маточини Fiat Ducato Boxer Mercedes G 80*50*20 (32010F),32010F,7764685,332627,KEMP
Підшипник перед.маточини Fiat Tipo 88-95 Panda 03->Seicento 35*66*33,77648108,77648108,713690080/VKBA1401,KEMP
Підшипник перед.маточини Fiat Tipo 88-95 Panda 03->Seicento 35*66*33,713690080,77648178,VKBA1401,KEMP
Підшипник перед.маточини Fiat Uno 85-93 37*30*60,529891,77644281,,KEMP
Підшипник передної маточ.Mercedes 207-310 82-96г. комплект,713667430,77648179,,KEMP
Підшипник передної маточ.Mercedes. 100 (631) 88-96г. комплект,713667300,77648180,,KEMP
Підшипник передної маточ.Mercedes. Sprinter 2t-4t VW LT28-46 96-06г. комплект,713667600,77648181,,KEMP
Підшипник передної маточMercedes. W203 W204 02->г. комплект,713667820,77648182,2033300051,KEMP
Підшипник передної маточини Ford Conect c ABS 39*74*39,77641898,77641898,891630/713 6788 70,KEMP
Підшипник передної маточини Ford Escort 90 --Fiesta 3 89-95 комплект,713678020,77648183,VKBA1431,KEMP
Підшипник передної маточини Ford Mondeo 3 2.0 TDCI 00-07 47*83*37,713678440,77648184,VKBA3625,KEMP
Підшипник передної маточини Peugeot 106 205 306 309 35*72*33,GB40582,77644279,548083,KEMP
Підшипник передної маточини Peugeot 106 диск 3отв 32*35*66,95603182,77644280,445980A,KEMP
Підшипник передної маточини Renault LagunaMegane3 Scenic3 01->Kango 08- 45*83*39,713630900,77648186,VKBA3608,KEMP
Підшипник передної маточини Transit 71-86г. комплект,713678300,77648187,VKBA523,KEMP
Підшипник передньої  маточини Ford Scorpio 94 -- LH комплект,713678780,77644013,VKBA 3431,KEMP
Підшипник передньої  маточини Ford Scorpio 94 -- RH комплект,713678470,77644014,VKBA 3432,KEMP
Підшипник передньої  маточини Sierra 82-> -- LH комплект,713678080,77643942,VKBA 740,KEMP
Підшипник передньої  маточини Sierra 82-> -- RH комплект,77644015,77644015,713678750/VKBA 741,KEMP
Підшипник передньої  маточини Sierra 82-> -- RH комплект,713678750,77647591,VKBA 741,KEMP
Підшипник передньої маточ Mercedes. W201 84-93г. комплект,713667450,77647592,,KEMP
Підшипник передньої маточ Mercedes. W202 C180 93-00г.W210 96-02 г. комплект,713667360,77647594,,KEMP
"Підшипник передньої маточини   Peugeot P806 Expert 44*82,5*37 ABS",77647556,77647556,713630580/335027,KEMP
"Підшипник передньої маточини   Peugeot P806 Expert 44*82,5*37 ABS",713630580,77647595,335027,KEMP
Підшипник передньої маточини   Peugeot P806 Expert К-КТ.,713630580,77647596,335027,KEMP
Підшипник передньої маточини  Peugeot 1007 106  206 306 03->ABS 37*72*33,77647554,77647554,713640310/335092,KEMP
Підшипник передньої маточини  Peugeot 1007 106  206 306 03->ABS 37*72*33,713640310,77647597,335092,KEMP
Підшипник передньої маточини  Peugeot 1007 106 2 206 306 96-> 37*72*33,77647552,77647552,713650060/335032,KEMP
Підшипник передньої маточини  Peugeot 1007 106 2 206 306 96-> 37*72*33,713650060,77647598,335032,KEMP
Підшипник передньої маточини Cheri Amulet 39mm,A11-3001015BC,77641779,,KEMP
Підшипник передньої маточини Daewoo Matiz,77644010,77644010,713625140/VKBA3901,KEMP
Підшипник передньої маточини Daewoo Matiz,713625140,77647599,VKBA3901,KEMP
Підшипник передньої маточини Ford  Fiesta 6 B-MAX 08-> 39*72*37 ABS,77647563,77647563,713615730/1582282,KEMP
Підшипник передньої маточини Ford  Fiesta 6 B-MAX 08-> 39*72*37 ABS,713615730,77647600,1582282,KEMP
Підшипник передньої маточини Ford Conect c ABS 39*74*39,891630,77647601,713 6788 70,KEMP
Підшипник передньої маточини Ford Escort ->90г. комплект,77643455,77643455,713678090/VKBA687,KEMP
Підшипник передньої маточини Ford Escort 90 -- комплект,77642379,77642379,713678040/VKBA 1432,KEMP
Підшипник передньої маточини Ford Escort 90 -- комплект,713678040,77647603,VKBA 1432,KEMP
Підшипник передньої маточини Ford Escort 90 --Fiesta 3 89-95 комплект,77648103,77648103,713678020/VKBA1431,KEMP
Підшипник передньої маточини Ford Focus 3 C-MAX2 10->45*82*42ABS,77647546,77647546,1836381/301501/713678950,KEMP
Підшипник передньої маточини Ford Focus 3 C-MAX2 10->45*82*42ABS,713678950,77647604,1836381/301501,KEMP
Підшипник передньої маточини Ford Focus Fiesta Fusion комплект,713678100,77642844,VKBA 3531,KEMP
Підшипник передньої маточини Ford Mondeo 3 2.0 TDCI 00-07  47*83*37,77648089,77648089,713678440/VKBA3625,KEMP
Підшипник передньої маточини Ford Mondeo 93-00г. комплект 40*75*37,713678050,77641331,559494,KEMP
Підшипник передньої маточини Ford Scorpio 94 -- LH,301139,77641065,,KEMP
Підшипник передньої маточини Ford Transit 2.2:2.4 TDCI 2006 -- d=49 (посилений),VKBA6526,77645803,,KEMP
Підшипник передньої маточини Ford Transit 2000 --,YC152B663AF,77641060,,KEMP
Підшипник передньої маточини Ford Transit 2000 --,77642845,77642845,713678650,KEMP
Підшипник передньої маточини Ford Transit 2000 --,713678650,77643531,VKBA3588/6006/MG/,KEMP
Підшипник передньої маточини Mercedes 207-310 82-96г. комплект,77641024,77641024,713667430,KEMP
Підшипник передньої маточини Mercedes. Sprinter 2t-4t VW LT28-46 96-06г. комплек,77641025,77641025,713667600,KEMP
Підшипник передньої маточини Mercedes. W123 W126 76-90г. комплект,713667420,77641307,,KEMP
Підшипник передньої маточини Mercedes. W140  2.8-6.0 93-98 г. комплект,713667350,77641308,,KEMP
Підшипник передньої маточини Mercedes. W201 84-93г. комплект,77641310,77641310,713667450,KEMP
Підшипник передньої маточини Mercedes. W201 W124 87-95г. комплект,77641306,77641306,713667370,KEMP
Підшипник передньої маточини Mercedes. W202 C180 93-00г.W210 96-02 г. комплект,77641309,77641309,713667360,KEMP
Підшипник передньої маточини Renault LagunaMegane3 Scenic3 01->Kango 08- 45*83*3,77648097,77648097,713630900/VKBA3608,KEMP
Підшипник передньої маточини Transit 71-86г. комплект,77648099,77648099,713678300/VKBA523,KEMP
Підшипник передньої маточини Transit 91-2000г. комплект,713678500,77647607,VKBA 1465,KEMP
"Підшипник передньої маточини внутрішньої Iveco 30-8 35-12 96-> 80*40*24,75 MAN M",32208F,77641350,,KEMP
Підшипник передньої маточини зовнішньої Ford Ekon.86-92Mazda E2000.2200 52*25*15,30205F,77641347,,KEMP
Підшипник передньої маточини зовнішньої Iveco 45-10/49-10/49-12 80*40*32.2,33208F,77641351,,KEMP
Підшипник передньої ступ.Mercedes. W203 W204 02->г. комплект,77648085,77648085,713667820/2033300051,KEMP
Підшипник передньої ступ.Mercedes. W211 W212 02->г. комплект,VKBA6537,77648084,2123300025,KEMP
Підшипник підвісний (з підшипником) Mercedes 609-814,4604100910,77641531,,KEMP
Підшипник підвісний (з підшипником) Mercedes W201,2014100581,77648225,2014100581,KEMP
Підшипник підвісний Ford Transit 86-91 (30mm),6154943,77644611,71BG4826DB,KEMP
Підшипник підвісний Ford Transit 91-00г. (45mm),92VB4826BB,77641453,,KEMP
Підшипник підвісний Ford Transit V347 06->р. (35mm),8C114826AA,77644404,,KEMP
Підшипник підвісний Mercedes 207-410,6014101710,77641949,,KEMP
Підшипник підвісний Mercedes 207-410,6014101510,77644665,,KEMP
Підшипник підвісний Mercedes Sprinter VW LT 96-,9014110312,77642155,,KEMP
Підшипник підвісний Mercedes Sprinter VW LT 96-,9014110312,77641534,,KEMP
"Підшипник підвісний Mercedes Sprinter/VW Crafter 06-, D=47mm, H=73",9064100281,77645837,4118,KEMP
Підшипник підвісний задній Mercedes Vito 639 Viano,6394100681,77643611,BG41034,KEMP
Підшипник підвісний передній Mercedes Benz Vito,6394100481,77646339,4119,KEMP
Підшипник підвісний півосі VW Sharan Ford Fiesta 4 Galaxy Mondeo 3,96BG3C083E1A,77644669,,KEMP
Підшипник підвісної (з підшипником) Mercedes W201,2014100581,77641694,,KEMP
"Підшипник підвісної Ford Transit 86-91 Sierra Scorpio (,без гуми)",1613022,77644749,,KEMP
Підшипник підвісної піввісі VW T4 96-03р. R,02G409335A,77644731,,KEMP
Підшипник подушки амортизатора VW T5,4120.12,,7H0412249A,KEMP
Підшипник ролика проміж (термомуфти) Audi-100 91-97,077115136A,77644147,568350A,KEMP
Підшипника задн. ступ  Daewo Lanos Nexia O.Kadet VectraO.Kadet Vectra74->г.,VKBA3255,77648102,94535218,KEMP
Плавающий сайлентблок Mercedes Benz W124,02.32.004,,2013520027,KEMP
Планка задних тормозных колодок Ford Connect 2002-> (трещётка) L/R,2T142K286AA,77645828,,KEMP
Планка задних тормозных колодок Ford Transit  V184 (трещётка) L+R,4540754,77644548,,KEMP
Пласмаска щупа VW Passat  Golf 3 Vento   Audi 80 A4 1.9 TDI,028103663A,77643855,,KEMP
Пласмаска щупа VW Polo  Golf 4 Bora Skoda Octavia  Audi A3  1.6-2.0 97->,06A103663C,77643854,,KEMP
Пластик дверной ручки (передний левый/средний правый) Renault Master 10>,05.0119,,,KEMP
Пластик дверной ручки (передний правый/задний) Renault Master 10>,05.0120,,,KEMP
Пластмаса щупа VW Passat В5  Golf 4 Bora Skoda Octavia  Audi A3 A4 1.9 TDI,038103663,77643853,,KEMP
Пластмаса щупа VW Polo  Golf 4 Bora Skoda Octavia  Audi A3 TT  1.6-1.8 T 97->,06A103663B,77643856,,KEMP
Пластмаска щупа Audi A4A6 VW Passat B5   1.6-1.8 T-2.0  00->,06B103663B,77643970,,KEMP
"Пластмасова маска щупа Audi /VW Passat В3, 88-93 (жовта)",053103663,7764308,,KEMP
Пластмасова маска щупа VW Passat В5  96-04,06A103663A,7764309,,KEMP
Плата заднего фонаря Ford Connect 2002--2009  г.,SN07-0158,77646054,4373106,KEMP
Плата заднего фонаря Ford Connect 2009->  г.,SN07-0158A,77646055,9T16-13N412A,KEMP
Плата заднего фонаря Ford Transit -- 2000 г,1070412,77641146,,KEMP
Поворотник левый Mercedes Benz Vario,BG82032L,,6708200521,KEMP
Поворотник левый белый с патроном Mercedes Benz Sprinter,8201,,9018200121,KEMP
Поворотник левый желтый T4,9530.06,,701953049,KEMP
Поворотник правый белый с патроном Mercedes Benz Sprinter,8202,,9018200221,KEMP
Поворотник правый желтый T4,9530.07,,701953050,KEMP
Повторитель поворота VW Caddy III,9410.17,,2K0949117B,KEMP
Повторитель поворота VW T5,9490.01,,7E0949117,KEMP
"Поддон A-6 97-05, 2,4-2,8 /VW Passat 96- 2.8 без отв. под даnчик (нижняя часть)",078103604AC,7764557,,KEMP
"Поддон A-6 97-05, 2,4-2,8 /VW Passat 96- 2.8 с отв. под датчик (нижняя часть)",078103604AA,77643969,,KEMP
Поддон AUDi 100 A80 A6 A8 2.6-2.8  92-97  (нижняя часть),078103604B,77643844,,KEMP
"Поддон Audi A3 VW Golf 4 Bora Seat Toledo2 1,8 20V с отв. под датчик  (турбо)",038103603M,77645394,,KEMP
Поддон AUDI A4 A-6 2.4 2.7T VWPassat2.8 V6  (верхняя часть),078103603AM,77643968,,KEMP
Поддон AUDI A4 A-6 A8 2.6-2.8  (нижняя часть),078103604H,77643843,,KEMP
Поддон AUDI A4;A6 3.0 00-05г.,06C103604C,77643841,,KEMP
Поддон VW Golf Bora Skoda Octavia 1.6-2.0 (с отв.под датчик),038103603NA,77643368,,KEMP
Поддон VW Passat B5 96-04  1.8 c датчик уровня (не турбо),06B103603N,7764556,,KEMP
Поддон VW Passat B5 96-04  1.8 с датчиком уровня,06B103603N,77642968,,KEMP
Поддон двигателя Daewoo Nexia Lanos (метал),96351480,77641840,,KEMP
Подсветка номера VW T5/Caddy,9430.01,,3B5943021,KEMP
Подушка  верхня опорна Ford Transit 92->,92VB3K155AD,77644647,,KEMP
Подушка  верхняя опорная Ford Sierra,85BB3K132AA,77645271,,KEMP
Подушка  двигателя  Ford  Escort 92-99  L,94AB6B049CF,77644651,,KEMP
Подушка  двигателя  задняя Ford Transit 2.2-2.4 TDCI 06->,4519492,77644569,,KEMP
Подушка AКПП  VW Transporter T4 (автоматическая 4ст) с кронштейном,7D0399107AL,77642841,,KEMP
"Подушка VW Passat В5/Audi А6,А4  АКПП",8D0399415E,7764430,,KEMP
Подушка верх.опорна Peug. Boxer Citro. Jumper  Fiat Ducato 10/98> пр >10/98 лів,503841,77644581,5038.41,KEMP
Подушка верх.опорна Peug. Boxer Citro. Jumper  Fiat Ducato 10/98>лів.(>10/98 пр,503842,77644580,5038.42,KEMP
Подушка верхня опорна  зад амортизатора Mercedes 124,,7764397,,KEMP
Подушка верхня опорна  переднього амортизатора Mercedes Vito(638),6383230420,77644642,,KEMP
Подушка верхня опорна Audi   A4 00->,8E0412377,77644534,,KEMP
Подушка верхня опорна Audi-A4 A5 Q5 07->,8K0412377D,77643378,,KEMP
Подушка верхня опорна Dacia Logan Sondero 05->,8200275528,77644530,,KEMP
Подушка верхня опорна Daewoo Lanos L,96444919,77643566,13043141,KEMP
Подушка верхня опорна Daewoo Lanos R,96444920,77643567,13043142,KEMP
Подушка верхня опорна Opel Kadet E,0344509,77641684,,KEMP
Подушка верхня опорна Opel Kadet E,0344508,77642816,,KEMP
Подушка верхня опорна Peugeot Boxer Citroen Jumper  Fiat Ducato L 06->,503887,77644582,5038.87,KEMP
Подушка верхня опорна Peugeot Boxer Citroen Jumper  Fiat Ducato R 06->,503889,77644583,5038.89,KEMP
Подушка верхня опорна Peugeot Partner Berlingo P 306,503821,77644579,5038.21,KEMP
Подушка верхня опорна Renault Kangoo Clio2  98->,7700829529,77644528,,KEMP
Подушка верхня опорна Renault Kangoo Clio2  98->(з підшипником),7700829529,77644538,16-146410004/S,KEMP
Подушка верхня опорна VW /Passat B3 88-93 г.,357412329,77644518,,KEMP
Подушка верхня опорна VW G4 Bora Skoda Fabia Octavia Audi A3,1J0412331C,77644552,,KEMP
Подушка верхня опорна VW Golf-3/Passat B4 92-97г.,357412331A,77643384,09227,KEMP
Подушка верхня опорна VW Golf-3/Passat B4 92-97г.,357412331A,77641667,1H0412331,KEMP
Подушка верхня опорна VW Polo Skoda Fabia Seat Cordoba Ibiza,6Q0412331B,77644609,,KEMP
Подушка верхня опорна пер.стійки Cheri Amulet,A11-2901030,77641773,,KEMP
Подушка верхняя опорная  переднего амортиз МВ 124,1243201444,77641691,,KEMP
Подушка верхняя опорная  переднего амортиз МВ Vito(638),100 3286,,3286,KEMP
Подушка верхняя опорная  переднего амортиз МВ Vito(639) VIANO,6393230520,77644686,,KEMP
Подушка верхняя опорная Audi-100 84-91,443412377,7764465,,KEMP
"Подушка верхняя опорная Audi-100,A6 91-97",4A0412377C,7764185,,KEMP
Подушка верхняя опорная Opel Omega A Senator B,90251358,77644746,90251358,KEMP
Подушка верхняя опорная Opel Omega A Senator B (с подшипником),90251358 S1,77644639,,KEMP
Подушка верхняя опорная VW /Passat B3 88-93 г.,357412329,77641665,191412329,KEMP
Подушка верхняя опорная VW /Passat B5 Audi A4A6 96-00г.,4D0412377F,77641666,,KEMP
Подушка верхняя опорная VW G4 Bora Skoda Fabia Octavia Audi A3 (с подшипником),1J0412331BS,77644551,,KEMP
Подушка верхняя опорная VW G5 Caddy 3 Passat Skoda Octavia A5 Audi A3,4120.14,,1K0412331B,KEMP
Подушка верхняя опорная VW G5 Caddy 3 Passat Skoda Octavia A5 Audi A3,1K0412331B,77644556,,KEMP
Подушка верхняя опорная VW Golf-2 84-91/Passat B3,191412329,7764186,FE07559,KEMP
Подушка верхняя опорная VW Passat B2 80-88 /Audi-80 80-94,8A0412323D,77644533,,KEMP
Подушка верхняя опорная VW Passat B2 80-88 /Audi-80 80-94,8A0412323D,7764461,,KEMP
Подушка верхняя опорная VW Polo Skoda Fabia Seat Cordoba Ibiza,6Q0412331B,77644526,,KEMP
"Подушка двигат. Audi-100 2.0 2.0 16V 90-94г.,А-6 1.8-2.0 94-97",4A0199379C,77641662,,KEMP
"Подушка двигат. Audi-100,А-6 91-97 L  2.6-2.8  6 цил",4A0199351B,776441,,KEMP
Подушка двигат. Audi-80 B4 1.6-2.0 1.9TDI 91-94 г.L(АКПП) левая,8A0199381A,77644327,,KEMP
"Подушка двигат.VW Bora/Audi A3 Skoda Octavia 1,6-1.9 TDI 96-05 L",1J0199555AJ,77644549,,KEMP
"Подушка двигат.VW Bora/Audi A3 Skoda Octavia 1,6-2,0 96-05 R",1J0199262BF,77644513,,KEMP
Подушка двигат.VW Polo Scoda Fabia Seat Ibiza 1.4-1.6 16V (задняя),6Q0199851AB,77644525,,KEMP
Подушка двигат.VW Polo Skoda Fabia Seat Ibiza Cordoba1.4-1.6 16V(без кронштейна),6Q0199167,77644607,,KEMP
Подушка двигателя  MB E124,2415,,1242401717,KEMP
Подушка двигателя  MB E124,1242401717,7764336,,KEMP
Подушка двигателя  MB Vito 638 2.0-2.3 L,6382411413,77644587,,KEMP
Подушка двигателя  MB W202 L,2022401617,77643413,0140249052,KEMP
Подушка двигателя  Opel Omega,0682560,7764323,96266322,KEMP
Подушка двигателя  Opel Omega A 2.3D Rekord E 2.1D 2.3D,90235055,77644507,0684275,KEMP
Подушка двигателя  Renault Kango 1.9D 97-> зад,7700415088,77644527,,KEMP
"Подушка двигателя  Renault Kango Clio  (зад) 1,5 DCI 1.6 16V",8200151995,77644618,,KEMP
"Подушка двигателя  Renault Kango Clio  (зад) 1,5 DCI 1.6 16V (косточка)",8200155207,77644972,,KEMP
Подушка двигателя  Renault Kango Clio 97-> передняя R,7700434370,77644613,,KEMP
"Подушка двигателя  VW Golf-2,Passat В3 1,6-1,8 88-96 (железн. корпус)",191199279E,7764684,,KEMP
"Подушка двигателя  VW Golf-2,Passat В3 1,6-2,0 83-97 (резин. корпус)",357199279C,7764683,,KEMP
Подушка двигателя  VW Passat В4 93-95/ Golf-3 92-97 (передняя),1H0199609B,77644663,,KEMP
Подушка двигателя  VW Passat В5 96-04,4B0199379E,776439,8D0199379K,KEMP
Подушка двигателя  VW Passat В5 96-04  (с чехлом),8D0199382L,77643961,4B0199382,KEMP
Подушка двигателя AUDI A6 2.0 TFSI L 04-11г.,4F0199379BG,77647778,4F0 199 379BG,KEMP
Подушка двигателя AUDI A6 2.4-3.2 L 04-11г.,4F0199379BF,77647739,4F0 199 379BF,KEMP
Подушка двигателя AUDI A6 2.4-3.2 R 04-11г.,4F0199382BH,77647740,4F0 199 382BH,KEMP
Подушка двигателя Daewoo Lanos L,90250437,77641952,,KEMP
Подушка двигателя Opel Astra G передняя (вставка без кронштейна),684692,77644992,,KEMP
Подушка двигателя VW Passat В5 Audi A4 A6 1.6-2.0 96-04,8D0199379S,77643385,8D0199379S,KEMP
"Подушка двигателя задняя VW Golf-2,Passat В3 1,6-1,8 84-93г.",191199262A,77641661,,KEMP
Подушка двигун. VW Transporter T4   R права,7D0199132D,77642842,,KEMP
Подушка двигуна  Mercedes 207-510 MB601/602,6012400917,77641948,0340240022,KEMP
Подушка двигуна  Mercedes Sprinter 2t;3t VW LT28-46,9012412413,77644634,,KEMP
Подушка двигуна  Mercedes Sprinter3.5t-5t Vito (639),9062411013,77644645,,KEMP
Подушка двигуна  Mercedes Vito 638 2.2CDI (задня),6382420313,77644589,,KEMP
Подушка двигуна  Mercedes W123 W126,1232413013,77643414,0140240015,KEMP
Подушка двигуна  Opel Vectra A Astra F 1.7TD  L,0684643,7764324,,KEMP
Подушка двигуна  Peugeot 306 Partner Citroen Berlingo R,184447,77644970,1844.47,KEMP
Подушка двигуна  Peugeot 307-806 Partner,180916,77644543,1809.16,KEMP
Подушка двигуна  Peugeot 309 405 Partner,180904,77644542,1809.04,KEMP
Подушка двигуна  Renault Kango Clio Megan (опора КПП (зад) L),8200089697,77644617,,KEMP
Подушка двигуна  VW Passat В4 93-95/ Golf-3 92-97,1H0199262A,7764395,,KEMP
Подушка двигуна  VW Passat В4 93-95/ Golf-3 92-97 Corado VR6 2.9,1H0199262K,77644512,,KEMP
Подушка двигуна (відбійник) Audi A4 A6 A8  00-11,8E0199339,77647784,8E0 199 339,KEMP
Подушка двигуна (відбійник) Audi A4 A6 A8  07-11,4F0199339,77647785,4F0 199 339,KEMP
Подушка двигуна AUDI A6 2.0 TFSI R 04-11г.,4F0199382BJ,77647777,4F0 199 382BK,KEMP
Подушка двигуна Audi-100 86-91  1.8  4циліндр,443199381,776438,FE04984,KEMP
"Подушка двигуна Audi-100,200,90 84-91  1.9-2.4  5 циліндр",443199381C,776440,FE01517,KEMP
"Подушка двигуна Audi-100,А-6 91-97 R  2.6-2.8  6 циліндр права",4A0199352A,776442,,KEMP
Подушка двигуна Audi-80 B4 1.6-2.0 1.9TDI 91-94 г.R(АКПП) права,8A0199382B,77644673,,KEMP
Подушка двигуна Audi-80 B4 1.6-2.0 1.9TDI 91-94 г.R(мех.КПП) права,8A0199382A,77644672,,KEMP
Подушка двигуна Audi-80 B4 1.6-2.3 1.9TDI 91-94 г.L(мех.КПП) ліва,8A0199379E,77644628,,KEMP
Подушка двигуна Audi-80/VW Passat 72-88,893199381D,7764163,FE02680,KEMP
Подушка двигуна Audi-80/VW Passat 72-88 (зелена),893199381C,77644531,893199381D,KEMP
Подушка двигуна Audi-80/VW Passat 72-88 (зелена),893199381B,77642207,FE02680,KEMP
Подушка двигуна Chevrolet Aveo L,96535495,77642315,96535505,KEMP
Подушка двигуна Chevrolet Aveo R,96535429,77642316,96535425,KEMP
Подушка двигуна Chevrolet LACETTI 1.6 L,96550232,77644623,,KEMP
Подушка двигуна Citroen Jumper Fiat Ducato Peugeot Boxer L,1307908080,77644973,,KEMP
Подушка двигуна Daewoo Lanos R,90250348,77641953,,KEMP
Подушка двигуна Daewoo Lanos задня,96227422,77642804,90372462,KEMP
Подушка двигуна Opel Kadet E 1.2-1.6 1.7D задня,682549,77644637,90129855,KEMP
Подушка двигуна Opel Kadet Nexia Lanos задня,90372462,77641838,96227422,KEMP
Подушка двигуна Opel Kadett  R,90217259,7764325,90250434,KEMP
Подушка двигуна VW Bora/Audi A3 Skoda Octavia 1.4-1.6 96-05 L ліва,1J0199555AK,77644550,,KEMP
Подушка двигуна VW Bora/Audi A3 Skoda Octavia A5 1.4-1.6 04-> R права,1K0199262AJ,77644553,,KEMP
"Подушка двигуна задня VW Golf-2,Passat В3 Corado 1.8-2.0 GTI 84-93г.",535199262,77644584,,KEMP
Подушка двигуна.VW Transporter T2 82-91,070199231A,77644339,,KEMP
Подушка двигуна.VW Transporter T2 82-91,070199231,77644340,,KEMP
Подушка задної балки Mercedes W124 W201,2013512742,77641693,,KEMP
"Подушка карбюр  Audi-80,100 VW Pas.B2 1,6-1,8 78-88г.",050129761C,77642152,,KEMP
Подушка карбюр  Passat B2 Golf 1-2  1.6-1.8 ->88,026129761E,77644305,,KEMP
"Подушка карбюр Keihen Audi-100,80 (четыре шпильки)",050129761D,77644376,,KEMP
"Подушка карбюратора  Audi-80,100 Passat B2 Golf 1-2  1.6-1.8",026129761A,7764167,,KEMP
Подушка коробки Focus. Conect,L07-5004,77641378,1061205,KEMP
Подушка коробки Ford Escort  ( лыжа )  ор.н.6203710,86AC90BT,77641115,,KEMP
Подушка коробки Ford Escort  90 -- в алюминевом корпусе,92AB6B049BA,77641116,95AB6B049BA,KEMP
Подушка коробки Ford Mondeo задн  силумінова,97BB6P082AB,77641377,,KEMP
Подушка коробки Ford Transit  2.0  2000 -,2000AB17KC,77641379,,KEMP
Подушка КПП  Mercedes 207-410,6012400318,77642564,,KEMP
Подушка КПП  Opel Omega A Rekord E,0682554,77644506,,KEMP
Подушка КПП  Opel Omega B 2.0-2.2 TDI 2.5-3.2 V6,90447547,77644971,,KEMP
"Подушка КПП  VW Golf 1-3, 1.0-1.4 Passat 1.6 83-97",191199381A,77641664,,KEMP
"Подушка КПП  VW Golf,Passat 1.6-1,8 83-97",191199402B,7764687,,KEMP
"Подушка КПП  VW Golf3,Passat 1.6-1,8 88-97",357199402B,77641663,,KEMP
Подушка КПП  VW Passat B2 .Audi A80 B2 ->86г,811399151B,77644529,,KEMP
"Подушка КПП  VW Passat В5, Audi A-4 96-04 L",8D0399151P,7764173,,KEMP
"Подушка КПП  VW Passat В5, Audi A-4 96-04 R",8D0399151H,7764172,,KEMP
"Подушка КПП  VW Passat В5, Audi A4,A6 1,6-2,0 96-04",8D0399419N,7764441,,KEMP
"Подушка КПП  VW Passat В5, Audi A4,A6 2.4-2.8 96-00",8D0399151M,77643553,,KEMP
Подушка КПП Audi A80 89-96г,893399151,77644626,,KEMP
Подушка КПП Audi A80 B3 1.6-1.8 86-91,893399151A,77644627,,KEMP
"Подушка КПП Audi-100,A6 2,0-2,5 91-94",4A0399151D,77644522,4A0399151K,KEMP
"Подушка КПП Audi-100,A6 2,0-2,5 91-94",4A0399151D,7764174,4A0399151C,KEMP
Подушка КПП Ford Mondeo 93-00(задняя),98BB6P082AA,77644654,,KEMP
Подушка КПП Ford Sierra Scorpio,85GB6068AA,77644619,,KEMP
Подушка КПП Ford Sierra Scorpio,85GB6068AA,77641908,,KEMP
Подушка КПП Аudi-100 82-90,431399151D,7764422,,KEMP
Подушка кріплення бензонасоса Opel Omega A Ascona 2.0i Vectra A 2.0i Senator B,817744,77644667,,KEMP
Подушка мет.рессоры Mercedes Benz Sprinter/VW LT,3195,,9013220619,KEMP
Подушка моноинжектора VW/Audi 84-02,050129761H,7764171,FE03604,KEMP
Подушка опорна карданного без підшипника Ford Sierra Scorpio (рез.підвісного),1649554,77644748,,KEMP
Подушка переднего амортизатора VW T5,4120.10,,7E0412331,KEMP
Подушка передней рессоры верх. Mercedes Benz Sprinter/VW LT,3200,,9013220019,KEMP
Подушка передней рессоры левая Mercedes Benz Sprinter,3281,,9013220419,KEMP
Подушка передней рессоры правая Mercedes Benz Sprinter/VW LT,3194,,9013221119,KEMP
Подушка пласт. рессоры Mercedes Benz Sprinter/VW LT,3106,,9013221819,KEMP
"Подушка радіатора, Mercedes 208-410",60-700-076,77643309,,KEMP
Подушка рессоры MB Sprinter,9013220419,77643155,,KEMP
Подушка рессоры MB Sprinter передняя(железная рессора),9013222619,77643153,,KEMP
Подушка рессоры MB Sprinter передняя(пластиковая рессора),9013220019,77643154,,KEMP
Подушка стойки Ford Transit   92  --,6675788,77641091,6763456,KEMP
Подушки глушника Daewoo Lanos комплект (6шт.),,77643454,,KEMP
Подушки задней балки (компл.) Mercedes Benz W140,3586,,1403508608,KEMP
Подушки переднего амортизатора компл. Mercedes Benz Sprinter,3285,,9013230085,KEMP
Подшипник  задней ступицы MB 207-310 82-96г. комплект,77641311,77641311,713667560,KEMP
Подшипник  задней ступицы MB 207-310 82-96г. комплект,713667560,77647568,,KEMP
"Подшипник MB190,124,202,Vito (зад комплект)84*39*45",713667530,77645436,2029810127,KEMP
Подшипник Opel VektraB/Astra(пер)/OmegaB(зад)Chevrolet Lacetti 74*39*39,7764526,7764526,90425658/579557,KEMP
Подшипник вал термомуфты Audi A4 A6 VW Golf4 1.9TDI98-> Passat B5,058115136A,77644870,,KEMP
Подшипник верхний опорн VW Golf-4/А-3/ Skoda Оktav.,1J0412249,7764488,F-21654611,KEMP
Подшипник верхний опорный Ford Scorpio 86->,801003,77642714,,KEMP
Подшипник верхний опорный Ford Sierra,801002,77644158,,KEMP
Подшипник выжимной  Ford  Transit 2000-> (гидравлический),510012210,77642597,,KEMP
Подшипник выжимной  Ford Transit<-88 Sierra 1.6,F202993,77642717,,KEMP
Подшипник выжимной  O.Kadet  E.Vectra A..1.6-2.0 Daewoo Lanos,90251210,77644883,,KEMP
"Подшипник выжимной Audi100,80,A4,A6/VWPassat 86-04",01E141165A,7764402,3151271937,KEMP
Подшипник выжимной Ford Escort  95 --,7166796,77641058,,KEMP
"Подшипник выжимной Ford Sierra Scorpio Transit MT75 Audi100,80,A4,A6",3151822001,77643490,01E141165A,KEMP
Подшипник выжимной MB 207-409,3151133331,77642115,,KEMP
Подшипник выжимной MB 608-709 OM314,3151033031,77648222,3151033031,KEMP
Подшипник выжимной MB 608-709 OM314,0002504015,77643484,3151033031,KEMP
Подшипник выжимной O.Kadet E.Vectra A..1.3-1.6I,3151175031,77641218,OPE668653,KEMP
Подшипник выжимной Renault Trafic/Master 1.9-2.5DCI (3 болта),506 0002,,7700110348,KEMP
Подшипник выжимной гидравлический VW LT Crafter  MB Sprinter   CDI,HRB-9033,77643628,,KEMP
Подшипник зад.ступ.Fiat Ducato J5/C25 82-94 (комплект),77648092,77648092,713650410/VKBA1445,KEMP
Подшипник задн.ступицы VW.T2-3 82-91г.комплект,713611550,77641364,VKBA 910,KEMP
Подшипник задней ступ. колеса Audi 100 (сокращенный комплект.),77641026,77641026,713610240/VKBA 542,KEMP
Подшипник задней ступ. колеса Audi 100 (сокращенный комплект.),713610240,77647571,VKBA 542,KEMP
Подшипник задней ступ. колеса VW комплект,7764960,7764960,713610230/VKBA 529,KEMP
Подшипник задней ступ. колеса VW комплект,713610230,77647572,VKBA 529,KEMP
Подшипник задней ступицы  Ford Scorpio 86 -- LH комплект,713678770,77644011,713678770,KEMP
Подшипник задней ступицы Citroen C4 Peugeot  307 25*60*45,77647559,77647559,713640470/374883,KEMP
Подшипник задней ступицы Ford Scorpio 86 -- LH,302120,77641063,,KEMP
Подшипник задней ступицы Ford Sierra  82-> -- L комплект,713678760,77642120,VKBA897,KEMP
Подшипник задней ступицы Ford Transit 91-00  45*85*30.16,713678600,77647576,5025900,KEMP
Подшипник задней ступицы Mercedes Benz W123 W126 W(114-116),77647451,77647451,713667520/1233500068,KEMP
Подшипник задней ступицы Mercedes Benz W123 W126 W(114-116),713667520,77648160,1233500068,KEMP
Подшипник задней ступицы Renault 9;11;19 комплект (барабан) 25*52*37,77641934,77641934,713630300,KEMP
Подшипник задней ступицы Renault 9;11;19 комплект (барабан) 25*52*37,713630300,77647580,,KEMP
Подшипник задней ступицы Renault Dokker Duster  Kango 08-> 30*62*48,77648111,77648111,713631130/VKBA6799,KEMP
Подшипник задней ступицы Renault Trafic Opel Vivaro Nisan Primastar комплект,77644020,77644020,713644140/VKBA3617,KEMP
Подшипник закрытый  12x32x10,6201-2RS,77645517,,KEMP
Подшипник закрытый  17x40x12,6203-2RS,77645516,,KEMP
Подшипник коленвала игольчатый Ford OHC DOHC,1596468,77641899,,KEMP
"Подшипник коромысла, MB OM 601-603",601 981 0027,77643316,9800,KEMP
Подшипник КПП VW Audi Skoda Seat 1.2-1.6 (задний) 04->,02T311206E,77647849,,KEMP
Подшипник КПП VWT4 G2 Fiat Ducato 50.3*29*14.73,L45449_L45410,77647583,L45449/L45410,KEMP
Подшипник КПП VWT4 G2 Fiat Ducato 50.3*29*14.73,77641408,77641408,L45449/L45410,KEMP
Подшипник пер. ступицы  Peugeot 308-607 Citroen C4 C5 C6  06->45*83*44 ABS,77647560,77647560,713640500/335082,KEMP
"Подшипник пер.зад,ступ. Renault Kangoo 4*4 01->40*84*40",77647558,77647558,7701206771/713630920,KEMP
"Подшипник пер.ступ. Renault 19, 21/Kangoo/Rapid/Megane/Laguna/Fiat37*72*37",562398A,77647587,,KEMP
Подшипник пер.ступ. Renault Kangoo Megane/Laguna Logan Sandero 37*72*37  ABS,713630840,77648171,VKBA3637,KEMP
Подшипник пер.ступ. Renault Master2 84*49*48,SH140.17,,VKBA3613,KEMP
Подшипник пер.ступ. Renault Trafic 2  88*45*39,XGB41166,,VKBA3648,KEMP
Подшипник пер.ступ.Fiat Ducato 06->Jumper/Boxer 06-> 55*90*54,77648083,77648083,713640550/VKBA6570,KEMP
Подшипник пер.ступ.Fiat Ducato 06->Jumper/Boxer 06-> 55*90*54,713640550,77648174,VKBA6570,KEMP
Подшипник пер.ступицы Daewoo Lanos,VKBA1306,77643084,,KEMP
Подшипник пер.ступицы VW.T2-3 82-91г.комплект,713611410,77641305,VKBA 912,KEMP
Подшипник перед.ступицы  Fiat Doblo Punto Tempra 37*72*37,77647551,77647551,713690510/5890987,KEMP
Подшипник перед.ступицы  Fiat Doblo Punto Tempra 37*72*37,713690510,77647590,5890987,KEMP
Подшипник передней ступ.MB. 100 (631) 88-96г. комплект,77641365,77641365,713667300,KEMP
Подшипник передней ступ.MB. W201 W124 87-95г. комплект,713667370,77647593,77641306,KEMP
Подшипник передней ступицы   Peugeot P806 Expert К-КТ.,77641937,77641937,713630580/335027,KEMP
Подшипник передней ступицы BMW X5(E53) X3(E83) 00->г. 90*49*45,31226751978,77641328,805138,KEMP
Подшипник передней ступицы Ford Escort ->90г. комплект,713678090,77647602,VKBA687,KEMP
Подшипник передней ступицы Ford Mondeo 3  00-07  40*75*37,77647553,77647553,713678410/1133023,KEMP
Подшипник передней ступицы Ford Mondeo 3  00-07  40*75*37,713678410,77647605,1133023,KEMP
Подшипник передней ступицы Ford Scorpio 86 -- LH комплект,713678070,77644017,VKBA916,KEMP
Подшипник передней ступицы Ford Scorpio 86 -- RH комплект,713678740,77644018,VKBA917,KEMP
Подшипник передней ступицы Ford Scorpio 94 -- RH,301141,77641066,,KEMP
Подшипник передней ступицы Ford Transit 2.2:2.4 TDCI 2006 -- d=45,6C111K018AA,77645711,713678900,KEMP
Подшипник передней ступицы Iveco Daily 35-12 49-12 96г-> 73*40*55,BTH1024C,77647606,BTH1024C/99825736,KEMP
Подшипник передней ступицы Iveco Daily 35-12 49-12 96г-> 73*40*55,77641406,77641406,BTH1024C/99825736,KEMP
"Подшипник передней ступицы MB W168, Vaneo 97-05 37*75*42",1689810627,77644278,,KEMP
Подшипник передней ступицы Renault Clio Megane 2 Scenic2 04-> 42*77*39,77648096,77648096,713630850/VKBA3638,KEMP
Подшипник передней ступицы Renault Clio Megane 2 Scenic2 04-> 42*77*39,713630850,77648185,VKBA3638,KEMP
Подшипник передней ступицы Sierra 82-> -- LH,301034,77642119,713678080,KEMP
Подшипник передней ступицы Sierra 82-> -- RH,301038,77642118,713678750,KEMP
Подшипник передней ступицы Transit 91-2000г.,301118,77642117,,KEMP
Подшипник передней ступицы Transit 91-2000г. комплект,77642846,77642846,713678500/VKBA 1465,KEMP
Подшипник подвесной Ford Transit  92 -- (30mm) прямой,99VB4826AB,77644668,,KEMP
Подшипник подвесной Ford Transit  92 -- (30mm) прямой,92VB4826CA,77644403,,KEMP
Подшипник подвесной Ford Transit  92 -- (30mm) см.центр,95VB4826AB,77644050,99VB4826AB,KEMP
"Подшипник подвесной Ford Transit 92-00, D=30mm, прямой (SKF Подш)",SCB-101,,95VB4826AA,KEMP
Подшипник подвесной Ford Transit 92-00г (45*16mm),98VB4826ABK,77643578,98VB4826A1B,KEMP
"Подшипник подвесной MB Sprinter/VW Crafter 06-, D=47mm, H=73 (SKF Подш)",SCB-128,7764493,OEA9064100281,KEMP
Подшипник подвесной MB Sprinter/VW LT 96- (SKF Подш),SCB-125,,OEA9014110412,KEMP
"Подшипник подвесной MB Sprinter/VW LT 96-, +монт. ккт (SKF Подш)",SCB-125K,,OEA9014110412,KEMP
"Подшипник подвесной MB Vito 639 03- D=30mm, задний (SKF Подш)",SCB-129K,,OEA6394100681,KEMP
"Подшипник подвесной MB Vito 639 03- D=30mm, передний (SKF Подш)",SCB-130K,,OEA6394100481,KEMP
"Подшипник подвесной Mercedes 207-410, D=45mm (SKF Подш)",SCB-131,,OE6014101710,KEMP
Подшипник подвесной задний MB Vito 639 Viano,6394100681,77644049,M-505,KEMP
Подшипник подвесной передний MB Vito 639 Viano,6394100481,77644048,M-504,KEMP
Подшипник подвесной полуоси Ford Transit  Connect  Focus C MAX,1061831,77643785,,KEMP
Подшипник подвесной полуоси VW T4 96-03г. R,701 407 331 B,77643472,49-0663/MG,KEMP
Подшипник подвесной полуоси VW T5  03-> R,7H0407181,77644732,,KEMP
Подшипник подушки амортизатора Fiat Ducato/Citroen Jumper/Peugeot Boxer 94>,02.0054,,5035.47,KEMP
Подшипник подушки амортизатораRenault Trafic/Opel Vivaro/Nissan Primastar 01>,502 0052,,8200010518,KEMP
Подшипник ролика промеж (термомуфты )VW LT 95->,568 350,776488,H75AA,KEMP
"Подшипник роликовый передний MB Sprinter 208-316, 410, VW LT 28-35 96- (72x41x20",SH140.76,,713667600,KEMP
"Подшипник роликовый с монт. кктом.передний MB Sprinter 208-316, 410, VW LT 28-35",SH140.76K,,713667600,KEMP
Подшипник ступици передней Audi-100  -85  75 диам37*75*42,7764404,7764404,545495D/A,KEMP
Подшипник ступици передней Audi-100  -85  75 диам37*75*42,545495D,77647608,545495D/A,KEMP
"Подшипник ступици передней VW Golf-1, Opel, Daewoo 37*64*34",7764439,7764439,532066DE,KEMP
Подшипник ступицы Opel Kadett задн. мал,LM11749_Q,7764328,LM11749/Q,KEMP
Подшипник ступицы задний Opel Kadett (большой),33274,7764327,,KEMP
Подшипник ступицы передней Audi A4(B6 B7)A6(C5)A8 00-05,8E0498625B,77645697,,KEMP
Подшипник ступицы передней Audi A6(C6) 04-11,4F0498625B,77645700,4E0407625E,KEMP
Подшипник ступицы передней Audi-100  89 -95 37*82*45/43,7764361,7764361,567519A,KEMP
Подшипник ступицы передней Audi-100  89 -95 37*82*45/43,567519A,77647610,,KEMP
Подшипник ступицы передней Audi-100 -88  82 мм 37*82*42,776424,776424,713610260/565636/A,KEMP
"Подшипник ступицы передней VW Golf-2  84-88 1,6-1,8 37*66*35",7764358,7764358,713610310/544307D,KEMP
Подшипник ступицы передней VW Passat В2  80-88 37*68*39,7764356,7764356,540733BA/811407625B,KEMP
Подшипник ступицы передней VW Passat В2  80-88 37*68*39,540733BA,77647616,7764356,KEMP
Подшипник ступицы передней VW Passat В3  88-93 37*72*40,7764357,7764357,566719,KEMP
Подшипник ступицы передней VW Passat В3  88-93 37*72*40,566719,77647617,,KEMP
Подшипник ступичный перед/зад MB Vito (638) 96-03 (84x45x39),SH151.54,,A2099800016,KEMP
Подшипник ступичный передний Bearing Ford Tranzit Connect 02- 39x74x39 ABS+,SH141.05,,1484269,KEMP
"Подшипник ступичный передний Renault Kangoo 97-, Logan 04-, Megane 96-03, Fiat D",SH155.62,,7701205779,KEMP
"Подшипник ступичный переднийHuyndai Accent 99-10, Getz 05-, Rio 05-, Lantra 96-,",SH184.05,,713 6195 10,KEMP
"Подшипник ступичный переднийOpel Combo, Corsa B, Astra F, Vectra A 92-96 (34x66x",SH153.25,,713644150,KEMP
Подшипник термомуфты Ford Transit ->2000 г.2.5D,1087568,77644451,,KEMP
Подшипника задн. ступ O.Kadet Vectra Daewo 74->г. комплект,713644510,77641022,VKBA 944,KEMP
Полуось передняя MB 100 (в сборе),6313301301,77643256,60-350-002,KEMP
Полуось передняя MB Vito СDI (в сборе),27-0185,77643254,27-0185/MG,KEMP
"Помпа Audi 100 1,9-2,3 77-88- 5цил 26 зубов P526",035121004,7764130,,KEMP
"Помпа Audi 100 1,9-2,3 88-91 5цил 29 зубов P534",034121004,7764131,,KEMP
"Помпа Audi 100/A4,A6 91-95  2,6-2,8 P539",078121004C,7764133,078121019А,KEMP
"Помпа Audi 100/A4,A6 95-  2,6-2,8 P544",078121004H,7764134,078121019B,KEMP
"Помпа Audi A4,A6 A8  2,4-2,8 VW Passat B5  2.8  V6",078121006,77643974,,KEMP
Помпа Chery Amulet,480-1307010BA,77641763,,KEMP
Помпа Ford  ОНС  1.6-2.0 L.,F-111,77641374,,KEMP
Помпа Ford Escort 1.8 д,YH-F122,77641079,,KEMP
Помпа Ford Escort CVH 1.4-1.6 86->,88SX8591AA,77641907,,KEMP
Помпа Ford Mondeo 1.6-2.0 Focus 1.8-2.0 98г.->,1094596,77641904,,KEMP
Помпа Ford Mondeo 1.8TD 93->,EPW79,77641905,,KEMP
Помпа Ford Scorpio  DOHC,F131,77641375,,KEMP
Помпа Ford Transit 2.5D 86-,914FX8591AA,77641903,,KEMP
Помпа MB W115;123;T2 G W460 OM615;616;617;,1102000920,77641532,0130260630,KEMP
Помпа Mercedes  OM601-606 Sprinter Vito W124 W210 W201 Gclas,6022000220,77643410,0130261200,KEMP
Помпа Mercedes 208-310  OM601 602,6022000120,77643204,,KEMP
Помпа Mercedes 208-310 Sprinter  Vito OM601 602,6022000020,77643159,,KEMP
Помпа Mercedes Sprinter  CDI 00-,6112001101,77642160,6112001100,KEMP
Помпа Mercedes Vito CDI 99-,6112001001,77642156,,KEMP
Помпа Mercedes W202 OM 601;604 W210 OM 604  200-220D,6012001120,77645448,,KEMP
Помпа O.Kadet E.Vectra A..1.4-1.6I 86-93 г. P388,90234200,77641219,1334024,KEMP
Помпа O.Kadet E.Vectra A.Comdo.1.4-1.6I 86-96 г.,90325660,77641220,93302485,KEMP
Помпа Opel Omega A Vectra A Kadet Ascona 1.8-2.0,1334008,77645365,3013340008,KEMP
Помпа Opel Omega AB Vectra A Kadet E Astra F 1.8-2.0,1334054,77645364,,KEMP
"Помпа VW /Audi 1,6-2,0 4-цил  с корпусом (W.AUTO)",026121010C,7764111,,KEMP
"Помпа VW /Audi 1,6-2,0 4-цил  с корпусом P513",037121010AX,77643239,,KEMP
"Помпа VW /Audi 1,6-2,0 78-04  4-цил  без корпуса P-512",037121005C,77643235,026121005A,KEMP
"Помпа VW /Audi 1,8-2,0 TFSI 07->  без корпусу",06H121026CQ,77647770,538036210,KEMP
"Помпа VW /Audi 1,8-2,0 TFSI 07-> без корпусу",06J121026G,77647720,P659,KEMP
"Помпа VW LTCrafter,(20зубов)",1132200022,77645064,,KEMP
Помпа водяна Daewoo Matiz 0.8-1.0,96666219,77642873,96518977,KEMP
Помпа водяна VW Golf-2-3 Polo 1.0-1.4 86->,030121005L,77645366,301210005030L,KEMP
Помпа водяна VW Golf-3 Polo Skoda Felicia Octavia 1.4;1.6,030121005N,77645367,,KEMP
Помпа водяна А-3/ VW Golf-4 Bora Skoda Oktavia 1.9TDI,038121011A,77643405,,KEMP
Помпа водяна А-3/А-4/ VW Passat В5/Golf-4  Cadi Octavia1.6 97->,06B121011A,77643418,,KEMP
Помпа водяна А-3/А-4/ VW Passat В5/Golf-4 1.8,06A121031C,7764129,06A121021,KEMP
Помпа водяна А-3/А-4/ VW Passat В5/Golf-4 T5 Cadi Octavia1.8T 2.0,06A121011E,77643406,06A121011L,KEMP
Помпа водяная Daewoo Lanos 1.6,96352650,77641971,,KEMP
"Поршень 84,5мм Opel Vivaro/Renault Trafic 2.0DCI",40262620,,8742200700,KEMP
"Поршень 97,5мм Mercedes Benz M364/366",93831606,,,KEMP
Поршень Audi-100 91-94  5ц 1ШТУКА(80.985),0347400,7764216,,KEMP
"Поршень Audi-100 91-94  5ц 1ШТУКА+0,25 (81.235)",0347401,7764215,,KEMP
Поршень Audi-100 91-94  6ц 1ШТУКА,0349800,7764217,,KEMP
Поршень VW/ Audi  1.8 (80.985)  4ц 1ШТУКА STD,93928600,7764413,,KEMP
Поршень VW/ Audi Skoda 1.8T20V (81) 1ШТУКА STD(поршень+палець),06B107065N,77647872,,KEMP
Привод стеклоочистителя - трапеция Mercedes Benz Sprinter,100 8252,,9018200081,KEMP
Пробка зливу масла Daewoo Lanos/Chevrolet Aveo Lacetti,94501841,77642758,,KEMP
"Провода высоковольтные  Audi A4 A6 A8 VW Passat 94-00  2,4-2,8-- 6цил  к-кт",078905531B,77647850,,KEMP
"Провода высоковольтные  Audi A4 A6 A8 VW Passat 94-05  2,4-2,8-- 6цил  к-кт",078905113,77647967,,KEMP
"Провода высоковольтные  Audi-100 91-94  2,6-2,8-- 6цил",078905531A,7764149,,KEMP
Провода высоковольтные  Audi-100/80 -95 --5цил,35998031,7764150,,KEMP
Провода высоковольтные  Opel Astra F Vectra A KadetE1.4-1.6i,1612541,77645371,ZEF 726,KEMP
Провода высоковольтные  Opel Kadet E Omega A 1.8- 2.0,1612473,77645369,ODU219,KEMP
Провода высоковольтные  Opel Kadet E Vectra A 1.8- 2.0,1612462,77645461,ODU204,KEMP
Провода высоковольтные  Opel Omega A 1.8- 2.0,1612497,77645370,ZEF 584,KEMP
Провода высоковольтные  VW Golf 4 Bora Audi A3  Skoda  Octavia 1.8 20V,06A905409G,77645375,,KEMP
Провода высоковольтные  VW Golf 4 Bora Passat  Audi A4  Skoda  Octavia 1.6i,06A905409M,77645376,,KEMP
Провода высоковольтные Daewoo 1.5 silicone,96305387,77642806,13026361S,KEMP
Провода высоковольтные Daewoo Lanos/AVEO 1.5 EPDM,96305387,77642805,1304055,KEMP
Провода высоковольтные Daewoo Sens 1.3 EPDM,307-3707080-10,77642773,1399354,KEMP
Провода высоковольтные Daewoo Sens 1.3 SILICONЕ,307-3707080-10,77642774,1399354,KEMP
Провода высоковольтные Ford Escort   CVH .OHV  89 --,EP3810,77641388,1205,KEMP
Провода высоковольтные Ford Fiesta 1.3 96 -,1204,77641148,,KEMP
Провода высоковольтные Ford Fiesta 1.3 96 -  (silicon),1204S,77641147,,KEMP
Провода высоковольтные Ford Mondeo  1.6 - 2.0  93 -- ЗЭТЭК,1208,77641389,,KEMP
Провода высоковольтные Ford Scorpio  2.0 DOHC 89 --  (silicon),1207,77641387,,KEMP
"Провода высоковольтные Ford Sierra, Scorpio  ОНС 8mm.",1209 EPDM,77641385,,KEMP
"Провода высоковольтные Ford Sierra, Scorpio ОНС",A-12005,77641944,,KEMP
"Провода высоковольтные Ford Sierra, Scorpio ОНС 8mm. (silicon)",1209S,77641386,,KEMP
Провода высоковольтные MB124 (6 цил),263-BREMI,77641542,ZEF558,KEMP
"Провода высоковольтные VW / Audi 1,0-1.3 1.4-1.6 4цил",032905483G,77645378,,KEMP
"Провода высоковольтные VW / Audi 1,6-2,0 4цил",357998031B,7764151,803998031,KEMP
Проводи високовольтні  VW / Audi Octavia 4циліндри 95р.->,06B905431A,77641548,,KEMP
Проводи високовольтні Daewoo Nexia EPDM,NP1332,77641737,13066360E,KEMP
Проводи високовольтні Daewoo Nexia SILICONE,0986356972,77642808,NP1332S,KEMP
Проводи високовольтні Mercedes124 (4 циліндри),ZEF466,77641541,258,KEMP
Прокладкa поддона Opel 1.8-2.0 (резина под пеногаситель),652587,77642165,349.135,KEMP
Прокладка АКПП OPEL Omega A B Senator B,77648068,77648068,0747213,KEMP
Прокладка АКПП OPEL Omega A B Senator B (малый поддон),77648069,77648069,0747212,KEMP
Прокладка вакуумного насоса VW Caddy/T5 2.0TDI,902.610,,03L145215A,KEMP
Прокладка випускного колектора VW/Audi,026129589A,776473,,KEMP
Прокладка впускного колектора Ford V6,77648062,77648062,1659956,KEMP
"Прокладка впускного колектора Ford V6 SIERRA GRANADA 2,0",77648631,77648631,6100163,KEMP
"Прокладка впускного колектора Ford V6 SIERRA GRANADA 2,3",77648632,77648632,6137857,KEMP
Прокладка впускного колектора Peugeot 1.6  HDI 16V,144081,77648948,1440.81,KEMP
"Прокладка впускного колектора peugeot/citroen 206,207,307,partner,tepee 1,6hdi 0",1509352,77648927,,KEMP
Прокладка впускного колектора VW Audi  Skoda  1.6 2.0   94-05,037129717C,77647858,,KEMP
"Прокладка впускного колектора VW Golf 2,3/VW Passat B2,В3/A80 1,6-1,8",026129717D,776472,,KEMP
"Прокладка впускного колектора VW Golf 2,3/VW Passat B3,В4/A80 2,0  88-97",048129717B,77641469,048129717B,KEMP
Прокладка впускного коллектора Mercedes Benz M111,476.670,,1111411280,KEMP
Прокладка впускного коллектора VW Caddy III 1.6 TDI,13236800,,03L129717H,KEMP
Прокладка впускного коллектора VW Caddy III 1.6 TDI,13236700,,03L129717J,KEMP
Прокладка впускного коллектора VW Caddy/T5,71-40507-00,,03L129717E,KEMP
"Прокладка впускного коллектора VW Golf 2,/VW Passat B2,TransporterT3/A80 1,6D TD",77648114,77648114,068129717E,KEMP
Прокладка выпускного коллектора 2.5D/TD/TDI TRANSIT 1986-2000,77648066,77648066,6193676,KEMP
Прокладка выпускного коллектора Renault Kangoo,332.280,,8200414346,KEMP
Прокладка выпускного коллектора VW T5,71-40497-00,,03L253039F,KEMP
Прокладка ГБЦ  VW Audi 3.2 V6 02-09 (металопакет),022103383M,77647792,807.574,KEMP
"Прокладка ГБЦ 0,7мм Renault Kangoo",61-36975-00,,8200360571,KEMP
"Прокладка ГБЦ 1,5мм Jumper/Ducato/Movano/Boxer 2.8",863130,77646363,61-33950-20/0209.0F,KEMP
Прокладка ГБЦ 1-й ремонт Mercedes Benz M611/646,10128110,,6460160620,KEMP
Прокладка ГБЦ 3 метки VW Caddy III,150.801,,03G103383L,KEMP
Прокладка ГБЦ 3 метки VW Caddy III 2.0 SDI,61-34350-20,,038103383CK,KEMP
Прокладка ГБЦ Mercedes Benz M900/904/907,10144300,,9040161020,KEMP
Прокладка ГБЦ STD Mercedes Benz M601,832.962,77646305,61-29120-20,KEMP
Прокладка ГБЦ VW Audi Skoda 2.0 99-> (металопакет),235.831,77647741,06A103383AN,KEMP
Прокладка головки 2 метки Transit  V 184 2.0 TDCI  2001 >,1349890,77646040,,KEMP
Прокладка головки 3 мітки Transit  V347  2.2 TDCI,1372297,77646039,,KEMP
Прокладка головки 4 метки Sierra  2.3 D Scorpio 2.5 D,6812074,77646041,,KEMP
Прокладка головки 5 меток Focus Connect 1.8 DI,1477472,77646037,,KEMP
"Прокладка головки Ford 2,0 ОНC",77641124,77641124,30-025148-10,KEMP
Прокладка головки Ford Escort 1.3 BL 89->,77642123,77642123,612743500,KEMP
Прокладка головки Ford Sierra 1.6 83.2mm ( економ),77642124,77642124,612554010,KEMP
Прокладка головки Ford Sierra 1.8 OHC,612254010,77642126,,KEMP
Прокладка головки Ford Sierra Scorpio  2.0 DOHC,7087348,77646038,77646038,KEMP
Прокладка головки Ford Transit   2.5 д,77641380,77641380,6518302,KEMP
Прокладка головки блока Daewoo Matiz 0.8,94580082,77643323,1302077,KEMP
Прокладка головки блока Daewoo Matiz 1.0,96325170,77643322,,KEMP
Прокладка головки блока MB Sprinter Vito OM 611.960 CDI OM 646.951/66 (метал),6110160620,77644329,,KEMP
Прокладка головки блока MB Sprinter Vito OM 611.981 CDI OM 646.983 (метал),6460160520,77644328,,KEMP
Прокладка головки блока Mercedes DB OM 102. 230E/TE/CE,764720,77641470,3002600510,KEMP
Прокладка головки блока Mercedes DB OM 602 210-410 (89mm),833098,77641512,,KEMP
Прокладка головки блока Mercedes DB OM 616 76-,776778,77641471,612411040,KEMP
Прокладка головки блока Mercedes DB OM615,776786,77641462,3002392410,KEMP
Прокладка головки блока Mercedes DB OM617 300D/TD,776769,77641463,3002397310,KEMP
Прокладка головки блока Mercedes OM 602 DB Sprinter 212D-412D (89mm),913864,77641513,,KEMP
Прокладка головки блока Opel 1.3 OHC,768171,77641464,3002403310,KEMP
Прокладка головки блоку Chevrolet  Lacetti 1.8 ->2008,90411937,77643008,,KEMP
Прокладка головки блоку Opel 1.6 OHC 81- 86г.,3002457810,77642159,0658280F,KEMP
Прокладка головки блоку Opel 1.8 84-88 OHC,831638,77642161,,KEMP
Прокладка головки блоку Opel 2.0  86- OHC,646370,77642162,,KEMP
Прокладка карбюратора центральна Ford,77648067,77648067,1602435,KEMP
Прокладка карбюратора центральна Ford,77648065,77648065,6148604,KEMP
Прокладка карбюратора центральна Ford,77648064,77648064,6124144,KEMP
Прокладка карбюратора центральная,77648061,77648061,049129281F,KEMP
Прокладка каталізатора Ford Scorpio DOHC 89->,,77642129,,KEMP
Прокладка кл.кришки VW Audi 3.2 V6 02-09,022103483E,77647847,,KEMP
Прокладка клап крил  Audi-V6 2.6-2.8 (шт),078103483L,77642054,,KEMP
Прокладка клап кришки  Audi-1.8 20V 1.8T к-кт,058198025A,77647852,,KEMP
"Прокладка клапана кришки  Opel 1.2 -1,3 OHC 90-",828564,77641511,,KEMP
"Прокладка клапана кришки  Opel 1.2 -1,3 OHC 90-  (гумова)",828654,77643993,,KEMP
Прокладка клапана кришки  Opel 1.6D 1.8-2.0 OHC (8mm),827843,77641510,,KEMP
Прокладка клапана крышки Ford Transit V184  2.0 DI - 2.4 DI  2001 --,1143176,77646042,,KEMP
Прокладка клапана сапуна Ford OHC,77648063,77648063,6004365,KEMP
Прокладка корпуса масляного фильтра Mercedes Benz M272/273,585.090,,2721840080,KEMP
Прокладка корпуса масляного фильтра VW Caddy/Crafter 2.0TDI,235.920,,03L198441,KEMP
Прокладка корпуса термостата Ford OHC,77648634,77648634,1475932,KEMP
Прокладка корпусу масляного фільтра VW Audi Skoda 2.0 05->,06F115441,77647870,06F115441A,KEMP
Прокладка корпусу масляного фільтра VW Audi Skoda 2.0 05->,06D117070,77647871,06F115441A,KEMP
Прокладка КПП OPEL (КПП F10 F13 ),77648070,77648070,0370035,KEMP
Прокладка кришки ГРМ OPEL 2.4-3.0 ліва,77648071,77648071,90353038,KEMP
Прокладка кришки ГРМ OPEL 2.4-3.0 права,77648072,77648072,90353039,KEMP
Прокладка пердней верхней крышки двигателя Ford 2.0 DOHC,7026537,77641483,,KEMP
Прокладка піддона Ford 0.9-1.1,103960,77641505,,KEMP
Прокладка піддона Opel 1.2-1.3 OHS 1.6SV 86-(гумова),766390,77641509,,KEMP
Прокладка поддона (гумова) Amulet,480-1009021BA,77641762,,KEMP
Прокладка поддона Mercedes Benz M651,0168,,6510140028,KEMP
Прокладка поддона Vivaro/Master/Trafic 1.9DCI,71-34414-00,,8200282199,KEMP
Прокладка помпи FORD CVH,6186825,77647413,6064089,KEMP
Прокладка помпи VW 1.6-2.0 4 цил.,026121041P,77647390,100214,KEMP
Прокладка прием труби VWBora Cadi Octavia Fabia Audi- А-2 1.4-1.9 97->,155253115,77642451,,KEMP
Прокладка приемной трубы (штанов),480E-1008060,77642325,,KEMP
Прокладка прийм труби VW Audi- А-6-97,8D0253115,7764858,,KEMP
"Прокладка прийм труби VW Audi-100, А-6-97 / А-80 91-",443253115A,7764451,,KEMP
"Прокладка прийому труби VW Audi-100, / А-80 84-91G 1-2",841253115B,7764969,,KEMP
Прокладка турбины VW T5,016.571,,070145757,KEMP
Прокладка турбіни Cinrjtn Peugeot Fjrd 1.6-2.0 HDI,1503552,77648930,,KEMP
Прокладки гол блока Audi-100 91-94  6 цил  (1 шт),078103383C,77643238,403740,KEMP
"Прокладки гол. блока Audi-100 84 -94  2,3  5ц",035103383J,776476,915629,KEMP
"Прокладки гол. блока Audi-100 89-94  2,3  5ц",054103383G,77642055,,KEMP
"Прокладки гол. блока VW Audi   1,6-1,8  4 цил",026103383K,77643237,3002680730,KEMP
Прокладки двигателя Chevrolet  Lacetti  1.6  комплект,93740513,77644364,,KEMP
Прокладки двигателя Daewoo Nexia 1.5  комплект 16-кл,PS1141021,77642741,,KEMP
"Прокладки двигуна VW /Audi  1,6-1,8 (комплект)",,776478,,KEMP
"Прокладки двигуна VW /Audi 1,8 ;1.8T 20V (комплект повний)",50158600,77643998,,KEMP
Прокладки клап крики Audi-100 84 -91 5цил (резин),"0,034198025",7764506,,KEMP
"Прокладки клап криш  VW Passat В5 1,8-1,8Т",476020,776481,026143P,KEMP
Прокладки клап криш VW Golf-2/Audi 1.6-1.8   (резин),051103483A,776480,,KEMP
Прокладки масляного радиатора компл. VW Caddy III/Crafter/T5 1.6TDI/2.0TDI,1170.04,,03L198441+03L198070,KEMP
Прокладки піддона  Audi-100 84 -91 6ц 1шт верх,078103609E,7764548,,KEMP
Прокладки піддона  Audi-100 84 -91 6ц низ 1шт,078103610A,77646193,,KEMP
Прокладки поддона  Audi-100 84 -91 5ц,054103609,776483,,KEMP
Прокладки поддона VW Passat В5 1.6E/1.8T Golf 4/Bora 1.6E/1.8T SK Octavia,06A103609C,776485,,KEMP
Прокладки поддона VW/Audi 1.6-1.8,026103609D,776484,71-12948-10,KEMP
Прокладки турбины к-кт. Renault Kangoo 1.5DCI,04-10053-01,,7701473673,KEMP
Промежуточный вал двигателяVW /Audi 1.6 D 1.6-1.8,053115017,7764791,056115019B,KEMP
Проокладки  двигателя Ford Transit компл. 2.5 д  89 --,6689715,77641125,109290,KEMP
Проставка под заднюю пружину верхняя VW T5,351 1000,,7H0511149C,KEMP
Проставка под заднюю пружину нижняя VW T5,351 1001,,7H0511150B,KEMP
Противотуманка   Audi-100 91-94  R,4A0941700,7764117,,KEMP
Противотуманка  Audi-100 84-91   L (в бампер),443941699E,7764579,,KEMP
Противотуманка  Audi-100 84-91   R (в бампер),443941700E,7764578,,KEMP
Противотуманка  VW Golf 3  L,1H0941699,77645413,,KEMP
Противотуманка  VW Golf 3  R,1H0941700,77645412,,KEMP
Противотуманка  VW Passat B4 94-96 L,3A0941699,7764500,,KEMP
Противотуманка  VW Passat B4 94-96 R правая,3A0941700,7764501,,KEMP
Протитуманка   Audi-100 91-94  L ліва,4A0941699,7764116,,KEMP
Протитуманка  VW T5  L ліва,7E0941699,77644097,,KEMP
Протитуманка  VW T5  R права,7E0941700,77644098,,KEMP
Пружина задня  BMW E36 d16h210mm.,33531138284,77641256,KIL51018  4208431,KEMP
Пружина задня Audi 80 B4 91-94г.,77642367,77642367,950614,KEMP
Пружина задня Audi 80/90 1.8-2.0 86-91г.,77644211,77644211,4204207,KEMP
Пружина задня Audi 80/90 1.8-2.0 86-91г.10.5*420,95027200,77642363,893511115A,KEMP
Пружина задня Audi A100 82-90г. сед,443511115J,77643986,4A5511115P,KEMP
Пружина задня Audi A100 82-90г. сед  13*340mm,77646019,77646019,950617/4A5511115P,KEMP
Пружина задня Audi A4 94-00,77647681,77647681,950232,KEMP
Пружина задня Audi A6 94-97г. сед  13*340mm,77642431,77642431,4204214/4A5511115P,KEMP
Пружина задня Audi A6 94-97р.Avant 13.5*341mm,4204204,77645833,4A9511115AA (14950711),KEMP
Пружина задня Chevrolet Aveo 02->,77642413,77642413,4217710/96494603,KEMP
Пружина задня Chevrolet Epica  06->,77647665,77647665,4214210,KEMP
Пружина задня Chevrolet Lacetti 05->,77642434,77642434,96407753,KEMP
Пружина задня Chevrolet Lacetti 05->Daewoo Nubira,77647640,77647640,96407753/96415734,KEMP
Пружина задня DACIA LOGAN 07->,77647680,77647680,4217000/6001547971,KEMP
Пружина задня Daewoo  NEXIA,77642371,77642371,870510/96179834,KEMP
Пружина задня Daewoo  NEXIA Espero (прог.завивка)з утоншенням,77642410,77642410,96179833,KEMP
Пружина задня Daewoo Espero  97->г.,77642271,77642271,4217700,KEMP
"Пружина задня Daewoo Lanos 1,4-1,6 16V 97->",77642247,77642247,4217705,KEMP
Пружина задня Daewoo Lanos Opel Kadet d15.1 h255mm  (прог.завивка)з стоншенням,77641947,77641947,774412,KEMP
Пружина задня Daewoo NEXIA Espero d15h255mm. (прог.завивка)с утонченням,77642073,77642073,872513,KEMP
Пружина задня Fiat Scudo Peugeot Expert Citroen Jumpy 96-06,77647677,77647677,4226115,KEMP
Пружина задня Ford Escort <-90 г.  12.4*268mm,77642249,77642249,4227509,KEMP
Пружина задня Ford Escort <-90 р.,503992,77641122,,KEMP
Пружина задня Ford Escort 90 р.->караван 13.5*223mm,77645835,77645835,4227513/91AB5560EC/504059,KEMP
Пружина задня Ford Focus 98-04 11*351,4227554,77647657,1110560,KEMP
Пружина задня Ford Focus 98-04 Focus 2 04->,77647679,77647679,4227579,KEMP
Пружина задня Ford Mondeo 1 93-96г.,77647683,77647683,4227522,KEMP
Пружина задня Ford Mondeo 3 00-07г.,77647662,77647662,4227560,KEMP
Пружина задня Ford Scorpio,77644273,77644273,50403300,KEMP
Пружина задня Ford Sierra Combi  16*315mm (змінний діаметр прута),77647685,77647685,504058,KEMP
Пружина задня Ford Sierra Combi 16*315mm,77645830,77645830,4227520/50401900,KEMP
Пружина задня Merced VITO108-112 98г.- 10.5/20/10.5*250mm.(прог.завивка)з утон.,A6383240604,77641257V,KIL57002,KEMP
"Пружина задня Mercedes (W124) 2,0-3,085-93г.",4256803,77641250,1243241104,KEMP
Пружина задня Mercedes VITO108-112 98г.- 18*245,31955500,77642251,,KEMP
Пружина задня Mercedes VITO108-112 98г.- d20h245mm.(посилена),4256839,77646059,7764 1257,KEMP
Пружина задня Mercedes VITO109-123 CDI 0.3->(639) d16mm h325mm,77644274,77644274,31957900,KEMP
Пружина задня Mercedes VITO109-123 CDI 0.3->(639) d18.5mm h325mm,77642252,77642252,4256859,KEMP
Пружина задня Mercedes VITO109-123 CDI 0.3->(639).(прог.завивка)з утоншенням,6393240504,77646007,4256858,KEMP
Пружина задня Mercedes W210 240-430 96-02р. d14.3h355mm.,77642076,77642076,4256843/319552,KEMP
Пружина задня Opel Astra F Kadett E караван,77642356,77642356,77441800,KEMP
Пружина задня Opel Astra F Kadett E караван,77642254,77642254,4263408,KEMP
Пружина задня Opel Astra F Kadett E караван d15h265mm.,77642085,77642085,774454/90 372 598,KEMP
Пружина задня Opel Astra F SED/H .посилена,77642358,77642358,77445400,KEMP
Пружина задня Opel Astra F SED/HB 91-98г.,77642253,77642253,4263410,KEMP
Пружина задня Opel Astra G 1.8 16V 2.2 HB/SED.,77642344,77642344,77427400,KEMP
Пружина задня Opel Astra G HB/SED.,77642343,77642343,77427200,KEMP
"Пружина задня Opel Astra G універсал 1,7TD-2.2DTI  11.7*300mm",77642350,77642350,77429200,KEMP
Пружина задня Opel Astra H 04-> 12*290,77644216,77644216,4263455,KEMP
Пружина задня Opel Omega A B car.посилена,77642355,77642355,774336,KEMP
Пружина задня Opel Omega A сед.усил. d16.1h285mm.(прог.завивка)с утонченням,77642087,77642087,424331,KEMP
Пружина задня Opel Omega A/B car. (прог.завивка)з стоншенням,77641946,77641946,774355,KEMP
Пружина задня Opel Omega B сед.94-03  15.2*246mm,77642255,77642255,4263426,KEMP
Пружина задня Opel Vectra A 88-95г.,77642256,77642256,77433000/4263416,KEMP
Пружина задня Opel Vectra A 88-95р. 13.5*230mm,77645836,77645836,424345,KEMP
Пружина задня Opel Vectra A 88-95р. 9/15/9*254(прог.завивка)с утонченням,77642077,77642077,424345/774330,KEMP
Пружина задня Opel Vectra B HB/SED 95-03г.,77642351,77642351,77429300,KEMP
Пружина задня Opel Vectra B універсал 95-03г.  10.7*360mm.,77642352,77642352,774295,KEMP
Пружина задня Opel Vectra C,77647669,77647669,4263460,KEMP
Пружина задня Skoda Fabia 99->,77647668,77647668,4285707,KEMP
Пружина задня Skoda Octavia (A5) Combi 04->,77647672,77647672,4285719,KEMP
Пружина задня Skoda Octavia Combi  98->VW Golf 4 variant 11.5*357,1J0511115AE,77642375,875217,KEMP
Пружина задня Skoda Octavia Combi VW Golf 4 Variant 11.5*360,4295043,77644223,,KEMP
Пружина задня VW Golf 3 Vento 91-98 г.,77642368,77642368,95065200,KEMP
Пружина задня VW Golf 3 Vento 91-98 г.,77642262,77642262,4295003,KEMP
Пружина задня VW Passat  B4variant 92-96г. .,77642365,77642365,950294,KEMP
Пружина задня VW Passat B5 .Audi A6 97-05г. сед,77644210,77644210,4204225/3B0511115S,KEMP
Пружина задня VW Passat B5 d14.1h290mm.,4B0511115B,77642079,95063900,KEMP
Пружина задня VW Passat B5 Variant,77642419,77642419,4295037,KEMP
Пружина задня VW Passat B5 Variant Skoda SuperB 01-08  14.1*290mm.,95069300,77646020,4B0511115B,KEMP
"Пружина задня VW Passat B6 1,9TDI 2.0TFSI сед  12.5*353mm.",77642426,77642426,4295074/3C0511115AC,KEMP
Пружина задня VW Passat В2 80-88  (VW Golf-2 посилена),7764254,7764254,331511115F,KEMP
Пружина задня VW Passat В2 80-88 11.2*400mm. (VW Golf-2 посилена),77646021,77646021,4295001/321511115F,KEMP
Пружина задня VW Passat В3 B4 variant 91-96г. .13.6*363mm.,950295,77642366,95029500,KEMP
Пружина задня VW Passat В3 B4variant 88-96г. .,77642084,77642084,4295011,KEMP
Пружина задня VW Passat В3 variant 88-94 р. d13.5h360mm.,333511105A,77642269,77642269,KEMP
Пружина задня VW Passat В3 variant 88-96 г. 13*375mm,77642264,77642264,4295026/3A9511105c,KEMP
Пружина задня VW Passat В3 седан 88-94 г. d11.5h412mm.,77641258,77641258,950277/KIL65004,KEMP
Пружина задня VW Passat В4 Variant/sedan 91-97г.,77642438,77642438,3A9511105,KEMP
Пружина задня VW Transporter 92-04г.,77642265,77642265,4295020,KEMP
Пружина задня VW Transporter 92-04г.18*245,4295019,77642266,,KEMP
Пружина задня VW Transporter T5 (прог.завивка)с утонченням  d14*20h285mm.,77642429,77642429,950714/7H5511115Q,KEMP
Пружина задня VW Transporter T5 20*252mm,77644225,77644225,4295050/7H5511115,KEMP
Пружина задня VW Transporter T5 20*252mm (2 сорт),429 50 50,77644276,,KEMP
Пружина задня VW Transporter T5 посилена 22*248mm.,77644224,77644224,4295060/7H5511115,KEMP
Пружина задня VW Transporter T5(прог.завивка)з утонченням  d14*20h260mm.,77647686,77647686,950712,KEMP
Пружина задня посилена Mercedes (W124) 2.0-3.0 85-95г.,77641251,77641251,KF319411,KEMP
Пружина задня посилена Mercedes (W124) 2.0-3.0 85-95р.,KF319 411,77648283,124 324 1204,KEMP
Пружина задняя  BMW E36,101210,77642342,,KEMP
Пружина задняя  BMW E46 Touring (универсал),70888,77642405,33531096187,KEMP
Пружина задняя Audi 80/90 1.8-2.0 86-91г.,420 42 07,77648262,893 511 115 A,KEMP
Пружина задняя Audi A4 94-00,950 232,77648263,8D0511115S,KEMP
Пружина задняя Audi A6 94-97г.Avant  14*341mm,77646175,77646175,4204213/4A9511115AA,KEMP
Пружина задняя Chevrolet Epica  06->,421 42 10,77648264,96639761,KEMP
Пружина задняя Chevrolet Evanda 96-> D12H380,96499053,77642411,,KEMP
Пружина задняя Chevrolet Lacetti универсал 05->Daewoo Nubira vagon,77647663,77647663,4214206,KEMP
Пружина задняя Chevrolet Lacetti универсал 05->Daewoo Nubira vagon,421 42 06,77648265,96407219,KEMP
Пружина задняя DACIA LOGAN 07->,421 70 00,77648266,6001547971,KEMP
Пружина задняя DACIA LOGAN MCV Renault logan 07->универсал,77647670,77647670,4217002,KEMP
Пружина задняя DACIA LOGAN MCV Renault logan 07->универсал,421 70 02,77648267,4247013/6001550900,KEMP
Пружина задняя Daewoo Lanos Opel Kadet,77642978,77642978,96226988,KEMP
Пружина задняя Daewoo Matiz.,77642414,77642414,872510/96323314,KEMP
Пружина задняя Daewoo Nubira  97->г.,77642417,77642417,4217703/47022 /96250065,KEMP
Пружина задняя Daewoo Nubira Vagon 97->г.,872512,77642418,96290477,KEMP
Пружина задняя Fiat Scudo Peugeot Expert Citroen Jumpy 96-06,4226115,77648268,1477217080,KEMP
Пружина задняя Ford Sierra Combi  16*315mm (переменный диаметр прута),504 058,77648271,6138374,KEMP
Пружина задняя MB VITO 14->(447),4473240904,7764,4256911,KEMP
Пружина задняя Opel  VIVARO Renault Trafic 01->;06-> (прог.завивка)с утоншением,426 34 63,77647941,,KEMP
Пружина задняя Opel  VIVARO Renault Trafic 01->;06-> 18*300 (с переменной жост.),77644219,77648242C,4263462,KEMP
Пружина задняя Opel  VIVARO Renault Trafic 01->;06-> 9.8/17/9.8*310 с утоншением,77644220,77644220,4263463,KEMP
Пружина задняя Opel  VIVARO Renault Trafic 01->;06->(с переменной жосткостю),77644219,77648242,4263462,KEMP
Пружина задняя Opel  VIVARO Renault Trafic 01->;06->(с переменной жосткостю),426 34 62,77647940,,KEMP
Пружина задняя Opel  VIVARO Renault Trafic 01->;06->9.5/17/9.5*315)с утоншением,77644220,77648241,4263463,KEMP
Пружина задняя Opel Astra F Kadett E караван d15h265mm.,774 454,77647942,90 372 598,KEMP
Пружина задняя Opel Astra G универсал,774 291 00,77648272,,KEMP
Пружина задняя Opel Astra G универсал (прог.завивка),77647659,77647659,4263466,KEMP
Пружина задняя Opel Astra G универсал (прог.завивка),77642349,77642349,77429100,KEMP
Пружина задняя Opel Astra G универсал (прог.завивка),426 34 66,77648273,90576170,KEMP
"Пружина задняя Opel Astra G универсал 1,7TD-2.2DTI  11.7*300mm",774 292 00,77648274,90576169,KEMP
Пружина задняя Opel Astra H 04-> 12*290,426 34 55,77647943,,KEMP
Пружина задняя Opel COMBO 01->,77647682,77647682,4263456,KEMP
Пружина задняя Opel COMBO 01->,426 34 56,77648275,93170489,KEMP
Пружина задняя Opel Omega A B car.с постоянным диам.,77642354,77642354,77433500,KEMP
Пружина задняя Opel Omega A B car.с постоянным диам. 16.2*280mm,77642268,77642268,4263431,KEMP
Пружина задняя Opel Omega A сед.16*275mm,77642089,77642089,77433700,KEMP
Пружина задняя Opel Vectra A 88-95г.  13.5*230mm,424 345,77648276,,KEMP
Пружина задняя Opel Vectra C,426 34 60,77648277,424070,KEMP
Пружина задняя Renault Trafic Opel  VIVARO  01->;06-> (прог.завивка)с утоншением,426 34 63,77644406,,KEMP
Пружина задняя Renault Trafic Opel  VIVARO 01->;06->(с переменной жосткостю),426 34 62,77644405,,KEMP
Пружина задняя Skoda Fabia 99->,428 57 07,77648278,6Q0511115K,KEMP
Пружина задняя Skoda Octavia   96->  11.4*350mm,77642374,77642374,950717/1J0511115BR,KEMP
Пружина задняя Skoda Octavia   96->  11.4*350mm,950 717,77647944,1J0511115BR,KEMP
Пружина задняя Skoda Octavia  98->VW Golf 4 Bora 98-06.  11.3*357mm.,77642436,77642436,950678,KEMP
Пружина задняя Skoda Octavia  98->VW Golf 4 Bora Toledo 2,1J0511115AK,77642427,77642427,KEMP
Пружина задняя Skoda Octavia (A5) 04-> 11.2*350,77644222,77644222,4285718,KEMP
Пружина задняя Skoda Octavia (A5) 04-> 12*330,428 57 18,77647945,,KEMP
Пружина задняя Skoda Octavia (A5) Combi 04->,428 57 19,77648280,1K0511115BG,KEMP
Пружина задняя Skoda Octavia Combi  98->Roomster 06->,4285712,77642261,,KEMP
Пружина задняя VW Passat  B4variant 92-96г. .,950 294,77647946,,KEMP
Пружина задняя VW Passat B5 Variant,429 50 37,77648281,4B0511115C,KEMP
"Пружина задняя VW Passat B6 1,9TDI 2.0TFSI сед  12.5*353mm.",429 50 74,77647948,3C0511115AC,KEMP
Пружина задняя VW Passat В2 80-88  variant,95063800,77648261,331511115F,KEMP
Пружина задняя VW Passat В3 B4variant 88-96г. .,429 50 11,77647949,,KEMP
Пружина задняя VW Passat В3 variant 88-94 г. d13h388mm.,77646023,77646023,95027800/333511105,KEMP
Пружина задняя VW Passat В3 variant 88-94 г. усиленная  d14h365mm.,77641259,77641259,950290/KIL65200,KEMP
Пружина задняя VW Transporter 92-04  (прог.завивка)с утоншением 10*20*280,KF950 672,77647951,,KEMP
Пружина задняя VW Transporter 92-04  (прог.завивка)с утоншением 10*20*280,7764861,7764861,KF950672,KEMP
Пружина задняя VW Transporter 92-04 18*245*5.25,701511105,77642428,950 672,KEMP
Пружина задняя VW Transporter 92-04 18*260,7764862,7764862,95067300/701511105M,KEMP
Пружина задняя VW Transporter 92-04 18*260,950 673 00,77647950,701511105M,KEMP
Пружина задняя VW Transporter T5 (прог.завивка)с утоншением  d14*20h285mm.,950 714,77647953,7H5511115Q,KEMP
Пружина задняя VW Transporter T5 усиленная 22*248mm.,429 50 60,77647952,7H5511115,KEMP
Пружина задняя VW Transporter T5(прог.завивка)с утоншением  d14*20h260mm.,950 712,77648282,7H5511115F,KEMP
"Пружина коромысла ремня,MB  OM 601- 603",60-107-002,77645126,6069930510,KEMP
Пружина передня Audi 100 2.0-2.3 90-94г.,77646018,77646018,950741/4A0411105,KEMP
Пружина передня Audi 100 2.0-2.3 90-94г.,4A0411105,77642430,4004222/4004256,KEMP
Пружина передня Audi 100 2.0-2.4 D TD 82-91г. 14.5*425mm,77643985,77643985,950741,KEMP
Пружина передня Audi 80/90 1.8-2.3 86-91г. 12.7*360mm.,77642362,77642362,950260/893411105B,KEMP
Пружина передня Audi 80/90 82-91 VW Pasat B2 ->86 13*366mm,4004211,77643984,811411105,KEMP
Пружина передня Audi A6 2.0TDI 2.4 3.2FSI  14.8*341mm,4004267,77642437,4004265/4F0411105CD,KEMP
Пружина передня BMW E39 528-540 d14.2h340mm.,101524,77642082,,KEMP
Пружина передня Chery Amulet,A112902011,77642422,,KEMP
Пружина передня Chevrolet Aveo 02->,870520,77641841,96535004,KEMP
Пружина передня Chevrolet Aveo 02->,77642412,77642412,4017710/96535004,KEMP
Пружина передня Chevrolet Epica  06->,77647666,77647666,4014213,KEMP
Пружина передня Chevrolet Lacetti 05->,77642433,77642433,4014202,KEMP
Пружина передня Citroen Berlingo Peugeot Partner 96-> 1.4-1.9D 13.6*361 5витків,87136100,77642376,5002N2,KEMP
"Пружина передня Citroen Berlingo Peugeot Partner 98->1.8D-2.0HDI7витків 12,5mm",77642245,77642245,4015611,KEMP
Пружина передня Citroen Berlingo Peugeot Partner 98->1.8D-2.0HDI7витків13*475mm,77642369,77642369,500279/870421,KEMP
Пружина передня Daewoo Espero  97->г.,77642270,77642270,4017700,KEMP
Пружина передня Daewoo Espero 1.5-2.0 97->г.,77642409,77642409,872502/96187433,KEMP
"Пружина передня Daewoo Lanos 1,5-1,6 16V 97->г.",77642370,77642370,96257711/870506,KEMP
"Пружина передня Daewoo Lanos 1,5-1,6 16V 97->г.",77642246,77642246,4017706,KEMP
"Пружина передня Daewoo Matiz.0,8-1,0",77642415,77642415,4017708/47056/96342022,KEMP
Пружина передня Daewoo Nexia,77647639,77647639,96187434/4017700,KEMP
Пружина передня Daewoo Nubira  97->г.,77642416,77642416,4017703/04,KEMP
Пружина передня Fiat Ducato Boxer 06->,77647671,77647671,4026196/50706261,KEMP
Пружина передня Fiat Ducato Boxer 1.9-2.5 94-02г. h435mm*d18.1mm,77642372,77642372,871128/5002J6,KEMP
Пружина передня Ford Escort <-90 1.3-1.8 D/TD,77642248,77642248,50406700,KEMP
Пружина передня Ford Escort <-90 1.6-1.8 D/TD  11.2*375mm.,77644275,77644275,4027512,KEMP
Пружина передня Ford Focus 98-04,77647678,77647678,4027569,KEMP
Пружина передня Ford Mondeo 1 93-96г.,77647684,77647684,4027530,KEMP
Пружина передня Ford Mondeo 3 00-07г.,77647661,77647661,402 75 79,KEMP
"Пружина передня Ford Scorpio 2,0 DOHC 85->",77641120,77641120,504044,KEMP
"Пружина передня Ford Sierra 1,6-2.0  85-> d10.8*402",77642378,77642378,504045,KEMP
"Пружина передня Ford Sierra 1,6-2.0 85 -- d11h400mm.",77641119,77641119,504082,KEMP
"Пружина передня Ford Sierra 2,3D 85->13mm",77642092,77642092,85BB5310JA,KEMP
Пружина передня Ford Sierra 2.0  85->,77642250,77642250,4027526,KEMP
Пружина передня Ford Sierra 2.9i  85-> d12mm,77642377,77642377,50408200,KEMP
"Пружина передня Ford Transit 2,0 2001-> 17*355mm.",77644157,77644157,4027582,KEMP
"Пружина передня Ford Transit 2,4 2001->  18*365mm",77644156,77644156,4027584/YC155310FC,KEMP
Пружина передня Ford Transit 92-> Т 12 d20h280mm.,4027567,77645829,50390400,KEMP
Пружина передня Ford Transit 92-> Т 12-T15  d21.5h280mm.,77641910,77641910,503905,KEMP
Пружина передня Ford Transit Connect DI 2002->,2T145310DD,77644471,4401620,KEMP
Пружина передня Ford Transit Connect TDCI 2002->,2T145310ED,77644470,4027618,KEMP
"Пружина передня Mercedes (W124) 2,0-2,3 85-93р.14.5*435mm.",77642083,77642083,319402,KEMP
Пружина передня Mercedes VITO (638) 96-03г.  16*357mm.,319501,77646022,6383210404,KEMP
Пружина передня Mercedes VITO (638) 96-03г. 15.5*363,77644215,77644215,4056832,KEMP
Пружина передня Mercedes VITO VIANO CDI 06->(639),77644214,77644214,4056848,KEMP
"Пружина передня Mercedes W210 С202 2,0-2,3",77644213,77644213,4056823,KEMP
Пружина передня Opel Astra G 12.8*330mm.,77642088,77642088,774267,KEMP
Пружина передня Opel Astra G Vectra B 2.0-2.2 TDI  12.8*330mm,77644218,77644218,4063453,KEMP
Пружина передня Opel Astra G12.5*340,77642432,77642432,4063458,KEMP
Пружина передня Opel Astra H 04->,77647674,77647674,4063479,KEMP
Пружина передня Opel Kadet E 84-91,77647638,77647638,4063411,KEMP
Пружина передня Opel Omega A 1.8-2.4 L,774460 L,77642359,,KEMP
Пружина передня Opel Omega A 1.8-2.4 R,77642360,77642360,774461R,KEMP
Пружина передня Opel Omega A 2.3 D/TD 2.4-3.0i,77647676,77647676,77446200,KEMP
"Пружина передня Opel Omega B 2,0",77644217,77644217,4063442,KEMP
"Пружина передня Opel Omega B 2,0 d14h365mm.",77642347,77642347,774287,KEMP
"Пружина передня Opel Omega B 2,0 R 94-99г.",77642345,77642345,77428200 R,KEMP
Пружина передня Opel Omega B 2.2-2.6 L,77642348,77642348,77428800,KEMP
Пружина передня Opel Omega B 2.2-2.6 R,77642353,77642353,77430600,KEMP
"Пружина передня Opel Vectra A 88-95г.1,7D-2.0",77642357,77642357,77444400,KEMP
Пружина передня Opel Vectra B Zafira 2.0DTI-2.6V6 96-03г.,77642346,77642346,774284,KEMP
Пружина передня Opel Vectra C 03->,77647667,77647667,4063491,KEMP
"Пружина передня Renault Kangoo 1,9D 98> d13h370mm.",77641252,77641252,KIL22005,KEMP
Пружина передня Renault Kangoo 1.4-1.5 DCI 12.5*361,87128900,77642258,4072940,KEMP
Пружина передня Renault Kangoo 1.6 16V 1.9D,77642257,77642257,87130300/4072941,KEMP
Пружина передня Skoda Octavia 1.8-2.0  04-> (A5),77644221,77644221,4085711,KEMP
Пружина передня Skoda Octavia 1.8T 1.9TDI 96-> 12.5*330mm.,4082925,77642373,1J0411105BG,KEMP
Пружина передня VW Golf 2 Jetta 2 1.6-1.8 84-92г.,77642361,77642361,95020000,KEMP
Пружина передня VW Golf Plus  Golf5 Touran,77642421,77642421,950129,KEMP
Пружина передня VW Golf Plus  Golf5 Touran Passat  1.4 EcoFuel,77647673,77647673,4095068,KEMP
Пружина передня VW Jetta 3 1.9TDI-2.0FSI,77642424,77642424,4095079,KEMP
Пружина передня VW Passat B3 88-92г.1.9-2.0 Посилена  d13*355mm,77642983,77642983,950280,KEMP
Пружина передня VW Passat B3 88-92г.1.9-2.0d  12.8*355mm,77642263,77642263,4095021,KEMP
Пружина передня VW Passat B3 88-92г.1.9-2.0d 12.3*385mm,950 280,77641253,,KEMP
Пружина передня VW Passat B3 B4 92-96р. d12.5h372mm.,77645832,77645832,950289,KEMP
Пружина передня VW Passat B3 B4 92-96р.13*340mm,77645831,77645831,357411105AB/4095026,KEMP
"Пружина передня VW Passat B5 d14,8h353mm.",4095056,77642078,8D0411105AT,KEMP
Пружина передня VW Passat B5 d14h353mm.,77647658,77647658,950701,KEMP
Пружина передня VW Passat B6 2.0TFSI,77642425,77642425,4095084,KEMP
Пружина передняя Audi 80/90 1.8-2.3 86-91г. 12.7*360mm.,950 260,77647954,893411105B,KEMP
Пружина передняя Chevrolet Epica  06->,401 42 13,77648284,96639715,KEMP
Пружина передняя Chevrolet Lacetti 05->,401 42 02,77648285,47044/96407751,KEMP
Пружина передняя DACIA LOGAN 04->,77647664,77647664,401 70 00,KEMP
Пружина передняя DACIA LOGAN 04->,4017000,77648286,6001547496,KEMP
Пружина передняя Daewoo Espero 1.5-2.0 97->г.,872 502,77647955,96187433,KEMP
Пружина передняя Daewoo Nubira  97->г.,401 77 03/04,77648287,96300059,KEMP
Пружина передняя Fiat Ducato Boxer 06->,402 61 96,77648288,50706261,KEMP
Пружина передняя Ford Escort 91-95г.,77644212,77644212,4027516,KEMP
Пружина передняя Ford Focus 98-04,402 75 69,77648289,K+F 504063,KEMP
Пружина передняя Ford Mondeo 1 93-96г.,402 75 30,77648290,k+F504105,KEMP
Пружина передняя Ford Mondeo 3 00-07г.,4027579,77648291,1136501,KEMP
"Пружина передняя Ford Transit 2,0 2001-> 17*355mm.",402 75 82,77648292,4095117,KEMP
"Пружина передняя Ford Transit 2,0 2006-> 17.5*349mm",77645834,77645834,4027630/6C115310HE,KEMP
"Пружина передняя MB (W124) 2,6-3,2 85-93г. d15h448mm.",77641249,77641249,319401/1243212004,KEMP
Пружина передняя MB VITO (638) 96-03г.,77647956,77647956,4056832,KEMP
Пружина передняя MB VITO VIANO CDI 06->(639),405 68 48,77647957,,KEMP
Пружина передняя MB W210 240-430 96-02г.  14.3*395mm.,77642075,77642075,4056839/319544,KEMP
Пружина передняя Opel Astra G,406 34 58,77647958,4063458,KEMP
Пружина передняя Opel Astra G  12.3*340mm.,774 267,77647959,,KEMP
Пружина передняя Opel Astra H 04->,406 34 79,77648294,93179669,KEMP
Пружина передняя Opel Omega A 2.3 D/TD 2.4-3.0i,774 462 00,77648295,4063440,KEMP
"Пружина передняя Opel Omega B 2,0 L  14.3*380",77642086,77642086,77428700 L,KEMP
Пружина передняя Opel Vectra B Zafira 2.0DTI-2.6V6 96-03г.,77 4284,77648296,312061,KEMP
Пружина передняя Opel Vectra C 03->,406 34 91,77648297,93171980,KEMP
Пружина передняя Skoda Fabia 1.2-1.4 16V 99-> 11.5*380mm.,77642259,77642259,4082927/4085707,KEMP
Пружина передняя Skoda Fabia 1.2-1.4 16V 99-> 11.5*380mm.,408 29 27,77647960,4085707,KEMP
Пружина передняя Skoda Fabia 1.4-1.9 TDI Skoda Roomster,77647675,77647675,4085709,KEMP
Пружина передняя Skoda Fabia 1.4-1.9 TDI Skoda Roomster,408 57 09,77648299,6Q0411105AK,KEMP
Пружина передняя Skoda Octavia 1.8-2.0  04-> (A5),408 57 11,77647961,,KEMP
Пружина передняя Skoda Octavia 1.8T 1.9TDI 96->  12.5*360mm.,77642260,77642260,4085706,KEMP
Пружина передняя Skoda Octavia 1.8T 1.9TDI 96->  12.5*360mm.,408 57 06,77647962,,KEMP
Пружина передняя VW Caddy 3 1.4-1.6  13.5*385mm.,77642423,77642423,4095074,KEMP
Пружина передняя VW Caddy 3 1.4-1.6  13.5*385mm.,409 50 74,77648300,1K0411105EG/EH,KEMP
Пружина передняя VW Golf 2 Jetta 2 1.6-1.8 84-92г.,950 200 00,77648301,191411105,KEMP
Пружина передняя VW Golf Plus  Golf5 Touran,950 129,77647963,1K0411105BH,KEMP
Пружина передняя VW Golf Plus  Golf5 Touran Passat  1.4 EcoFuel,409 50 68,77648302,1K0411105BP,KEMP
Пружина передняя VW Jetta 3 1.9TDI-2.0FSI,409 50 79,77648303,1K0411105AQ,KEMP
Пружина передняя VW Passat B3 88-92г.1.9-2.0 Усиленная  d13*355mm,950 280,77648304,,KEMP
Пружина передняя VW Passat B3 B4 92-96г. d12.5h372mm.,950 289,77648305,357411105P,KEMP
Пружина передняя VW Passat B3 B4 92-96г. d12.9h370mm.,77642090,77642090,950287/357411105N,KEMP
Пружина передняя VW Passat B3 B4 92-96г. d12.9h370mm.,950 287,77647964,357411105N,KEMP
Пружина передняя VW Passat B3 B4 92-96г.14*340mm,409 50 26,77647965,357411105AB,KEMP
Пружина передняя VW Passat B5 1.9-2.0TDI 2.3VR 2.8V6  14*357mm.,77642420,77642420,4004237/8D0411105BM,KEMP
Пружина передняя VW Passat B5 1.9-2.0TDI 2.3VR 2.8V6  14*357mm.,400 42 37,77647966,8D0411105BM,KEMP
Пружина передняя VW Passat B5 d14h353mm.,950 701,77648306,8D0411105AP,KEMP
Пружина передняя VW Passat B6 2.0TFSI,409 50 84,77648307,3C0411105C,KEMP
"Пружинка колодок (антидрижання )VW/Audi W Passat,Golf -88",191615270A,7764728,,KEMP
Пружинки задніх гальмівних колодок Ford Escort ->90г.(к-кт),6088222,77645146,819331,KEMP
Пружинки задніх гальмівних колодок Ford Sierra (к-кт),6104204,77645147,818339,KEMP
Пружинки задніх гальмівних колодок Ford Transit V184 (к-кт зад.привід),YC152A225AB,77644478,,KEMP
Пружинки колодок стояночного гальма Mercedes Sprinnter Crafter комплект,4068,77643195,,KEMP
Пружинки колодок стояночного гальма Mercedes Sprinnter VW LT 28-46 комплект,LY1258,77643193,CR 774,KEMP
Пружинки колодок стояночного гальма Mercedes Vito MB W201 W124 W210 комплект,1987475077,77643194,40622000,KEMP
"Пыльник амортизатора, передний мостCitroen C3/C-Elysee / Peugeot 207/208/301/100",2650044,,525448,KEMP
Пыльник полуоси Ford Sierra 1.6-2.0,7764237,7764237,500128 ERT,KEMP
Пыльник рулевой рейки Daewoo Lanos (мех) пластик,26021070,77643558,,KEMP
Пыльник рулевой рейки Daewoo Lanos (мех) резина,26021070,77643570,,KEMP
Пыльник рулевой тяги пластиковыйMercedes Benz Vito,4658,,6394600096,KEMP
Пыльник ШРУСа  внутрений MB Vito CDI,17127,77644124,0003302085,KEMP
Пыльник ШРУСа  наружный MB Vito CDI,14071,77643508,,KEMP
Пыльник ШРУСа  наружный MB Vito TDI,14089,77643510,,KEMP
Пыльник шруса Ford Scorpio (комплект),26104,77644150,195970301,KEMP
Пыльник шруса наружный Master/Movano 98> (30x144x101),01.0115,,7701472975,KEMP
Пыльник шруса наружныйDucato/Jumper/Boxer 06> (31x105x136),501 0103,,1607740980,KEMP
Пыльник шруса наружныйFiat Scudo/Peugeot Expert 96> (29x95x83),501 0100,,3293.00,KEMP
Пыльник шруса наружныйRenault Trafic 01> (27x89x125),501 0114,,7701473176,KEMP
Пыльник шруса наружныйScudo/Jumpy/Expert 99> (29x97x112),501 0101,,3293.06,KEMP
Пыльник+отбойник задней.стойки Ford Fiesta Fusion 2001->,900064,77644155,,KEMP
Пыльник+отбойник пер.стойки Ford Focus 2 2004-> C  MAX,1446481,77644154,,KEMP
Пыльники направляющих суппорта 2 шт. Mercedes Benz Sprinter,4228,,0004200076,KEMP
Радиатор  Chery Tiggo 2.0 2.4,T111301110,77646644,,KEMP
Радиатор  Ford Escape 2020->,2514166,77646380,LX618005CG,KEMP
Радиатор  Ford Escape MK3 13- 1.6T 2.5  плоские соты,CV6Z8005B,77648693,CU13313,KEMP
Радиатор  HYUNDAI SONATA 2014 АКПП 635*477,675049,77640869,25310C1000,KEMP
Радиатор  Opel Corsa C. Combo 1.4-1.8 00г.->540*350 АКП.,1300239,77642227,63018,KEMP
"Радиатор  Opel Kadet 88-91 1,4i-1.6i 525*320 АКП",1300100,77642038,63282,KEMP
"Радиатор  Аudi-100 91-92 2,8 АКПП 632*412",4A0121251H,7764800,60480,KEMP
"Радиатор  Аudi-80  91-94 1.9 TDI 2,0 596*358 AC+",8A0121251,77645182,60465A,KEMP
Радиатор  интеркулер PEUGEOT BOXER (UG) 2.2 16- 735 x 112 x 80 mm,1382428080,77641293,961479,KEMP
Радиатор Audi- A6  2.5TDI 97-05г.630*450 мех.. круглие соты,4B0121251,77646764,60422A,KEMP
Радиатор Audi- A6  2.5TDI 97-05г.630*450*26 АКП. плоские соты,4B0121251A,77642042,60423A/4B0121251A *26,KEMP
Радиатор BMW E30 316. 318 87-91 E36 316. 91-93 АКПП АС- 380*330,17129779,7764866,60731А,KEMP
Радиатор BMW E30 316-318 88-91 E34 518-525 89-95 E36 316-318 91-98мех АС-440*440,1728907,7764396,,KEMP
Радиатор BMW E30 316i-318i 87-91 AKП АС+ плоские соты 440*440,1719136,77642101,60613A,KEMP
Радиатор BMW E30 316i-318i 87-91E34 520-525 24V АКП АС- плоские соты 440*330,1712979,77642102,,KEMP
Радиатор BMW E30 320-325 83-91 АКП АС- плоские соты 440*330,1719355,77642100,60796A,KEMP
Радиатор BMW E30 324TD 85-91 E36 320-325 93-99г.АКП. 550*430,1728908,7764991,,KEMP
Радиатор BMW E34 520. 525 24V 89-95 мех АС+ 520*440,1723516,7764627,60615A,KEMP
Радиатор BMW E34 520-525 88-95 E39 520. 523. 528. 95-00  520*440,1427153,7764875,60607A,KEMP
Радиатор BMW E34 520-525 89-95 E39 520-528 95-03 АКПП АС+ 520*440,1723527,7764552,60709A,KEMP
Радиатор BMW E34 520-525 89-95 E39 520-528 95-03 АКПП АС+ 520*440 плоские соты,1719309,77642104,60709A,KEMP
Радиатор BMW E34 520-525 89-95 E39 520-528 95-03 мех АС+ 520*440 плоские соты,1737757,77642103,,KEMP
Радиатор BMW E39 525TDS 96-03 E38 725TDS96-01 650*440 AKП,2246012,7764982,60603A,KEMP
Радиатор BMW E53 X5 3.0 d 3.0 i 4.4 i 00->АКП 590*595,17101439103,77642279,,KEMP
Радиатор BMW E53 X5 3.0 d 4.4I 4.6-4.8 is 03-> АКП 590*597*40,17101439101,77642280,,KEMP
Радиатор BMWE34 518-525 88-95 E36 320-328 91-97 мех АС-440*328 пл.соты,1712994,77642111,1712994,KEMP
Радиатор Chevrolet Tacuma АКП 370*702 00->плоские соты,96271475,77642285,61665,KEMP
Радиатор Dacia Logan Renault Clio Kangoo 1-21.9 430*349,7700838134,77645221,63937A,KEMP
Радиатор Daewoo Lanos 1.5 АКПП 635*382,96182260,7764942,616551,KEMP
Радиатор Fiat Doblo 1.2-1.6. 01->,46749000,77645089,61769,KEMP
Радиатор Fiat Doblo 1.4-1.6. 1.9D01-> 650*400,46803035,7764987,61766,KEMP
"Радиатор Ford Escort 92-00 1,4-2,0 525*359",6912233,77645200,62217A,KEMP
Радиатор Ford Fiesta Fusion 1.25-1.6 01->499*349,1325831,77646742,62028A,KEMP
"Радиатор Ford Transit 85-91 2.0,2.5 мех 600*329",86VB8005CB,7764883,62367A,KEMP
"Радиатор Ford Transit 94-00 2,5 Di мех 600*335",7138207,77645231,62177A/94VB8005HA,KEMP
Радиатор Hyundai Accent 05-10 370 x 648 x 16 mm,67509,77640679,25310-1E000,KEMP
"Радиатор HYUNDAI H-1 CARGO, H-1 TRAVEL 2.5D 02.08-",67472,77643576,253104H500,KEMP
Радиатор INFINITI	Q50 (13-)  Q60 (16-) Q70 (13-) 615 x 439 x 34 mm плоские соты,606515,77641523,214604GD0A,KEMP
Радиатор Iveco 35-10 TI 642*488,93824070,77642,61972,KEMP
Радиатор MAZDA CX-7 (ER) (07-) 2.3 i TURBO 452*758  плоские соты,68524,77648617,L33L-15-200,KEMP
Радиатор Mercedes  207-409 мех 86-89 475*518*35,6015007803,77645230,62635,KEMP
Радиатор Mercedes  209-410 мех 82-95 480*500,6015003403,7764990,,KEMP
"Радиатор Mercedes  W124,201 2,0 84-93 механ AC-  295*340",201 500 7603,7764913,62551,KEMP
"Радиатор Mercedes  W124,201 2,0 84-93 механ AC-  295*340 (пл.соты)",2015007603,77648723,62551,KEMP
Радиатор Mercedes Vito (638) мех КПП 569*558,6385011601,77648052,62678,KEMP
Радиатор Mercedes Vito (638) мех КПП CDI 569*558,6385013001,77648244,62562,KEMP
Радиатор Mercedes Vito Viano (639) мех.КПП,6395011101,77648687,62572,KEMP
"Радиатор Mitsubishi Grandis (2004 -  2,0 DI",68186,77640709,4220008442,KEMP
Радиатор Mitsubishi Lancer X ASX Outlander 07-> 700*414  плоские соты,628952,77648613,1350A297,KEMP
"Радиатор MITSUBISHI OUTLANDER (12-) 2,0- 2.4 i 400*686 плоские соты",1350B523,77649118,,KEMP
Радиатор Opel Meriva 1.7 DTI 03->,1300254,77643039,63087A,KEMP
Радиатор Opel Omega A 1.8-2.0 86-94г. АКПП 400*495 с заливной горловиной,1300130,77645234,63041,KEMP
"Радиатор Opel Omega B 2,0 95-00 мех.КПП AC- 532*377",52463043,77646575,63071,KEMP
"Радиатор Opel Omega B 2,0-3,0 95-00 мех 653*460*34 плоские соты",52464745,77643382,63076,KEMP
"Радиатор Opel Vectra 2,0  АКПП  540*375",1300090,7764213,63055,KEMP
Радиатор Peugeot 206/307  Citroen 96> 540*380,133038,77648649,63502,KEMP
Радиатор Peugeot 806 Expert Fiat Scudo  Citroen Jumpy 1.9D-2.0HDI  98->670*446,1301Y7,77645220,61875A,KEMP
Радиатор Peugeot 807 Expert Fiat Scudo  Citroen Jumpy 1.6-2.0HDI  06-> (пл.соты),1330Q7,77645842,63621A/14004743,KEMP
"Радиатор Peugeot Boxer, Fiat Ducato, Citroen Jumper AC+1000*414",1301N6,77646577,61393,KEMP
Радиатор Renault 9-11 1.6D 82-88г. 400*396,7700765602,77642238,639711/7701406496,KEMP
Радиатор Renault Kangoo 01-> Dacia Logan 1.5dCI05-> 480*402,8200033831,77643025,63809,KEMP
Радиатор Renault Kangoo 08-> 1.5dCI AC+/-,8200418327,77645100,637628/8200418328,KEMP
Радиатор Renault Megane Scenic 1.6-2.0  96->г.570*349,7700838135,77647528,639391,KEMP
Радиатор Skoda Favorit. Felicia.1.3 90-98г.490*285,115610500,7764983,64011,KEMP
Радиатор SUZUKI GRAND VITARA 05-11 450 x 698,64199,77643114,1770065J30,KEMP
Радиатор Toyota LAND CRUISER PRADO J150 (09-) 4.0 i 575*652 плоские соты,646825,77648615,16400-31710,KEMP
Радиатор TOYOTA PRIUS PLUS  16- 675 x 370 mm,606543,77647392,1640037310,KEMP
Радиатор TOYOTA PRIUS PLUS  16- 675 x 376 mm,606394,77646545,164000T370,KEMP
Радиатор TOYOTA PRIUS PLUS 1.8H 11-основной,1640037260,77649121,646842,KEMP
Радиатор VW Audi 10-> 2.5 3.6 USA,5K0121253F,77641391,65307,KEMP
"Радиатор VW CADDY 2,  POLO,, SEAT1.4-1.6.16V,525*322",6K0121253K,77645930,639951,KEMP
Радиатор VW Golf 2 1.8 G60 Corado 1.8-2.0 16V 88-95г.675*320,535121253B,77642231,65288/535121251,KEMP
Радиатор VW Jetta 4  Passat B7 2010г.-> плоские соты,5C0121251K,77648734,65336,KEMP
Радиатор VW Jetta 4 USA 2016г.->,5C0121251L,77648695,,KEMP
Радиатор VW Passat B2  80-88 1.8ac+(c кондиционером) 700*300,321121253BL,7764803,651911,KEMP
"Радиатор VW Passat B3 88-93  1,9 Dizel/2,0 632*322",353121253E,7764380,65159,KEMP
"Радиатор VW Passat B7 USA 3,6  плоские соты",5C0121253F,77648696,77648696,KEMP
Радиатор VWPolo Lupo 1.0-1.6 94-00 430*377,6N0121253K,77645227,65234A,KEMP
Радиатор АКПП коробки автомат VW AUDI  18->,5QF317019A,77648935,,KEMP
Радиатор алюм Lada 2106 450*335,2106-1301012,7764628,,KEMP
Радиатор алюм Lada 2107 451*333,2107-1301010,7764629,2107-1301012-10/,KEMP
Радиатор алюм Lada 2109 475*343,21081301012,7764630,2109,KEMP
Радиатор доп охлаждения FORD FOCUS 1.5 ECOBLUE,JX61-8D048-BC,77647370,607327,KEMP
Радиатор доп. охл. двиг. Ford Focus 3 Kuga 1.5 Ecobust 13->665 x 142 x 56 mm пло,606032,77640941,1862383,KEMP
Радиатор интеркулер  Opel Corsa D 1.3 CDTI (OM DTS) 06->,6302080,77648678,96464,KEMP
Радиатор интеркулер  VW  Passat B7 2.0 USA,3AA145805B,77646783,,KEMP
Радиатор интеркулер MB Sprinter 906 (OM ) VW Crafter 2.0 TDI 06->640*205,96628,77641917,9065010301,KEMP
"Радиатор интеркулер Peugeot Bipper, Fiat Fiorino, Citroen Nemo 1.3 1.4 HDI 09->",0384L7,77648669,96536,KEMP
Радиатор кондиционера   Seat Toledo 1 93-> (без осушителя),1L0820413B,77647458,ST5026,KEMP
Радиатор кондиционера  Audi  A6 A7  11г.->650*325,8K0260401AA,77647489,940 042 DCN02021,KEMP
Радиатор кондиционера Chery Amulet AC+,A11-8105110,77647459,A15-8105110,KEMP
Радиатор кондиционера MB C-Class W203 CDTI 630*356,2035001654,77648247,94857,KEMP
Радиатор кондиционера MB Vaneo 02-05  540*380,4145000054,77647498,94613,KEMP
Радиатор кондиционера Mitsubishi Grandis (NAW)  04->,940401,77645855,MB958112,KEMP
Радиатор кондиционера Opel Vivaro Renault Trafic 2.0 06-> 610*435*16(без осушите,4417652,77645308,940109,KEMP
Радиатор кондиционера Renault Kangoo 08->  Mercedes Citan 12->605*355(без осушит,8200455795,77646214,940184,KEMP
Радиатор кондиционера Renault Kangoo Nissan Kubistar 01-> 550*380,8200221131,7764 8495,94657,KEMP
Радиатор кондиционера Renault Megane3 Scenic3 Fluence 08-> 650*350,921000005R,77648512,940195,KEMP
Радиатор кондиционера VW LT28-46 2.5TDI 96-> 610*377,2D0820413A,77647509,94258,KEMP
Радиатор кондиционера VW Passat B7 до 2015г USA,561820411,77648712,77648712,KEMP
Радиатор кондиционера VW Sharan Galaxi Alhambra  600*371,7M0820413E,77647486,94251,KEMP
"Радиатор Оpel Astra  F 1,4 16V 1.7D 535*375",1300134,77645138,63059,KEMP
"Радиатор Оpel Astra G 98-10 1,2 (1.2-1.6 Укр. сборки)600*377 AC+ конд. АКП",9119481,77642005,,KEMP
Радиатор печки  Opel Astra G Zafira 210*180*32 (пластик),1618142,77643285,77643285,KEMP
Радиатор печки Chery Amulet,A11-8107023,77641799,,KEMP
Радиатор печки Skoda VW Cadi3 Tiguan Touran SuperB Passat CC 180*187 03->,1K0819031B,77646221,70228,KEMP
Радиатор печки алюм Lada 2109-08,71942/2109,7764816,2109 печка,KEMP
"Радиатор печки алюм Lada 2126 (ИЖ Ода,Орбита)",2126-8101060,7764832,2126 печка,KEMP
Радиатор печки алюм ВАЗ 2105,21058101060,7764659,2105 печка,KEMP
Радіатор  AUDI A4(B9)A5 F5 2.0 TDI 2.0TFSI,8W0121251AK,7764326,606573,KEMP
Радіатор  AUDI A4(B9)A5 F5 2.0 TDI 2.0TFSI плоскі соти,8W0121251AK,77646705,606573,KEMP
Радіатор  AUDI Q7 2.9-5.5  TOUAREG 17-,8W0121251AB,77648921,606578,КЕМР
Радіатор  Audi-100 86-91  1.8  4цил 600*307 AC+,443121251T,77642803,AI2091,KEMP
Радіатор  Chery Tiggo1.6 1.8 плоскі соти,T111301110BA,77649115,,KEMP
Радіатор  FORD FUSION/MONDEO/S-MAX/GALAXY 2013-  (плоскі соти),620156,77649120,DG938005EB,KEMP
Радіатор  Ford TRANSIT/TOURNEO CONNECT (CHC) (13-)1.6 EcoBoost,66864,77648812,CV618005DE,KEMP
Радіатор  HYUNDAI Elantra 2000 (375 x 660 x 15 mm)  плоскі соти,67493,77641477,253102D510,KEMP
Радіатор  HYUNDAI SONATA 98-05 KIA Optima  01-05,67027,77647648,2531038055,KEMP
Радіатор  INFINITI  FX 02-> 452 x 736mm плоскі соти,68119,77648810,21460CM80B,KEMP
Радіатор  Lexus GX 09-20 (650 x 632 x 26 mm)  плоскі соти,646818,77640070,1640038251,KEMP
Радіатор  Lexus RX  (09-15) 450 x 7670 x 16 mm плоскі соти,646836,77648820,160410P260,KEMP
Радіатор  Lexus RX IV (15-) 500 x 760 x 27 mm плоскі соти,606544,77648815,1640031890,KEMP
Радіатор  Mitsubishi Pajero (K90) (1996 - 2009) плоскі соти,68154,77640864,MR239626,KEMP
Радіатор  Opel Adam Corsa D 1.2-1.4   10-> AC+/- 540*375,1300312,77646573,630743,KEMP
"Радіатор  Opel Ascona C 1,3-1.8 530*415",1302192,77645232,63170,KEMP
"Радіатор  Opel Ascona C 1,3-1.8 АКП 530*415",1302194,77645238,77645238,KEMP
Радіатор  Opel Combo 1.4 Corsa BTigra 1.2-1.6-  93-00г. 530*285мех.,1300149,77645133,63285A,KEMP
Радіатор  Opel Combo 1.4 Corsa BTigra 1.4-1.6 16V 93-00г. 680*278 АКП.,1300153,77642232,63292A,KEMP
Радіатор  Opel Combo 1.4 Corsa BTigra 1.4-1.6- 16V 93-00г. 680*278 мех.,1300152,77642233,63254A,KEMP
Радіатор  Opel Combo 1.7D Corsa B1.5-1.7D/TD  93-00г. 650*268мех.,90410049,77647527,63286A,KEMP
Радіатор  Opel Combo Tigra 1.3-1.7CDTI 16V 03г.->600*350 AC+,1300259,77642225,63094,KEMP
Радіатор  Opel Corsa B 1.0-1.2- 16V 96-00г.530*268 мех.,90531547,77647520,63290,KEMP
"Радіатор  Opel Corsa C 1,8, 1,7 d  Combo 1.7DTI 00-    600*368",1300233,7764813,63009A,KEMP
Радіатор  Opel Corsa C 1.0-1.4  Combo 1.4 16V 1.6 00-    538*368,1300236,77646571,63007,KEMP
Радіатор  Opel Corsa C. Combo 1.4-1.8 00г.->540*358,1300237,77642226,63008,KEMP
Радіатор  Opel Corsa D 1.0-1.4   06-> 540*375,1300279,77646572,61918,KEMP
Радіатор  Opel Corsa D 1.0-1.4   12-> 622*416,1300337,77646598,630755,KEMP
"Радіатор  Opel Kadet 1,3 530*285",1302026,77641,632381,KEMP
"Радіатор  Opel Kadet 1,5 TDS1.7 D TD 530*350",1300103,77642222,63278A,KEMP
Радіатор  Opel Kadet 1.6-1.7D 520*370,1300124,77642224,90442621,KEMP
Радіатор  Opel Kadet 1.6-1.7D 520*370,1300050,77645135,63058A,KEMP
Радіатор  Opel Kadet 1.6-1.8-2.0 630*320,1302029,7764127,63274,KEMP
Радіатор  Opel Kadet 1.6-1.8-2.0 АКП 630*320,1302030,77646748,63275,KEMP
"Радіатор  Opel Kadet 88-91 1,3-1,4i-1.6i 525*320",1300099,7764481,63050A,KEMP
Радіатор  Opel Movano Renault Master 2  1.9-2.2 DTI 730*420 AC- мех.00->,4403216,77645223,63812A/7701049664,KEMP
Радіатор  Opel Vectra C Signum FiatCcroma 1.9 CDTI 04-> АКПП 650*399,1300412,77640206,63113A,KEMP
Радіатор  Opel Vectra C Signum FiatCcroma 1.9 CDTI 04-> мех кпп 650*399,1300273,77648929,61914A,KEMP
Радіатор  Toyota Camry (V40) (2006 - 2011) 400 x 752 x 16 mm  плоскі соти,646844,77641460,1640028630,KEMP
Радіатор  VW Touareg 3.0-3.6 10->,7P0121253A,77642468,65297,KEMP
Радіатор  VW Tuareg 2.5 TDI 710*549 (плоскі соти),7L6121253,77646462,65275A,KEMP
Радіатор  Аudi-100 82-90  1.8  4цил 660*270,443121253C,7764181,60420,KEMP
Радіатор  Аudi-100 83-91  5-ти циліндр турбо/AC+  617*310,443121251K,77648,604781,KEMP
"Радіатор  Аudi-100 84-91  5 цил. 1,9-2,4 570*310",431121251K,7764389,604551,KEMP
"Радіатор  Аudi-100 91-92 2,8 механіка 632*412",4A0121251G,7764753,60458,KEMP
"Радіатор  Аudi-100,A6 91-97  2,0-2,5 АКПП 632*412",4A0121251C,7764177,60477,KEMP
"Радіатор  Аudi-100,A6 91-97  2,0-2,5 механика 632*412",4A0121251D,7764148,60457A,KEMP
"Радіатор  Аudi-100,A6 92 -94 2,6-2,8 АКПП 632*412",4A0121251K,7764193,60476,KEMP
"Радіатор  Аudi-100,A6 92-94 2,6-2,8 механіка 632*412",4A0121251Q,7764182,60459,KEMP
"Радіатор  Аudi-80  86-94  1,6-2.0 590*310",893121253A,77649,604361,KEMP
"Радіатор  Аudi-80  87-91 1,6 430*322",893121253,7764387,604611,KEMP
"Радіатор  Аudi-80  91-94 1,8-2,0 600*308",893121251,7764388,60487,KEMP
"Радіатор  Аudi-80  91-94 1.9 TDI 2,0 596*358 АКП",8A0121251A,77643018,60448A,KEMP
"Радіатор  Аudi-80  91-94 1.9 TDI 2,0 620*322",893121251H,77645951,60488,KEMP
"Радіатор  Аudi-90,80 AC-88-98 2,3 477*377",855121251F,77643477,604411,KEMP
Радіатор  Радіатор Ford Fusion mk5 13- 1.5T 1.6T 2.0Т  (плоські соти),DG9Z8005K,77648529,620152,KEMP
Радіатор ACURA MDX (03-) 502*768 плоскі соти,69476,77646906,6947619010RYEA51,KEMP
Радіатор ACURA MDX (YD2) 06-13,19010RYEA52,77648995,77648995,KEMP
Радіатор Audi A1 VWPolo1.2-1.6 Skoda Fabia 1.2-1.6TDI 2010-> 650*340*25,6R0121253A,77646184,640012,KEMP
Радіатор Audi A1 VWPolo1.2-1.6 Skoda Fabia 1.2-1.6TDI 2010-> 650*340*32,6R0121253,77645151,640012,KEMP
"Радіатор Audi A3 VWGolf7 Skoda Oktavia 1.2-1,4TFSi1.6-2,0TDI 2012->плос.соти",5Q0121251EN,77648657,65341,KEMP
Радіатор Audi A3 VWGolf7 Skoda Oktavia 1.2TFSi1.6TDI 2012->,5Q0121251EB,77645846,65317,KEMP
Радіатор Audi A3 VWGolf7 Skoda Oktavia 1.6TDI 2012-> (плоскі соти),5Q0121251EC,77648653,64106,KEMP
"Радіатор Audi A3 VWGolf7Pass. Skoda Oktavia 1,8-2,0TFSi 2012->(круг.соти)",5Q0121251GN,77645130,65302,KEMP
"Радіатор Audi A3 VWGolf7Pass. Skoda Oktavia 1,8-2,0TFSi 2012->(плоск.соти)",5Q0121251GN,77648658,65302,KEMP
"Радіатор Audi- A4  Seat Exeo 1,6, 1.9TDI 1.8T 2.0FSI 632*414 мех 02->г.",8E0121251,77645184,60304A,KEMP
Радіатор Audi- A4 1.6 1.8T 2.0FSI 00->г.630*412 плоскі стільники,8E0121251A,77642046,60304A,KEMP
Радіатор Audi- A4 1.9TDI 1.8T 2.0FSI 02->г.Seat Exeo 632*399 АКПП,8E0121251L,77645183,60305A,KEMP
Радіатор Audi- A4 2.5TDI 00-06р.630*412*32 АКП. плоскі соти,8E0121251K,77642134,60303A,KEMP
Радіатор Audi- A4 2.6-2.8 97-00 мех.AC+/AC-,8D0121251D,77647524,60496A,KEMP
Радіатор Audi A4 A5 A6 2.7-3.0 TDi 2.8-3.0 TFSi  07-- (плоскі соти),8K0121251H,77648843,60317,КЕМР
"Радіатор Audi- A4 A5 Q5 Q7 1,4TFSI/2,0TFSI/2,0TDI 15-> плоскі соти",8W0121251L,77648684,606573/8MK 376 990-031,KEMP
"Радіатор Audi- A4, A6 3.0 00г.->3.2 FSI 630*445*32 (круглі соти)",8E0121251C,77646741,60306A,KEMP
"Радіатор Audi- A4, A6 3.0 00г.->3.2 FSI 630*445*32 (круглі соти)несоотв.пос.раз",1334085,77647405,8E0121251C/60306A,KEMP
"Радіатор Audi- A4, A6 3.0 00г.->3.2 FSI АКП 630*445*32 (2 сорт кріплення тр.кпп)",1334084,77647473,8E0121251M/60307A,KEMP
"Радіатор Audi- A4, A6 3.0 00г.->3.2 FSI АКП 630*445*32(круглі соти)",8E0121251M,77646767,60307A,KEMP
"Радіатор Audi- A4, A6 3.0 00р.->3.2 FSI 630*445*32 (плоскі соти)",8E0121251C,77642133,60306A,KEMP
"Радіатор Audi- A4, A6 VW Passat B5 2.4 2.5 Tdi 00-05 632*399",4B0121251AF,77645950,60228A,KEMP
"Радіатор Audi- A4,2,4 00->г АКП 630*400 (круглі соти)",8E0121251P,77646768,60300A,KEMP
"Радіатор Audi- A4,A5 A6 1.8-2.0 08г.-> 720*469*26 (круглі соти)",8K0121251L,77648725,60323,KEMP
"Радіатор Audi- A4,A5 A6 1.8-2.0 08г.-> 720*469*26 (плоскі соти)",8K0121251R,77648645,60323,KEMP
"Радіатор Audi- A4,A5 Q5 12г.->720 x 470 x 32 mm плоскі соти",8K0121251Q,77648813,60318,KEMP
Радіатор Audi- A6  2.0 TDI 04-11г.->677*439 АКП  AC+,4F0121251R,77645186,60237,KEMP
Радіатор Audi- A6  2.0 TDI/TFSI  05г.->675*445,4F0121251Q,77643016,60235A,KEMP
Радіатор Audi- A6  2.0 TFSI 2.4-3.2  05г.->675*445,4F0121251L,77643017,60234A,KEMP
Радіатор Audi- A6  2.0 TFSI 2.4-3.2  05г.->677*439  АКП AC+,4F0121251M,77645187,60236,KEMP
Радіатор Audi- A6  2.5TDI 97-05г.630*450 АКП. круглі соти,4B0121251N,77646763,60423A,KEMP
Радіатор Audi- A6  2.7-3.0 TDI  05г.->675*445 плоскі стільники,4F0121251P,77648732,60233A,KEMP
Радіатор Audi- A6  2.7T 97-05г.631*440  АКП плоскі стільники,4B0121251AE,77642041,NIS 60316,KEMP
Радіатор Audi- A6 2.5TDI 97-05р.630*450* 26 Мех. плоскі соти,4B0121251,77642098,60422A/4B0121251 *26,KEMP
Радіатор Audi- A6 2.5TDI 97-05р.630*450* 32 Мех. плоскі соти,4B0121251,77642109,60422A/4B0121251 *32,KEMP
Радіатор Audi- A6 2.5TDI 97-05р.630*450*32 АКП. плоскі соти,4B0121251A,77642108,60423A/4B0121251A *32,KEMP
Радіатор Audi A6 2.7-3.0 TDI 05г.->675*445 (круглі соти),4F0121251P,77642045,60233A,KEMP
Радіатор Audi Q5 (8RB) (2008 - 2020) (плоскі соти),8R0121251A,77648844,60324,KEMP
Радіатор Audi Q7 Porsc Cayenne VW Tuareg 710*549  (плоскі соти),7L0121253,77646461,65276A,KEMP
Радіатор Audi-80 91-96 2.6-2.8 AC+/- 596*409,8A0121251B,77648662,60467A,KEMP
Радіатор Audi-A4 A5 A6 Q5 1.8- 2.0 TFSI./TDI 08г.->720*469 АКП(плоскі соти),8K0121251T,77645188,60321,KEMP
Радіатор BMW E30 320-325 85-91 мех АС+ плоскі соти 440*440,1719259,7764865,60635A,KEMP
Радіатор BMW E30 324TD 325 85-91 E32 730V8 E34 530V8 92- пл.соти мех - 550*440,1719260,7764868,,KEMP
Радіатор BMW E53 X5 3.0 D 590*597 03->мех,17111439102,77642278,60819,KEMP
"Радіатор Chevrolet Aveo 1,2-1,4 480*410 плоскі соти",96443475,77642106,61636,KEMP
"Радіатор Chevrolet Aveo 1,2-1,6  480*410",96816481,77643032,61636,KEMP
Радіатор Chevrolet Aveo 1.4 16V 480*415 АКП плоскі соти,96536524,77642105,61635,KEMP
Радіатор Chevrolet Aveo 1.6  600*430 AKП,96536527 круг,77643284,61637/96536526 круг,KEMP
Радіатор Chevrolet Aveo 1.6  600*430 мех.,96536525,77643283,61645,KEMP
Радіатор Chevrolet Aveo 1.6 600*430 АКП плоскі стільники,P96536526 плоск,77641747,61637,KEMP
Радіатор Chevrolet Aveo T255 08-> 600*415,96860968,77645134,61628,KEMP
Радіатор Chevrolet Aveo T300 11->TRAX (13-) OPEL MOKKA (13-) мех КПП АС+(пл.сот),95460095,7764495,61697,KEMP
Радіатор Chevrolet Aveo T300 АКП АС+ 550*414 плоскі соти,95460092,77646463,61696,KEMP
Радіатор Chevrolet Aveo T300 АКПП АС+,95460096,7764496,630778,KEMP
Радіатор Chevrolet Aveo T300 АКПП АС+/- 11-> 620 x 395 x 27 mm плоскі соти,606427,77648841,95316049,KEMP
Радіатор Chevrolet Aveo T300 мех КПП АС+ 550*414 плоскі соти,95460091,77646559,61678,KEMP
Радіатор Chevrolet CRUZE мех.КПП  09->,13267651,77646751,616903,KEMP
Радіатор Chevrolet Epica 2.0 мех. 700*374,96887352,77645946,61629,KEMP
Радіатор Chevrolet Evanda 2.0 мех. 700*374,96278701,77642287,61638,KEMP
Радіатор Chevrolet Evanda АКП 720*390,96278702,77642286,61639,KEMP
Радіатор Chevrolet Laceti АКП 370*700 04->круглі соти,96553243 круг,77643034,61634,KEMP
Радіатор Chevrolet Laceti АКП 370*700 04->плоскі соти,96553243 плоск,77642283,,KEMP
Радіатор Chevrolet Laceti мех.КПП 370*700 04->круглі соти,96553378 круг,77643035,61633,KEMP
Радіатор Chevrolet Laceti мех.КПП 370*700 04->плоскі соти,96553378 плоск,77642284,,KEMP
Радіатор Chevrolet Volt Opel Ampera 11>675 x 418 x 16 mm плоскі соти,630766,77640431,20842016,KEMP
Радіатор Dacia Daster 1.5DCI 2010-> (плоскі соти),8200880550,77646460,637614,KEMP
Радіатор Dacia Daster 1.5DCI 2010-> круглі,8200880550,77645097,637614,KEMP
Радіатор Dacia Daster Logan Sandero 06->585*406,8200735039,77645934,637612,KEMP
Радіатор Dacia Daster Logan Sandero 1.4-1.6 04->477*406,8200735038,77648664,637609,KEMP
Радіатор Dacia Daster Logan Sandero 2013->510*408,214100078R,77645153,637624,KEMP
Радіатор Dacia Logan 06-> Sondero 08-> 1.5DCI,8200582026,77645096,637613/21410-0598R,KEMP
Радіатор Dacia Logan 1.5DCI 05-> Renault Megane 1.6 1.9 99-03  585*415,8200189288,77645222,63766,KEMP
Радіатор Daewoo ESPERO 1.5-2.0 95-99  635*382,96143947,77647981,61656,KEMP
"Радіатор Daewoo Lanos 1,3-1,6 мех АС+ 635*382 круглі соти",96182261 круг,7764880,61654,KEMP
"Радіатор Daewoo Lanos, Nubira 1,5-1,6 505*382 (без кондиціонера)",P96351263,7764772,61644,KEMP
"Радіатор Daewoo Lanos,1,3-1,6 мех АС+ 635*382 плоскі стільники",96182261 плоск,7764957,,KEMP
Радіатор Daewoo Matiz 0.8 -1.0 458*295,96322941,77643033,61646,KEMP
Радіатор Daewoo Matiz 0.8 458*295,96314162,77642221,61653,KEMP
Радіатор Daewoo Matiz 0.8 458*295 АКП  плоскі соти,96325520,77642281,61663,KEMP
Радіатор Daewoo Matiz 0.8 458*295 мех.98->,96325776,77642282,77642282,KEMP
Радіатор Daewoo Nexia 1.5  635*382,96144847,77641856,61651/96144850,KEMP
Радіатор Daewoo Nexia 1.5  635*382 АКП,96144570,7764453,616521,KEMP
"Радіатор Daewoo Nubira 97-00 Leganza 97-02 АКПП 1,6 АС+- 655*382",96273594,7764943,61667,KEMP
"Радіатор Daewoo Nubira 97-99 АКП 1,6-2,0 654*380",96351931,77648055,616591,KEMP
"Радіатор Daewoo Nubira 97-99 мех 1,6-2,0 655*382",96181369,7764878,61658,KEMP
"Радіатор Daewoo Nubira 99-00 мех 1,6-2,0  Leganza 97-02 655*382",96273596,7764881,61666,KEMP
Радіатор Daewoo Sens 480*340,2301130101220,7764769,7764769,KEMP
Радіатор DODGE JOURNEY (07-)638*458 плоскі соти,61027,77643559,68038238AA,KEMP
"Радіатор Ducato (250) 2.3JTD PSA Boxer 3 , Jumper 3 2014-> 2 сорт розмір",1382419080,77642751,606554,KEMP
Радіатор EGR Renault Master3 Opel Movano B 2.3CDTI 10->710*120mm(пл.соти),2147000Q0A,77645850,630794,KEMP
Радіатор Fiat Doblo 1.3 Multijet 2010->(плоскі соти),51812209,77645841,617854,KEMP
Радіатор Fiat Doblo 1.3D-JTD  1.9D-JTD 01-> 700*306,46807378,77645191,61765,KEMP
Радіатор Fiat Doblo 1.4 10->OPEL COMBO 540*416,630753,77641110,1300330,KEMP
Радіатор Fiat Doblo 1.9D-JTD 01-> 650*415,46803039,7764986,61767,KEMP
Радіатор Fiat Doblo Bravo2 1.6D-2.0D Multijet 08->,55703927,77645954,61916,KEMP
Радіатор Fiat Ducato 2.0D 11-> 780*376,1367533080,77646587,77646587,KEMP
Радіатор Fiat Ducato 3.0D 09-> 780*378,1362917080,77646588,617879,KEMP
Радіатор Fiat Qubo  Peugeot Bipper  Citroen Nemo 1.3D. HDI 10->,51780659,77645193,,KEMP
Радіатор Fiat Qubo  Peugeot Bipper  Citroen Nemo 1.4. HDI 10-> AC+630*325,1330Y1,77646085,FT2380,KEMP
Радіатор Fiat Qubo  Peugeot Bipper  Citroen Nemo 1.4. HDI 10->630*325,1330V0,77645945,636004,KEMP
Радіатор Fiat Qubo  Peugeot Bipper  Citroen Nemo 1.4.08-> 540*360 AC+/-,1330T8,77646568,636005,KEMP
Радіатор Fiat Scudo Peugeot 806 Expert Citroen Jumpy 1.9D-2.0HDI  98->670*446,1475844080,77645192,61875A,KEMP
Радіатор Ford  Mondeo 2.0-2.2TDCi 00-07-> 621*389,2S718005AC,77645210,62023A,KEMP
Радіатор Ford  Mondeo 2.0-TDCi 00-07-> 621*389,1114766,77648808,77648808/62025A,KEMP
Радіатор Ford Edge 16- 2.0T плоські соти,F2GZ-8005-B,77648491,77648491,KEMP
Радіатор Ford Edge 16- 3.5,F2GZ8005C,77647478,,KEMP
"Радіатор Ford Escort 86-90 1,4-2,0 600*300",6184413,77645205,62154,KEMP
"Радіатор Ford Escort 91-00 1,3 500*318",91AB8005AF,77645943,62163,KEMP
Радіатор Ford Escort 91-00 1.8D/TD 525*359,92AB8005BB,77646569,62164A,KEMP
"Радіатор Ford Escort 92-00 1,4-2,0 525*380 плоскі соти",94AT8005BA,7764664,62047,KEMP
"Радіатор Ford Escort 94-95 1,4 500*320",92AB8005CB,7764808,62162/93AT8005AA,KEMP
Радіатор Ford Explorer 5  3.5 12->730 x 479 x 27 mm,EB5Z8005E,77646061,606536,KEMP
Радіатор Ford Explorer 5 2.0-3.5 12->730 x 480 x 27 mm,EB5Z8005G,77648924,606508,KEMP
Радіатор Ford Fiesta  B-Max 08->350 x 563 x 23 mm,69235,77642547,1548603,KEMP
"Радіатор Ford Fiesta 01-09 Ford Fusion02-12  Mazda 2 03-07 (1,25-1,6)",62028А,77641535,1141490,KEMP
Радіатор Ford Fiesta 08->350*563,1540332,77641744,69234,KEMP
Радіатор Ford Fiesta 1.0-1.3 95-02 500*360,1001856,77645131,62086,KEMP
Радіатор Ford Fiesta 1.8 D TD  DI 96->500*363,96FB8005HE,77645944,62055,KEMP
Радіатор Ford Fiesta 89-95 1.1-1.3  500*315,89FB8005AE,77646570,62121A,KEMP
Радіатор Ford Fiesta B-Max 08-> 352 x 544 x 24 mm,66859,77643792,AE818005AB,KEMP
Радіатор Ford Fiesta Fusion 1.6 TDCI 04->593*379,1334250,77648659,69223,KEMP
Радіатор Ford Focus 1.4-1.6 04-> 449*376  АКП  AC- плоскі соти,1305491,77645209,62112,KEMP
Радіатор Ford Focus 1.4-1.8 16V 98-04 449*349  AC-,98AB8005JB,77645198,62074,KEMP
Радіатор Ford Focus 1.4-1.8 16V 98-04 600*358  AC+,98AB8005DD,77645197,62075A,KEMP
Радіатор Ford Focus 1.6TDCI 11->(плоскі соти),1703514,77648660,69238/NRF58284,KEMP
Радіатор Ford Focus 1.8DI/TDI 2.016V 00- 596*379  AC+/-,98AB8005MF,77646769,62073A,KEMP
Радіатор Ford Focus 3 C Max 1.6-2.0 11->670*346,BV61-8005-AD,77642750,69237,KEMP
Радіатор Ford Focus C Max 1.6-2.0 04->670*378 плоскі соти,1318177,77645208,62017A,KEMP
Радіатор Ford Focus C Max 1.6-2.0TDCI 04->670*378*26,1230987,77648533,62017,KEMP
Радіатор Ford Focus mk3 11-14 2.0,CV6Z8005A,77648707,,KEMP
Радіатор Ford Focus mk3 15-18 1.0T,CV6Z-8005-W,77648489,701675,KEMP
Радіатор Ford Focus Mondeo 2.0 TDCi 07-> 670*449 АКП,1377541,77645203,65615A,KEMP
Радіатор Ford Focus Mondeo 2.0 TDCi 07-> 670*454 мех.,1461068,77645204,66857,KEMP
Радіатор Ford KA 96-08 382*365,1056616,77642800,62083A,KEMP
Радіатор Ford Mondeo  93-00 1.6-2.0 610*377,93BB8005ED,77645199,62104A,KEMP
Радіатор Ford Mondeo  93-00 1.6-2.0 620*395,93BB8005AD,77642799,62056A,KEMP
Радіатор Ford Mondeo  93-00 1.8TD 2.0 16V2.5 24V 616*389,93BB8005CD,77645212,69251,KEMP
Радіатор Ford Mondeo  93-00 1.8TD 2.0 16V2.5 24V 616*418,1024051,77645213,62056A,KEMP
Радіатор Ford Mondeo 00 1.8- 2.0 16V АКП 00-07 620*405,1S7H8005AA,77646770,620411,KEMP
"Радіатор Ford Scorpio 1:2 86-98 M/T мех.-2,0 DОНС 2.3-2.9 V6 600*390",86GB8005AC,77648487,62228,KEMP
"Радіатор Ford Scorpio 1:2 86-98 АКПП-2,0 DОНС 2.3-2.9 V6 600*390",6184417,77648486,62229,KEMP
"Радіатор Ford Scorpio 85-91 1,8-2,0 ОНС 600*390",6148834,7764773,62213,KEMP
Радіатор Ford Sierra 87-90 OHC 1.8-2.0 602*368,1652510,7764147,62224,KEMP
Радіатор Ford Sierra 87-93  1.6-1.8 CVH 2.0 DOHC  600*370,6186886,77648485,62206,KEMP
Радіатор Ford Sierra 87-93 2.0 DOHC 1.6-1.8 CVH 600*370,6165438,77648685,62218,KEMP
"Радіатор Ford Transit 00-05 2,0 DI TDCI мех 770*389",1C1H8005FD,77645195,62046A,KEMP
"Радіатор Ford Transit 00-06 2,4 DI TDCI мех 620*389 AC-",YC1H8005BD,77645211,62044A,KEMP
"Радіатор Ford Transit 00-06 2,4 DI TDCI мех 770*389",1103119,77645207,62043A/1671798,KEMP
Радіатор Ford Transit 06->2.2-2.4 TDCI мех 770*358 AC+,1373156,77645201,69226/6C118005CB,KEMP
Радіатор Ford Transit 06-09  2.2-2.4 TDCI мех 672*358 AC-,1370865,77645202,69225,KEMP
Радіатор Ford Transit 06-09 2.2-2.4 TDCI мех 695*480 AC+,1494933,77648717,69240,KEMP
Радіатор Ford Transit 12-20 2.2 TDCI 765*480,BK21800SCC,77648716,66861,KEMP
"Радіатор Ford Transit 86-94 2.0-2,5 мех 600*329",92VB8005ED,7764884,62177,KEMP
"Радіатор Ford Transit 94-00 2,5 Di мех 600*329",7242486,77645206,62241/7045715,KEMP
"Радіатор Ford Transit 94-00 2,5 TD мех 600*362",7045714,77645194,62081A,KEMP
"Радіатор Ford Transit 94-00 2.0-2,5 мех 703*360",1112703,7764994,62057A,KEMP
Радіатор Ford Transit Connect 02-> 1.8 16V DI TDCI мех 620*388 AC- плоскі соти,2T148005AD,77646185,62156A,KEMP
Радіатор Ford Transit Connect 02-> 1.8 16V DI TDCI мех 703*388 AC+(75лс.),4367092,77648655,62021A,KEMP
Радіатор Ford Transit Connect 02-> 1.8 16V DI TDCI мех 703*388 AC+(90:110 лс.),1365996,77645196,62015A,KEMP
Радіатор GEELY CK/MK /MK2 /GC6 (1.5L) (плоскі соти),1602041180,7764727,TS63004,KEMP
Радіатор Honda Accord 08-12 400 x 766 x 16 mm плоскі соти,68138,77648997,19010R40A51,KEMP
Радіатор Honda Accord 08-12 400 x 766 x 16 mm плоскі соти (only USA),68096,77640504,190105J0A01,KEMP
Радіатор Honda Civic VIII FD1 05- 375 x 678 x 26 mm плоскі соти,68143,77640840,19010RNCT01,KEMP
Радіатор Honda CR-V RE 06- 400 x 727 x 26 mm плоскі соти,681372,77640110,19010RZA901,KEMP
Радіатор Honda Jazz GD 02->,68111,77640136,19010PWA901,KEMP
Радіатор Honda Pilot (2009 - 2015) Acura MDX 3.7i 07-08 плоскі соти 768*555,68151,77644400,19010RN0R02,KEMP
Радіатор HONDA	 ACCORD IX (13-)HYBRID  401 x 738 x 16 mm плоскі соти,190105K0A01,77640916,681376,KEMP
"Радіатор HONDA	CIVIC V (EG, EH, EJ) (91-) седан  CIVIC VI (EJ, EK, EM) (95- хэтч",63310A,77640180,19010P01003,KEMP
Радіатор HYUNDAI Elantra 2013 АКПП плоскі соти,253103X600,77648699,606476,KEMP
Радіатор HYUNDAI Elantra 2013 мех плоскі соти,253103X011,77649002,67555,KEMP
Радіатор HYUNDAI Elantra 2016 плоскі соти АКПП,25310F2100,77648698,636727,KEMP
"Радіатор Hyundai Elantra 90-93 1,5-1.8 377*654",25310-28200,7764882,67012,KEMP
Радіатор Hyundai Getz 02-11 (372 x 495 x 19 mm) плоскі соти,67496,77641479,253101C150,KEMP
Радіатор Hyundai I10 PA 08-> 348 x 442 x 21 mm плоскі соти,67098,77640529,253100X070,KEMP
Радіатор Hyundai IX35 09-20 KIA Sportage 09-15 485 x 468 x 16 mm 1.7-2.0 CRDi пл,675019,77648829,253102Y000,KEMP
Радіатор Hyundai IX35 09-20 KIA Sportage 09-15 485 x 468 x 16 mm 1.7-2.0 CRDi пл,66763,77641112,25310A4520,KEMP
Радіатор Hyundai IX35 09-20 KIA Sportage 09-15 485 x 468 АКП 1.7-2.0 CRDi пл,67516,77640870,253102S010,KEMP
Радіатор Hyundai IX35 09-20 KIA Sportage 09-15 640 x 482 x 15 mm пл.соти,67514,77640238,253102S550,KEMP
Радіатор HYUNDAI SANTA FE (DM) (12-) 2.0 CRDi 510 x 480 x 25 mm плоскі соти,675046,77648814,253102B950,KEMP
Радіатор HYUNDAI SANTA FE (DM) (12-) 2.4 i 16V плоскі соти,675068,77640655,253102W800,KEMP
Радіатор Hyundai Sonata 14-> 480 x 635 x 15 mm плоскі соти,675054,77640234,25310C1150,KEMP
Радіатор Hyundai Sonata 14-> АКПП 480 x 635 x 15 mm плоскі соти,675053,77648823,25310C1100,KEMP
Радіатор HYUNDAI SONATA 2016,25310C2000,77648697,675064 CU13457,KEMP
Радіатор HYUNDAI TUCSON  (JM) (04-) AT 640 x 458 x 16 mm плоские соты,67479,77648846,253102E101,KEMP
"Радіатор HYUNDAI TUCSON (TL) (15-) 1,6-2,0 RDI 485 x 467 x 26 mm плоскі соти",606606,77648822,25310D7100,KEMP
Радіатор HYUNDAI TUCSON (TL) (15-) 635*467 плоскі соти,606604,77642765,25310D7600,KEMP
"Радіатор HYUNDAI TUCSON (TL) (15-)KIA SPORTAGE IV (QL,QLE) (15-) USA пл. соти",666233,77649087,25310D3550,KEMP
"Радіатор HYUNDAI TUCSON (TL) (15-)KIA SPORTAGE IV (QL,QLE) (15-) плоскі соти",666232,77648817,25310D3500,KEMP
Радіатор Infiniti EX (J50) (2007 - 2020) 636 x 525 x 16 mm плоскі соти,681208,77640603,214601BB5A,KEMP
Радіатор Infiniti FX 02-08 450 x 728 x 26 mm плоскі соти,68118,77640850,21460CM81B,KEMP
Радіатор Iveco 625*440,93818439,77643,61975,KEMP
Радіатор Jeep CHEROKEE (KL) (13-)	3.2 i V6 674*440 плоскі соти,61040,77641225,68229290AA,KEMP
Радіатор Jeep Compas Patriot Dodge Kaliber 07->700*395 плоскі соти,61019,77648608,5191286AB,KEMP
"Радіатор JEEP GRAND CHEROKEE (WK2, W3) (10- )637*508 плоскі соти",61032,77648611,55038185AE,KEMP
Радіатор KIA Carens FG (06-) 640 x 490 x 18 mm плоскі стільники,66685,77641030,253101D170,KEMP
Радіатор KIA CEED 06-12 HYUNDA II30 07-12 600*455,66674,77648998,253102H000,KEMP
Радіатор KIA CEED 1.6CRDI (08-)450 x 438 x 18 mm HYUNDAI I30 плоскі стільники,675016,77644774,253102L660,KEMP
Радіатор KIA Forte Ceed Hyundai i30 Elantra АКПП 553*388 плоскі соти,675014,77643536,253103X100,KEMP
Радіатор Kia Optima 10->Hyundai Sonata 10->636*478 2.0 hybrid  плоскі соти,66780,77648825,253104R001,KEMP
Радіатор Kia Optima 10->Hyundai Sonata 10->636*478 АКПП плоскі соти,675012,77643473,253103S650,KEMP
Радіатор KIA Rio 00-> 350 x 645 x 16 mm плоскі соти,66665,77640848,25310FD010,KEMP
Радіатор KIA Rio 11->500*390 плоскі соти,66757,77642759,253101R050,KEMP
Радіатор KIA Rio 11->Hyundai I20 12-14 480 x 385 x 26 mm CRDi,67611,77648826,253101R300,KEMP
Радіатор KIA Sorento 06-> 470 x 638 mm  плоскі соти,66682,77648824,253103E730,KEMP
Радіатор KIA Sorento 14->670*484  плоскі соти,666225,7764853,25310C5600,KEMP
Радіатор KIA Soul 08-13) KIA Ceed (06-20 )Hyundai I30 (12- Hyundai Elantra 10-),67555,77642006,253103X011,KEMP
Радіатор Land Rover Range Rover05-13 Land Rover Discovery 09-20 плоскі соти,64320A,77640874,PCC500630,KEMP
Радіатор Lexus LS 00-> 424 x 755 x 26 mm плоскі стільники,64764,77643105,1640050231,KEMP
Радіатор Lexus LS 07-> 425 х 705 х 16  mm плоскі соти,646819,77640877,1640038192,KEMP
Радіатор MAZDA 6 (GH) (07- )  2.5 i 16V (плоскі соти),68509,77648845,L51015200C,KEMP
Радіатор Mazda3 14-17 USA BM 375 x 737 x 16 mm (плоські соти),PE2015200,77648500,68555,KEMP
Радіатор Mazda6 07-> 2.0 375 x 726 x 16 mm,LFCV15200,77648828,68508,KEMP
Радіатор Mazda6 13-17 2.0 2.5 плоскі соти,PE1115200B,77648709,68539,KEMP
Радіатор Mercedes  207-409 АКПП 86-89 473*530,6015005503,7764312,62632,KEMP
Радіатор Mercedes  207-409 мех 86-89 475*518,6015008403,7764918,62635,KEMP
"Радіатор Mercedes  W124,201 2,0 84-93 АКПП AC-  295*340 плоскі соти",2015004603,7764904,62550,KEMP
"Радіатор Mercedes  W124E 2,0-2.2 84-89 АКПП   485*490 плоскі соти",1245008703,7764911,62751A,KEMP
"Радіатор Mercedes  W124E 2,0-2.2 92-95 АКПП  490*490",1245006303,7764407,62763A,KEMP
"Радіатор Mercedes  W124E 2,0-3,0D 84-00 АКПП  530*490 плоскі соти",1245001003,7764406,62698A,KEMP
"Радіатор Mercedes  W124E 2,0D 84-92 530*370 (плоскі соти)",1245004903,7764919,62549/1245000403,KEMP
"Радіатор Mercedes  W124E 2,6-3,2 84-93 AC- 450*370",1245001503,7764912,62711,KEMP
"Радіатор Mercedes  W124E 2,6-3.2 АКП 84-95  530*490",1245002803,7764689,62683,KEMP
"Радіатор Mercedes  W124E 2,6-3.2 АКП 84-95  530*490  (плоскі соти)",1245009003,77648952,62683,KEMP
"Радіатор Mercedes  W201(190) АКПП 1,9-2,2D 82-93  575*368",2015004103,7764886,62670A,KEMP
Радіатор Mercedes  W204 W212 CDI 08->642*438 плоскі соти,2045001203,77642752,67162,KEMP
Радіатор Mercedes C W202 180-230 94-00 г.365*435,2025006103,7764989,70608A,KEMP
Радіатор Mercedes C W203 180-320 АКП 00-07 г.650*399(плоскі соти),2035001003,77646771,62786A,KEMP
Радіатор Mercedes E W210 220-320 95-02г.АКП 640*492 плоскі стільники,2105002903,7764988,62691A,KEMP
Радіатор Mercedes E W211 CLS(C219) 02-10  640*457 (механіка),2115000202,77646746,62797A,KEMP
Радіатор Mercedes E W211 CLS(C219) 2.2-3.5 02-08  640*473 АКП,2115000102,77646747,62792A,KEMP
Радіатор Mercedes S W220 280-350 АКП 98-05 г.640*470,2205001403,77646772,62774A,KEMP
Радіатор Mercedes S W220 320-600 АКП 99-05 г.640*470,2205000903,77646773,62547A,KEMP
Радіатор Mercedes Sprinter (906) VW  LT Crafter 30-50  2006->,9065000002,77645087,67156A,KEMP
Радіатор Mercedes Sprinter (906) VW LT Crafter 30-50 2006->,9065000402,77648715,67157A,KEMP
Радіатор Mercedes Sprinter 208-412 АКПП AC+97-06 680*408*42,9015003400,7764921,62686A,KEMP
Радіатор Mercedes Sprinter 208-412 мех 95-00 570*400*34,9015001800,7764915,62687,KEMP
Радіатор Mercedes Sprinter 208-412 мех 97-06 680*400*33,9015003100,7764109,62664A/62685,KEMP
Радіатор Mercedes Sprinter 208-412 мех AC+97-06 680*408*42,9015003300,7764920,,KEMP
Радіатор Mercedes Sprinter 208-416 CDI АКП 00-06г. 680*406*42,9015003800,7764993,62597A,KEMP
Радіатор Mercedes Sprinter 208-416 CDI мех 00-06г. 680*400*33,9015003600,77647477,D7M002TT/62519A,KEMP
Радіатор Mercedes Sprinter 208-416 CDI мех 00-06г. 680*400*33,9015003500,7764992,62519A,KEMP
Радіатор Mercedes Vito (638) АКП 569*558 1датчик,6385011901,77645947,62561A,KEMP
Радіатор Mercedes Vito (638) АКП 569*558 2датчика,6385012101,77647470,62561A,KEMP
Радіатор Mercedes Vito (638) мех КПП 569*558,6385012701,77645948,62559A,KEMP
Радіатор Mercedes Vito (638) мех КПП 570*555,6385013301,77646186,62573,KEMP
Радіатор Mercedes Vito Viano (639) АКПП (плоскі соти),6395010701,77645843,67174,KEMP
Радіатор Mercedes Vito Viano (639) мех.КПП (плоскі соти),6395011101,77646728,62572,KEMP
Радіатор Mercedes W123 мех КПП 415*495,1235015801,77645949,62710,KEMP
"Радіатор Mercedes W124E 2,0-2,3 84-92 АКПП 410*370",2015002903,7764480,62650,KEMP
Радіатор Mitsubishi  Outlander Lancer X CITROEN C4 AIRCROSS (12-) плоскі соти,67359,77648816,1350A294,KEMP
Радіатор MITSUBISHI ASX (GA0) (10-) CITROEN C4 AIRCROSS (12-) плоскі соти,636032,77640927,1611262980,KEMP
Радіатор Mitsubishi Colt 04-> SMART	FORFOUR (W454) (04-) 640 x 405 x 16 mm пл.со,68183,77643619,4545000703,KEMP
Радіатор Mitsubishi Grandis (NAW) (2004 - 2010) 425 x 728 x 16 mm плоскі соти,628975,7764709,MN171217,KEMP
Радіатор MITSUBISHI LANCER (CX0) (07-) АКПП 700 x 408 x 16 mm плоскі стільники,628979,77642050,1350A298,KEMP
Радіатор Mitsubishi Lancer 03-> 375 x 685 x 16 mm,MR968856,77648925,62894,KEMP
Радіатор Mitsubishi Montero Mitsubishi Pajero 00-06  500 x 688 x 26 mm пл. соти,628959,77641240,1350A302,KEMP
"Радіатор MITSUBISHI OUTLANDER (CU2, 5W) (03-) 425 x 688 x 26 mm плоскі соти",628964,77648811,MR993742,KEMP
"Радіатор MITSUBISHI OUTLANDER (CU2, 5W) (03-АКПП )425 x 688 x 27 mm плоскі соти",62893,77640433,1350A231,KEMP
"Радіатор MITSUBISHI OUTLANDER (GF0, GG0) (12-) 2,0- 2.4 i 400*686 плоскі соти",628967,77648619,1350A825,KEMP
Радіатор NISSAN ALMERA CLASSIC (N16) (06-) 385 x 688 x 16 mm плоскі соти,68736,77640478,2140095F0G,KEMP
Радіатор Nissan Juke Tiida Cube 10->380*598 плоскі соти,68741,77648610,21410-1FD0A,KEMP
Радіатор Nissan Leaf 10-> 636 x 322 x 16 mm  плоскі соти,68737,77640789,214103NA0A,KEMP
Радіатор Nissan Leaf 18->,21410-5SA0A,77649000,214105SH0A,KEMP
Радіатор Nissan Maxima (99-02) (00-06),68713,77640658,214602Y607,KEMP
Радіатор NISSAN MAXIMA QX (A32) (94-) 400 x 690 x 23 mm,67351A,77640510,21410OL715,KEMP
Радіатор Nissan Micra (02-10) Nissan Note (06-12) Renault Clio (05-20)  пл.соти,68700A,77640602,21460AX800,KEMP
Радіатор Nissan Murano 02-08 450 x 735 x 24 mm  плоскі соти,68712,77642151,21460CC00A,KEMP
"Радіатор Nissan Navara 2,5 DTi 05-  (600 x 687 x 36 mm) плоскі соти",68726,77641499,21410EB70A,KEMP
Радіатор Nissan Navara Nissan Pathfinder 05- (600 x 687 x 36 mm) плоскі соти,68717,77649003,21460EB30A,KEMP
Радіатор Nissan Patrol Y61 97->450 x 910 x 32 mm плоскі соти,62953A,77641449,21410VB200,KEMP
Радіатор Nissan Qashqai I (J11) (13-) 540 x 471 x 26 mm плоскі соти,21410BM90A,77648913,68786,KEMP
Радіатор Nissan Qashqai I (J11) (13-) RENAULT KADJAR (15-)1.2 DIG-TURBO пл.соти,637663,77648830,214104ED1A,KEMP
Радіатор Nissan Qashqai I J10 06- 590 x 433 x 27 mm плоскі стільники,67367,77642007,21400JD900,KEMP
Радіатор Nissan Qashqai I J10 1.5 dCi  06- 590 x 428 x 26 mm плоскі стільники,21400JD50A,77649037,67360,KEMP
Радіатор Nissan Qashqai I J10 2.0 dCi  06- 590 x 428 x 26 mm плоскі соти,21400BB40A,77648912,68811,KEMP
Радіатор Nissan Rogue  T33 2021- плоскі соти,214106RR0B,77647285,241106RR0A,KEMP
Радіатор Nissan Rogue 14- (плоскі соти),214604BA0A,77648708,77648708,KEMP
Радіатор Nissan Teana 08-> плоскі соти,68762A,77640849,21410ZN50A,KEMP
Радіатор NISSAN	X-TRAIL (T32) (14-),214104BB0B,77648909,68789,KEMP
Радіатор NISSAN	X-TRAIL (T32) 2.5АКП (14-),214604BC5A,77649119,606312,KEMP
Радіатор NISSAN: PATROL (Y62) (2010>) плоскі соти,214101LL0A,77640876,,KEMP
"Радіатор Opel Ascona C Kadet D 1,3- 530*285",1302189,77648648,632421,KEMP
Радіатор Opel Astra G 98-10 акп + кондиціонування 600*375,1300196,7764540,632461/1300214,KEMP
Радіатор Opel Astra J Zafira C  Cevrolet Cruz мех AC+/- 580*388 09-> плоскі стіл,630725,77647923,13267656,KEMP
Радіатор Opel Astra J Zafira C Cevrolet Cruz1.7-2.20 CDTI АКП AC+/- 680*388 09-,1300305,77647992,630723,KEMP
Радіатор Opel Astra K Zafira Cruze 15->680*306 плоскі соти,630797,77648605,39055162,KEMP
Радіатор Opel Combo 1.4 Corsa BTigra АКПП 1.2-1.6- 93-00г. 530*285,1300150,77648647,63284,KEMP
Радіатор Opel Corsa D 1.3 1.7 CDTI06-> Combo 1.6 2.0 CDTI 2012->,1300329,77645953,61916,KEMP
Радіатор Opel Meriva 1.6 1.8 03->608*359,1300413,77647986,63096,KEMP
Радіатор Opel Omega A 1.8-2.0 86-94г. АКП400*495 без заливної горловини,1300131,77645235,63042,KEMP
Радіатор Opel Omega A 1.8-2.0 86-94г. АКПП 400*495 з заливною горловиною,1300012,77643023,63041,KEMP
Радіатор Opel Omega A 1.8-2.0 86-94г. мех.400*495 без заливної горловини,90280691,77643500,63043,KEMP
Радіатор Opel Omega A 1.8-2.0 86-94г. мех.400*495 з заливною горловиною,1300010,77643022,63040,KEMP
"Радіатор Opel Omega A 2,4-3,0 86-94г. АКП 545*458 плоскі соти",1300094,77648710,90442752,KEMP
"Радіатор Opel Omega A 2,4-3,0 86-94г. М/Т 545*458 (механіка)плоскі соти",90442752,77648711,1300094,KEMP
"Радіатор Opel Omega B 2,0 95-00 АКПП AC- 538*371",52463044,77646574,63071/6302008,KEMP
"Радіатор Opel Omega B 2,0-3,0 95-00 АКПП 653*460*34",6302007,7764925,63072A,KEMP
"Радіатор Opel Omega B 2,0-3,0 95-00 мех 653*460*34",1300165,7764924,63076,KEMP
"Радіатор Opel Omega B AC+ 2,5-3,0 АКП 95-00 653*460 плоскі соти",52463050,77643383,63073A,KEMP
"Радіатор Opel Omega B AC+ 2,5-3,0 АКП 95-00 653*460*42",6302006,7764923,63073A/52463052,KEMP
Радіатор Opel Vectra 1.6  525*320,90264491,7764369,63223A,KEMP
Радіатор Opel Vectra 1.6  525*320 АКП,1300088,77642037,63225,KEMP
"Радіатор Opel Vectra 2,0  540*375",1300084,7764368,63054,KEMP
"Радіатор Opel Vectra 2,0  617*375   AC+ мех.",1300107,77642040,63063A,KEMP
"Радіатор Opel Vectra 2,0  617*375 АКП AC+",1300135,77642039,63064A,KEMP
Радіатор Opel Vectra B 2.5 2.6 V6  608*359 АКП AC+,1300161,77645214,63078,KEMP
Радіатор Opel Vectra B 2.5 2.6 V6  608*359 мех. AC+,1300181,77645215,63013A,KEMP
"Радіатор Opel Vectra B АКПП 1,6-2,0 95-00 537*360",1300158,7764809,63069A,KEMP
"Радіатор Opel Vectra B АКПП 1,6-2,0 ac+(c кондиціонером)95-00 608*360",1300160,7764811,630771,KEMP
"Радіатор Opel Vectra B механіка 1,6-2,0 95-00 537*361",90528302,7764810,63068A,KEMP
"Радіатор Opel Vectra B механіка 1,6-2,0 ac+(c кондиціонером)95-00 608*361",52479098,7764812,630121,KEMP
Радіатор Opel Vectra B механіка 1.7 TD 95-99  495*374,1300164,77647989,63082,KEMP
"Радіатор Opel Vectra B механіка 2,0 16V TDI 97-03 496*359",1300178,77645217,63019A,KEMP
Радіатор Opel Vectra C 1.6-1.8 мех. AC+ 650*405,1300244,77642223,63024A,KEMP
Радіатор Opel Vectra C Signum 2.0-3.2 АКП. AC+ 650*420,1300247,77646749,63023A,KEMP
Радіатор Opel Vectra C Signum 2.0-3.2 мех. AC+ 650*415*26,1300246,77645233,63022A,KEMP
Радіатор Opel Vectra C Signum 2.0-3.2 мех. AC+ 650*415*32,1300245,77647437,63022A,KEMP
Радіатор Peugeot  306 Citroen ZX 1.6-1.8D1.9D 93-02г. 610*360,1301TJ,77643031,61382A,KEMP
Радіатор PEUGEOT  BOXER (250) (15-) 2.2 HDi 15-> 781 x 397  mm плоскі соти,606554,77646848,1382421080,KEMP
Радіатор Peugeot  Partner Citroen Berlingo 1.1-1.4 96> 460*380,133007,77647566,63546,KEMP
Радіатор Peugeot  Partner Citroen Berlingo 1.1-1.4 96> 610*380,133008,77643027,63547,KEMP
Радіатор Peugeot  Partner Citroen Berlingo 1.4-1.8i 96-> 610*378,133047,77643029,63716,KEMP
Радіатор Peugeot  Partner Citroen Berlingo 1.4-2.0 98-> 556*380,1330G3,77645237,,KEMP
Радіатор Peugeot  Partner Citroen Berlingo 1.6 HDI 08-> 380*549,1330S8,77645937,63606A,KEMP
Радіатор Peugeot  Partner Citroen Berlingo 1.6 HDI 08-> 380*560 плоскі соти,133389,77645936,636007,KEMP
Радіатор Peugeot  Partner Citroen Berlingo 1.8D1.9D 96->670*366,133058,77641492,61315,KEMP
Радіатор Peugeot  Partner Citroen Berlingo 1.8D1.9D 96->670*366,133042,77643028,61326,KEMP
Радіатор Peugeot 1007 207  Citroen C2 C3 03-> 380*402,1330C0,77647985,61284,KEMP
Радіатор Peugeot 106  2  Citroen SAXO 1.1-1.6 96-> 530*322,133029,77647984,63736,KEMP
Радіатор Peugeot 308  Citroen DS4 1.6 10-> 613*414,1330Z2,77646589,636012,KEMP
Радіатор Peugeot 406  Citroen C5 2.0 16V 2.0HDI АКП 00-04г.,1330.64,77647526,61292A,KEMP
Радіатор Peugeot 406 :607  Citroen C5 2.0 16V 2.0HDI 00-04г.,1330.63,77647525,63705A,KEMP
Радіатор Peugeot 406 1.6HDI 2.2  Citroen C5 1.6:2.0HDI  04г.->380*549,1330.J9,77647530,63605A,KEMP
Радіатор Peugeot 406 1.9 TD 96-04г. P-605 2.1TD 89-99г. 640*398,1301SJ,7764978,61349A,KEMP
Радіатор Peugeot 406;607 Citroen C5 2.2 HDI 01->M/T 380*568,133078,77648603,61294,KEMP
Радіатор Peugeot 407.508 1.6HDI 2.2 Citroen C5 1.6:2.0HDI 08г.->567*380,1330W5,77648650,636008,KEMP
Радіатор Peugeot 607  Citroen C5 2.2 HDI 01->,133079,77647988,61295A,KEMP
Радіатор Peugeot 806   Citroen C8 2.0 16V 2.0HDI,1330J6,77645091,63695A,KEMP
Радіатор Peugeot 806 Exper  Citroen C5 C8 Jumpy 2.0 16V 2.0HDI,1330A4,77645092,77645092,KEMP
Радіатор Peugeot 806 Expert Fiat Scudo  Citroen Jumpy 1.8-2.0,1301P1,77645094,61396,KEMP
Радіатор Peugeot 806 Expert Fiat Scudo  Citroen Jumpy 1.9D-2.0HDI  98->,133072,77645095,CN2208,KEMP
Радіатор Peugeot 806 Fiat Ulysse  Citroen C8 2.0 16V 2.0HDI 2.0JTD,1330H8,77645090,77645090,KEMP
Радіатор Peugeot 807 Expert Fiat Scudo Citroen Jumpy 1.6-2.0HDI 06-> (кр.соти),1330Q7,77648722,63621A/14004743,KEMP
"Радіатор Peugeot Boxer, Citroen Jumper  10-> 781*416",1613996180,77646941,606169,KEMP
"Радіатор Peugeot Boxer, Fiat Ducato, Citroen Jumper  2.2-3.0 06->",1330Q3,77645093,63556/1349207080,KEMP
"Радіатор Peugeot Boxer, Fiat Ducato, Citroen Jumper  2.2HDI 780*375 06->",1330Q2,77642290,63555A,KEMP
"Радіатор Peugeot Boxer, Fiat Ducato, Citroen Jumper  790*410",1301N0,7764665,61390A/1301P6,KEMP
"Радіатор Peugeot Boxer, Fiat Ducato, Citroen Jumper 94-02 700*418 1.9TD",1301JK,77643030,61862,KEMP
Радіатор Peugeot Partner Citroen Berlingo 1.1-1.4 96> 460*380,133052,77648646,63715,KEMP
"Радіатор Renault 19 1,7-1,8  92-95г.570*378",7700816323,77642240,63925,KEMP
Радіатор Renault 19 Clio 1.2-1.4 89-96 390*349,7700784040,77647982,639271,KEMP
"Радіатор Renault 21 1,7 86-94г.540*378",7700795174,77643024,63921,KEMP
"Радіатор Renault Clio 1,9D 91-98г.460*400",7700804240,77642241,639461,KEMP
Радіатор Renault Clio 1.2-1.4 91-98г.350*378,7701034768,77642239,63926,KEMP
Радіатор Renault Clio 3 MODUS (04-) 492*406,8200468931,77648919,67283,KEMP
Радіатор Renault Kangoo 00-> 1.2-1.6 16V 1.9 dTI 480*415,7700428082,77642243,637931,KEMP
Радіатор Renault Kangoo 01-> 460*470,8200072713,77648144,63762,KEMP
Радіатор Renault Kangoo 03-> 1.5dCI,8200072712,77645224,63763,KEMP
Радіатор Renault Kangoo 08-> 1.5dCI 560*430 AC+,8200418329,77645152,637618,KEMP
Радіатор Renault Kangoo 08-> 1.5dCI 560*430 AC+ ( плоскі соти),8200418329,77648656,637618,KEMP
Радіатор Renault Kangoo 08-> 1.5dCI 560*480 AC+,8200455801,77646583,637623,KEMP
Радіатор Renault Kangoo 1.5DCI 1.9D 97->г.478*439,7700312858,77642242,63854A/7700304932,KEMP
Радіатор Renault Kangoo Clio 1.2  97->430*378,7700314382,77645932,63884,KEMP
Радіатор Renault Kangoo Clio 1.2  97->480*395,7700430648,77646579,63886,KEMP
Радіатор Renault Kangoo Clio 1.2-1.9 97->480*415,7700430784,77643026,63808,KEMP
Радіатор Renault Laguna 2. 1.6-2.0 16V 01->690*420 (круг. соти),8200008764,77647533,63813,KEMP
Радіатор Renault Laguna 2. 1.6-2.0 16V 01->690*420 (плоскі соти),8200008764,77642291,63813,KEMP
"Радіатор Renault Laguna 2. 1.6-2.0 16V 1,9 2,2 DCI 01->690*420",8200008765,77646578,63816,KEMP
Радіатор Renault Master 2 Opel Movano 1.9-2.2 DTI 730*420 AC- мех.00->(пл  соти),7701049664,77642293,63812A,KEMP
Радіатор Renault Master 2 Opel Movano 1.9-2.5CDI AC+ 730*390 01->мех.,7701057119,77645935,63824A,KEMP
Радіатор Renault Master 2 Opel Movano 1.9-2.5CDI AC+ 730*415 01->мех.,7701057120,77642292,63761,KEMP
Радіатор Renault Master 2 Opel Movano 2.5CDTI AC+/- 06->(круг.соти),7701066109,77645844,67287,KEMP
Радіатор Renault Master 2 Opel Movano 2.5CDTI AC+/- 06->(пл.соти),7701066109,77647476,4417245,KEMP
Радіатор Renault Master 3 Opel Movano B 2.3CDTI AC+/- 10->(круг.соти),214004474R,77648663,630732,KEMP
Радіатор Renault Master 3 Opel Movano B 2.3CDTI AC+/- 10->(пл.соти),2140000Q2B,77642877,630733,KEMP
Радіатор Renault Master 3 Opel Movano B 2.3CDTI AC+/- 10->(пл.соти),2140000Q2A,77648661,630732,KEMP
Радіатор Renault Master 3 Opel Movano B 2.3CDTI AC+/- 10->(плоскі.соти),214107695R,77648718,630733,KEMP
Радіатор Renault Megan 3 1.6-2.0 DCI 10-> (650*390),21410-0057R,77648625,637617,KEMP
Радіатор Renault Megan 3 Fluence 08-> (652*390),21410-0016R,77648458,637607,KEMP
Радіатор Renault Megan 3 Fluence 08-> (652*440) круглі соти,21410-0014R,77648628,637606,KEMP
Радіатор Renault Megan 3 Scenic 3 08-> (382x628) плоскі соти,21410-5378R,77648457,637647,KEMP
Радіатор Renault Megane 02-08 587 x 430 x 18 mm,8200115541,77647651,63764,KEMP
Радіатор Renault Megane Scenic 1.4-2.0 1.9D dTI 96->г.585*397 AC+,7700838133,77647529,63938A,KEMP
Радіатор Renault Megane Scenic 1.4-2.0 1.9D dTI 96->г.585*415,7700425842,77642244,63896A,KEMP
Радіатор Renault Scenic 3 Grand Scenic 3 09-> (625*380),21410-0002R,77648626,637608,KEMP
"Радіатор Renault Trafic 1,4-1,7 88-94г.430*397",7700784039,77646585,63887,KEMP
Радіатор Renault Trafic 2.1D2.5D 89-00г.670*398,7700741216,77646581,63912A,KEMP
Радіатор Renault Trafic 3 2.0 DCI 19-> 750*490,214106419R,77645712,686807,KEMP
Радіатор Renault Trafic 3 Opel Vivaro  14->748*468 (плоскі соти),214103569R,77648484,630793,KEMP
Радіатор Renault Trafic 3 Opel Vivaro  14->750*490 (круглі стільники),93868353,77646597,630803/8MK376701591,KEMP
Радіатор Renault Trafic 3 Opel Vivaro 14->748*471(пл соти),214104966R,77648736,630792,KEMP
Радіатор Renault Trafic Opel Vivaro 1.9DTi 01->,8200073817,77645098,63025,KEMP
Радіатор Renault Trafic Opel Vivaro 2.0 CDTI 06->(круглі соти),8200411166,77645847,63122,KEMP
Радіатор Renault Trafic Opel Vivaro 2.0 CDTI 06->(плоскі соти),4416948,77645840,63122,KEMP
Радіатор Renault Trafic Opel Vivaro 2.0 CDTI 10->760*463(плоскі соти),214109682R,77646942,63124,KEMP
Радіатор Renault Trafic Opel Vivaro 2.5 01-> A/C+/- 780*449,8200465488,77646940,630709,KEMP
Радіатор Renault Trafic Opel Vivaro 2.5 01-> A/C+/- 780*449 полскі соти,8200465488,77646785,630709,KEMP
Радіатор Renault Trafic Opel Vivaro 2.5 03-> A/C+/- 780*449 АКП,8200019380,77645099,63818A,KEMP
Радіатор Renault TWINGO 1.2  430*377,7701045212,77647983,63856,KEMP
Радіатор Skoda Fabia 1.4TFSI 10-> VW Polo (6R)  1.4 1.6TDI 650*400,6R0121253D,77646766,65293,KEMP
"Радіатор Skoda Fabia Rapid VW Polo (9N)  1,2-1.4 430*414",6Q0121201HA,77646765,64103,KEMP
Радіатор Skoda Fabia VW Polo (9N) 1.4 16V-2.0 630*412,6Q0121253Q,77642288,65271A,KEMP
Радіатор Skoda Fabia VW Polo (9N) 1.4 16V-2.0 630*412,6Q0121253M,77647519,652711,KEMP
Радіатор Skoda Fabia VW Polo (9N) Seat 1.8 GTi 1.9TDI 632*403,6Q0121253AD,77646738,67322,KEMP
Радіатор Skoda Fabia VW Polo (9N)1.0- 1.4 16V AC-430*415(круглые соты),6Q0121253J,77647990,65269A,KEMP
Радіатор Skoda Fabia VW Polo (9N)1.0- 1.4 16V AC-430*415(плоскі соти),6Q0121253J,77642289,65269A,KEMP
Радіатор Skoda Favorit 1.2 -1.3 85-91г.490*285,71245047_48,7764984,64010,KEMP
Радіатор Skoda Felicia1.6-1.9D 95-00г. 590*285,6U0121253A,77648908,64065,KEMP
Радіатор Skoda Felicia1.6-1.9D 95-00г. 590*285,6U0121253,7764985,64102,KEMP
Радіатор Skoda Oktavia Fabia VW Golf 7 12->,5Q0121251T,77648654,65327,KEMP
"Радіатор Skoda Oktavia VW Bora G4 А-3  1,4-1,6 мех(без кондиціонера) 432*415",1J0121253G,7764454,641011,KEMP
"Радіатор Skoda Oktavia VW Bora G4 А-3 1,6-2,0 652*415",1J0121253H,776412,65201A,KEMP
Радіатор Skoda Oktavia VW Cadi Golf Touran А-3 07->(пл.соти),1K0121251EB,77648721,65017,KEMP
Радіатор Skoda Oktavia VW Cadi Golf Touran А-3 1.2 TSI TFSI 07->  650*450,1K0121251CL,77646565,65295,KEMP
Радіатор Skoda Oktavia VW Cadi Golf Touran А-3 1.2-1.4 TSI 07->625*408(доп.охл.д,1K0121251BN,77645952,65294,KEMP
Радіатор Skoda Oktavia VW Cadi Golf Touran А-3 1.4-1.6 2.0 FSI 04->645*405,1K0121251P,77645086,65277,KEMP
Радіатор Skoda Oktavia VW Cadi Golf Touran А-3 1.4-1.6 2.0 FSI 04->645*405,1K0121251DF,77647521,65277A,KEMP
Радіатор Skoda Oktavia VW Cadi Golf Touran А-3 1.4-1.6 2.0 FSI 04->645*405 плоск,1K0121251E,77642043,65277A,KEMP
Радіатор Skoda Oktavia VW Cadi Golf Touran А-3 2.0 TDI TFSI 05->  650*445,3C0121253K,77645088,65281A/1K0 121 251N,KEMP
Радіатор Skoda Oktavia VW Cadi Golf Touran А-3 2.0 TDI TFSI 05-> кр.соти 650*445,1K0121251N,77647086,65281A,KEMP
Радіатор Skoda Oktavia VW Cadi Golf Touran А-3 2.0 TDI TFSI 05-> пл.стільники 65,1K0121251N,77642044,65281A,KEMP
Радіатор Skoda Oktavia VW Golf 7Audi  А-3 1.4- 2.0 TDI 12->  650*410,5Q0121251EM,77646567,65303,KEMP
Радіатор Skoda Oktavia VW Golf 7Audi  А-3 1.4- 2.0 TDI 12->пл.соти  650*410,5Q0121251GD,77647534,65303,KEMP
Радіатор Skoda Oktavia VW Golf 7Audi  А-3 2.0 TDI 12->  650*440,5Q0121251EQ,77646566,65304,KEMP
Радіатор Skoda Oktavia VW Golf 7Audi А-3 2.0 TDI 19-> 650*440 (USA),5Q0121251GR,77648694,,KEMP
"Радіатор Skoda Oktavia, VW Cadi, Golf Touran А-3  1.9-2,0 TDI 05-> 650*439",1K0121251AL,77647991,65291,KEMP
"Радіатор Skoda Oktavia, VW Cadi, Golf Touran А-3 1.8-2.0 1.9 TDI 05-> 650*439",1K0121251L,77645189,65279A,KEMP
"Радіатор Skoda Oktavia, VW Cadi, Golf Touran А-3 1.9 TDI 04-> 650*405",1K0121253AA,7764977,65280,KEMP
Радіатор Subaru Forester S11  02- плоские соты,67728,77640867,45111SA030,KEMP
Радіатор Subaru Legacy (B13) (2003 - 2009) FORESTER (SH) (08-) плоскі соти,45111AG021,77642442,67725,KEMP
Радіатор Subaru Legacy 03-09 Subaru Outback 03-09 350 x 690 x 16 mm АКПП пл.соти,64115,7764394,45119AG050,KEMP
Радіатор SUBARU TRIBECA (B9) (05-) 675 x 479 x 27 mm плоскі соти,67727,77640021,45111XA01A,KEMP
Радіатор Suzuki Grand Vitara 05- плоскі соти,1770066J10,77640873,64253,KEMP
"Радіатор SUZUKI	SX4 (EY, GY) (06-) 375 x 708 x 16 mm плоскі соти((бензин)",64255,7764255,1770079J10,KEMP
Радіатор TESLA MODEL 3 (2017) плоскі соти,1077082-00-C,77643091,606906,KEMP
Радіатор TESLA MODEL S (12-) .плоскі соти,600737200A,77644498,606454,KEMP
Радіатор Tesla Model Y плоскі соти,1494175-00-A,77644127,,KEMP
Радіатор Tipo/Dedra/Alfa155 '88-'99 558*377*34,7655947,7764928,,KEMP
Радіатор Toyota Avensis 08-> плоскі соти,64694,77640680,164000D481,KEMP
Радіатор Toyota Camry (V50) (2011 - 2020) 400 x 768 x 16 mm плоскі соти,646906,77640657,164000V140,KEMP
Радіатор Toyota Camry 70 USA 2018- RAV4 плоскі соти,16400F0010,77640296,606786,KEMP
Радіатор Toyota Highlander 07-14   475 x 768 x 16 mm плоскі соти,646927,77648819,1604131540,KEMP
Радіатор Toyota Land Cruiser 100 98-07 510 x 698 x 48 mm плоскі соти,64882,77640670,1640050360,KEMP
Радіатор Toyota Land Cruiser 200 08-> 590 x 715 x 48 mm плоскі соти,646827,77648818,1640050380,KEMP
Радіатор Toyota LAND CRUISER PRADO J150 (09-) 2.7 i 650*597 плоскі соти,646822,77643551,16400-75440,KEMP
"Радіатор Toyota Land Cruizer Prado J120 (02-) 3,0 D Lexus GX 470  плоскі соти",646806,77640075,1640030140,KEMP
Радіатор TOYOTA PRIUS PLUS 1.8H 11- 600 x 90 x 22 mmплоскі соти,G901047050,77640337,646882,KEMP
Радіатор Toyota RAV4 ( III (#A30) (06-) 670 x 403 x 20 mm плоскі соти АКПП,646843,77648821,1640031420,KEMP
Радіатор Toyota RAV4 (A4) (2012 - 2020) 670 x 411 x 26 mm 2.2 D плоскі соти,646865,77648827,1640026411,KEMP
Радіатор Toyota RAV4 (XA2) (2000 - 2005) 375 x 742 x 22 mm плоскі соти,64644A,77641488,1640028210,KEMP
Радіатор TOYOTA	 SEQUOIA II (07-) TUNDRA II (07-) 650 x 703 x 36 mm плоскі соти,164000S030,77640399,606523,KEMP
Радіатор VW  LT 28-46 96-06г.680*415 mm,2D0121253B,77643019,65231A,KEMP
Радіатор VW  LT Crafter 30-50 Sprinter (906) 2006->,2E0121253B,77645085,67156A,KEMP
Радіатор VW Bora G4 Seat 1.9 TDI 01-06  650*415,1J0121253AC,77646183,65012,KEMP
"Радіатор VW CADDY 2,  POLO,, SEAT1.0-1.9SDI  AC+ 645*372",6K0121253AG,77646564,67301,KEMP
"Радіатор VW CADDY 2,  POLO,, SEAT1.6-1,9 TDI,630*299",6K0121253AC,77647523,673001,KEMP
"Радіатор VW CADDY 2,  POLO,, SEAT1.6-2,0,628*322",6K0121253A,77647522,639971,KEMP
"Радіатор VW CADDY 2, POLO,, SEAT1.4-1.6.16V,627*377",6K0121253AS,77645931,65290,KEMP
"Радіатор VW CADDY Golf-3, 1,9 Dizel, POLO,, SEAT,625*359",6K0121253L,77645226,65255A,KEMP
"Радіатор VW CADDY Golf-3, 1,9 Dizel, POLO,, SEAT,627*377",6K0121253AA,77645927,65245A,KEMP
Радіатор VW Corado VR6 2.9  91-95г.630*310,535121253E,77642229,535121253M,KEMP
"Радіатор VW Golf 1,2 81-91/Passat В2 84-87 1,1-1.3 430*322",171121253CJ,7764371,65163A,KEMP
"Радіатор VW Golf 1,2 81-91/Passat В3 88-93  1.8 525*322",321121253AL,776411,651511,KEMP
Радіатор VW Golf 2 83-91  1.6TD 675*322,191121253A,7764801,65175,KEMP
"Радіатор VW Golf 2 83-91 1.6TD1.8 16V Toledo1.8,2.0,1.9TDI 675*323",191121251F,7764802,65262A,KEMP
"Радіатор VW Golf 2, Corado 1.8 16V 1.8G60 88-93г.430*310",535121251B,77642230,,KEMP
Радіатор VW Golf 7 1.8 TSI 650*433 (USA),5QM121251A,77646864,,KEMP
Радіатор VW GOLF VII 12- OCTAVIA III 13- LEON 12- A3 12-(плоскі стільники),5Q0121251GG,77641123,65328,KEMP
Радіатор VW Golf-2 84-91 1.6 / Passat B3 88-93 1.6 430*322,191121253K,7764378,65181A,KEMP
"Радіатор VW Golf-3  92-99  1,4 430*322",6N0121253A,7764373,65185A,KEMP
"Радіатор VW Golf-3  92-99  1,6-2,0 ac+(c кондиционером) 627*377",1H0121253BA,7764374,65247A,KEMP
"Радіатор VW Golf-3  92-99  1,8 ac- (без кондиціонера) 525*322",1H0121253R,7764375,651941,KEMP
"Радіатор VW Golf-3  92-99  2,0 16V 625*300",1H0121253H,7764804,65193A,KEMP
"Радіатор VW Golf-3  92-99 1,6 ac- (без кондиціонера) 525*322",6N0121253J,7764376,65187A,KEMP
"Радіатор VW Golf-3  92-99 1,9 Dizel 625*379",1H0121253BC,7764372,65246A,KEMP
"Радіатор VW Golf-3  92-99 2,8 VR6, AROSA, LUPO 625*380",1H0121253BE,7764806,65248A,KEMP
"Радіатор VW Golf-3,4  92-99 1,9 Dizel, POLO,CADDI, SEAT,625*379",1H0121253P,7764807,65244A,KEMP
Радіатор VW Golf-4 1.8 T 97-05г. 627*378,1E0121253,77642228,65266,KEMP
Радіатор VW Jetta 4  Passat B7 2010г.-> круглі соти,5C0121251K,7764410,65336,KEMP
Радіатор VW Jetta 4 1.6:2.0:2.5 2010г.->,5C0121251D,77645083,65296,KEMP
Радіатор VW New Beetle 1.4-2.0  AC+/- 00->,1C0121253A,77647531,65228,KEMP
Радіатор VW Passat 03г.-> Caddy 3 Touran 1.9TDI 04->650*405 круглі соти,1K0121251AK,77648733,65292/77642047,KEMP
Радіатор VW Passat 03г.-> Cadi 3 Touran 1.9TDI 04->650*405 плоскі стільники,1K0121251AK,77642047,65292,KEMP
Радіатор VW Passat B2 80-88 1.6 Dizel 700*322,321121251AL,7764379,65191,KEMP
Радіатор VW Passat B2 82-88 1.6-1.8 525*322,321121253BM,77645225,651111,KEMP
Радіатор VW Passat B2 82-88 1.8- 1.6 Dizel TD570*322,321121253BJ,77642802,65156,KEMP
"Радіатор VW Passat B3  92-94 1,9 Dizel 625*377",1H0121253AE,7764805,65243A,KEMP
"Радіатор VW Passat B3 88-93  1,8 525*322",353121253AC,776410,651741,KEMP
Радіатор VW Passat B3 88-93 1.6 430*322,353121253AA,77642801,651651,KEMP
"Радіатор VW Passat B3 88-96 1,6 -2.0 ac+(з кондиціонером) 720*320",353121253C,77645929,651621,KEMP
Радіатор VW Passat B3 88-96 1.8 G60 2.8 VR6 AC- 630*305,353121253N,77642796,65236,KEMP
"Радіатор VW Passat B3 92-94 1,8 -2.0 ac+(c кондиціонером) 724*322",357121253AB,77646561,651621,KEMP
"Радіатор VW Passat B3 92-94 1,8 -2.8 ac+(c кондиціонером) 722*377",357121251,7764455,652491,KEMP
"Радіатор VW Passat B4 93-95  1,6-2,8 (з кондиціонером) 722*377",3A0121253T,7764381,65252A,KEMP
"Радіатор VW Passat B4 93-95 1,6;20;1,9D (без кондиціонера) 525*377",3A0121253,7764382,652511,KEMP
"Радіатор VW Passat B4 93-96 АКПП 1,6;20;1,9D (без кондиціонера) 525*377",3A0121253AA,7764662,65253A,KEMP
"Радіатор VW Passat B4 93-96 АКПП 1,6-2,0 (c кондиціонером)  722*377",3A0121253AB,7764663,65256,KEMP
"Радіатор VW Passat B5/Audi A4,A6 00-05  механіка 1,6-2,0 630*400",8D0121251BA,77646740,60308A,KEMP
"Радіатор VW Passat B5/Audi A4,A6 96-04  АКПП 1,6-2,3 630*412",8D0121251M,7764384,60499,KEMP
"Радіатор VW Passat B5/Audi A4,A6 96-04  АКПП 2,5-2,8 630*412",8D0121251L,7764385,60498/60228A,KEMP
"Радіатор VW Passat B5/Audi A4,A6 96-04  механіка 1,6-2,3 630*412",8D0121251P,7764383,60299,KEMP
"Радіатор VW Passat B5/Audi A4,A6 96-04  механіка 2,5-2,8 630*412",8D0121251N,7764386,60497,KEMP
Радіатор VW Passat B7 2.0 TDI 10->,1K0121253BJ,77641067,65309,KEMP
Радіатор VW Passat B7 Jetta 4 1.6:2.0:2.5 2010г.->,5C0121251F,77645150,65321,KEMP
Радіатор VW Passat Jetta 3 1.9-2.0 TDI 05->650*445 плоскі стільники,1K0121251DP,77642049,65291,KEMP
Радіатор VW Sharan 2.0 95-00 645*377*34,7M0121253C,7764930,63993,KEMP
Радіатор VW Sharan Seat Alhambra 1.8T1.9TDI 2.0i 96-10 635*377,7M3121253B,77647532,67304,KEMP
Радіатор VW Sharan Seat Alhambra 1.9 2.0 TDI 04->600*445 круглі соти,7M3121253F,77643458,65014,KEMP
Радіатор VW Sharan Seat Alhambra 1.9 2.0 TDI 04->600*445 плоскі стільники,7M3121253F,77642048,65014,KEMP
Радіатор VW Sharan Seat Alhambra 1.9 2.0 TDI 95->645*378 круглі соти,7M0121253B,77642401,63991,KEMP
Радіатор VW Sharan Tiguan Seat Alhambra 1.4-1.8TSI 2.0 TDI 07->600*445,5N0121253F,77645190,65015,KEMP
Радіатор VW Sharan Tiguan Seat Alhambra 1.4-1.8TSI 2.0 TDI 08->650*448 плоскі,5N0121253N,77646936,65330,KEMP
Радіатор VW TERAMONT (2017) 2.0 TSI АКПП 720 x 502 x 26 mm,3QF121251C,77646998,606704,KEMP
Радіатор VW TERAMONT (2017) 3.6 FSI АКПП 720 x 502 x 26 mm,3QF121251D,77646985,606705,KEMP
Радіатор VW Touareg 4.2 10->,7P6121253,77648719,65299,KEMP
Радіатор VW Transporter T5 03-> 1.9 TDI (круглі соти),7H0121253H,77645848,65282A,KEMP
Радіатор VW Transporter T5 03-> 1.9 TDI (плоскі соти),7H0121253F,77645838,65282A/7H0121253H,KEMP
"Радіатор VW Transporter T5 03-> 2,5 TDI (круглі соти)",7H0121253J,77645849,65283A/7H0121253G,KEMP
"Радіатор VW Transporter T5 03-> 2,5 TDI (плоскі соти)",7H0121253G,77645839,65283A/7H0121253J,KEMP
"Радіатор VW Transporter T5 09-> 2,0 TDI (круглі соти)",7E0121253A,77648652,65285,KEMP
Радіатор VW Transporter T5 T6 04->,7H1819031,77646382,73976,KEMP
Радіатор VW Transporter-3 81-92 568*430,068121253B,77648651,65239,KEMP
Радіатор VW Transporter-4  90-91 720*300,701121253,7764929,65184,KEMP
Радіатор VW Transporter-4  92-00 720*355,701121253F,7764141,65242A,KEMP
Радіатор VW Transporter-4 97-03 1.9- 2.5 TDI АКП  720*414 AC+/-,7D0121253,77646739,65238A,KEMP
Радіатор VW Transporter-4 97-03 2.5 TDI,7D0121253A,77645084,65301,KEMP
"Радіатор VW,  POLO Classic 1.7.1.9SDI,, SEAT1.0-1.9SDi  AC- 433*299",6K0121253C,77646563,639981,KEMP
"Радіатор VW,  POLO Clfssic 1.6,1.8,, SEAT1.6i 1.8i,528*320",6K0121253h,77646562,639961,KEMP
Радіатор алюм Lada 2110 560*327,21101301012,7764631,623552,KEMP
"Радіатор доп. охл. двиг. (628 x 441 x 26) VW Golf, Caddy 1.4TFSI 2.0TDI 09->(пл",5K0121251S,77648735,65340,КЕМР
"Радіатор доп. охол. двиг. (620x414x16) / VW Golf, AUDI A3, SKODA Octavia, 13->",5Q0121251EJ,77648720,65306,KEMP
Радіатор интеркуллера - Accord USA 18->,197106A0A01,7764,,
"Радіатор інвертора Toyota Camry 55/50, Avalon, Lexus ES300h гібрид",G901033031,77640019,77640019плоские соты,KEMP
Радіатор інтеркулер  Fiat Doblo 1.3:1.9 D JTD 04-> полскі соти,46779532,77648670,96736,KEMP
Радіатор інтеркулер Audi A1 VW Pollo Skoda Fabia 1.2:1.4:1.6:1.9 TDi 09->,6R0145805,77648666,96566,KEMP
Радіатор інтеркулер Audi A6 2.0 TDi  04-> полские соты,4F0145805AA,77648667,96544,KEMP
Радіатор інтеркулер Fiat Doblo 10->Opel Combo 12-> плоскі соти,51783791,77648672,96615,KEMP
Радіатор інтеркулер Ford 2.0 Eco Boost  плоскі соти,DG936K775AB,77642885,CV619L440DB,KEMP
Радіатор інтеркулер Ford Connect 2006-2013 (1.8tdci),7T169L440AE,77648674,96435,KEMP
Радіатор інтеркулер Ford TRANSIT / TOURNEO COURIER (14-),1882817,77648675,96357/FT766K775BA,KEMP
Радіатор інтеркулер Ford TRANSIT / TOURNEO COURIER (14-),1882817,77643220,77643220,KEMP
Радіатор інтеркулер MB Sprinter 906 (OM 642:651) VW Crafter 2.0 TDI 06->640*205,2E0145804A,77648665,9065010201/96526,KEMP
Радіатор інтеркулер Mercedes Sprinter (901) LT28-46  00->717*255,9015010701,77646937,96842/2D0145805,KEMP
Радіатор інтеркулер Opel Corsa D 1.3 CDTI(OM DTJ)_ 06->,55702004,77648680,96589,KEMP
"Радіатор інтеркулер Opel Vectra C Signum 1,9 CDTI Fiat Croma 1.9 D 04>A/T",13167338,77648679,плоские соты,KEMP
"Радіатор інтеркулер Opel Vectra C Signum 1,9 CDTI Fiat Croma 1.9 D 04>M/T пл.сот",12765753,77648671,96647,KEMP
Радіатор інтеркулер Opel Vectra C Signum 2.2 02-08,96684,77649001,6302040,KEMP
"Радіатор інтеркулер Peugeot 806 Expert, Fiat Scudo, Citroen Jumpy 07->",0384J9,77648673,96609/0384N6,KEMP
"Радіатор інтеркулер Peugeot 806, Fiat Scudo, Citroen Jumpy  680*322",0384E7,77646938,96849/1472059080,KEMP
"Радіатор інтеркулер Peugeot Boxer, Fiat Ducato, Citroen Jamper  96-> (295*205)по",0384G8,77648627,96889,KEMP
"Радіатор інтеркулер Peugeot Boxer, Fiat Ducato, Citroen Jumper плоскі соти",0384G8,77645845,0384E4/1340934080,KEMP
Радіатор інтеркулер Peugeot Partner 308: Citroen Berlingo C4 1.6 HDI 06->,0384L4,77648681,96627,KEMP
Радіатор інтеркулер Peugeot Partner Citroen Berlingo 1.6 HDI 08->,0384L9,77648682,96584/0384.L9,KEMP
Радіатор інтеркулер Renault Dacia 1.2 1.5DCI 12->,14461B680C,77648683,96529,KEMP
Радіатор інтеркулер Renault Kangoo 1.5DCI 03-> 530*100 плоскі соти,8200221885,77648675,96563,KEMP
Радіатор інтеркулер Renault Master 2 Opel Movano 1.9-2.5 01-> 740*176,2147000QAA,77648677,96767,KEMP
Радіатор інтеркулер Renault Trafic Opel Vivaro1.9 01->540*176 полские соты,7700312903,77646939,96762/1449600QAA 4408078,KEMP
Радіатор інтеркулер VW  Golf  Bora Jetta 2.0 TDi    05-> 615*398,1K0145803AE,7764429,96493,KEMP
Радіатор інтеркулер VW Audi A4 A6 Passat B5 1.8 T 1.9 TDI  243 x 174,058145805C,77642972,96896,KEMP
Радіатор інтеркулер VW Audi Skoda 15-> полские соты,5Q0145803L,77648713,96494,KEMP
Радіатор інтеркулер VW Golf 4 Bora Skoda Octavia 1.9 TDi 00->,1J0145803AB,77643622,96679,KEMP
Радіатор інтеркулер VW Passat Caddy3Touran Octavia A5  2.0 TDI 08->,1K0145803R,77645185,96619,KEMP
Радіатор інтеркулер VW Passat Caddy3Touran Octavia A5  2.0 TDI 08->,1K0145803CG,77648915,96568,KEMP
Радіатор інтеркулер VW Passat Caddy3Touran Octavia A5  2.0 TDI 08-> (патрубок ни,1K0145803,77646935,96715,KEMP
Радіатор інтеркулер VW T5 2.0 BITDi 2.0 TSI 09->715*226,7E0145804A,77648668,96571,KEMP
Радіатор інтеркулер VW Transporter T5 1.9-2.5 TDi полскі соти,7H0145804B,77643621,96683,KEMP
Радіатор інтеркулера Ford EDGE  (2014 - 2025),F2GZ6K775A,77646304,,KEMP
Радіатор кондиціонера  Audi A3 VW Golf 7 Skoda Octavia  2012г.->  (з осушувачем),5Q0816411N,77646203,940319,KEMP
Радіатор кондиціонера  Audi A3 VW Golf5 Skoda Octavia A5 580*400 (з осушувачем),1K0820411G,77643713,94684,KEMP
Радіатор кондиціонера  Audi A4 00-04г.605*401(без осушувача),8E0260401D,77646200,94665,KEMP
Радіатор кондиціонера  Audi A4 00-04г.A6  00-05г.567*402(без осушувача),8E0260403B,77646201,94583,KEMP
Радіатор кондиціонера  Audi A4 2.7-3.0 TDI 04-08  610*388,8E0260403J,77648508,940139,KEMP
Радіатор кондиціонера  Audi A4 94-01г.615*421(без осушувача),8D0260401H,77647494,94207,KEMP
Радіатор кондиціонера  Audi A4 A5 A6 A7 Q5 08г.->674*334  (з осушувачем),8K0260401L,77646202,940042,KEMP
"Радіатор кондиціонера  Audi A4 A5 Q5 08г.->2,7-3,0 TDi  676 x 335 x 16 mm",940430,77648831,8T0260401G,KEMP
Радіатор кондиціонера  Audi A6 2.5 TDI 97-05г.592*421(без осушувача),4B0260401D,77647496,94430,KEMP
Радіатор кондиціонера  Audi A80 B4 91-95   605*350,8A0260403AA,77647508,94209,KEMP
Радіатор кондиціонера  Audi Q3 2.0TDI TFSI 11-> 645*340,8U0260401B,77647500,940255,KEMP
Радіатор кондиціонера  Ford Edge 16- 2.0T,F2GZ-19712-A,7764417,7764417,KEMP
Радіатор кондиціонера  Nissan Murano (Z51) 08-> з осушувачем,940403,77646362,921101AA0A,KEMP
Радіатор кондиціонера  VW 	ID.4 2020 -,1EA816411A,77647106,940893,KEMP
Радіатор кондиціонера Audi A100 90-94 550*375,4A0260403AC,77648246,94213,KEMP
Радіатор кондиціонера Audi A100 90-94 A6 94-97г.572*388(без осушувача),4A0260401AB,77643670,94214,KEMP
Радіатор кондиціонера Audi A3 VW Golf VW Jetta Skoda Octavia 2019г.->,5QM816411A,77648704,77648704,KEMP
Радіатор кондиціонера Audi A4 04-08г.575*388(без осушувача),8E0260403H,77643671,94851,KEMP
Радіатор кондиціонера Audi A4 A5 07-16р.A6 A7 11-19р.672*341,4G0260403N,77648250,940453/AI5352D,KEMP
Радіатор кондиціонера Audi A6 04-11г.627*390 (без осушувача),4F0260401E,77643668,94695,KEMP
Радіатор кондиціонера Audi A6 97-05г.618*421(без осушувача),4B0260403F,77643669,94593,KEMP
Радіатор кондиціонера Chery Amulet AC+,A15-8105010,77641806,77641806,KEMP
Радіатор кондиціонера Chery Eastar БЕЗ ОСУШУВАЧА,B11-8105010,77644421,,KEMP
Радіатор кондиціонера Chery Tiggo 490*491,T118105110BE,77647383,77647383,KEMP
Радіатор кондиціонера Chery Tiggo 698*400,T118105110,77647289,,KEMP
Радіатор кондиціонера Chevrolet Aveo (T200;T250)(з осушувачем),94838818,77643730,940335,KEMP
Радіатор кондиціонера Chevrolet Aveo (T250;T255) 540*415,96539632,77644427,94640,KEMP
Радіатор кондиціонера Chevrolet Aveo 2006-> 540*415 (без осушувача),96539634,77644418,94641,KEMP
Радіатор кондиціонера Chevrolet Aveo 2011->(з осушувачем),96943762,77643729,940246,KEMP
Радіатор кондиціонера Chevrolet Captiva 2.0D Opel Antara 2.0CDTI 07->,96629581,77647260,94977,KEMP
Радіатор кондиціонера Chevrolet Epica 643*390(з осушувачем),96471946,77643728,94978,KEMP
Радіатор кондиціонера Chevrolet Evanda 675*385(без осушувача),96327357,77643732,94639,KEMP
Радіатор кондиціонера Chevrolet Spark 10-> 405*400,95480135,77648502,940247,KEMP
Радіатор кондиціонера Chevrolet Tacuma Daewoo Rezzo  545*360,96452049,77647484,94455,KEMP
Радіатор кондиціонера Citroen C1 Peugeot 107 05-> 386*348,6455.EE,77648504,94891,KEMP
Радіатор кондиціонера Clio 2 Kangoo 01-> 510*380,7700428083,77648496,94439,KEMP
Радіатор кондиціонера Clio 2 Kangoo 01-> 510*380 з осушувачем,8200757789,77648497,940074,KEMP
Радіатор кондиціонера Dacia Logan 06-> Sondero 08-> 510*380*16(без осушувача),8200090213,77643662,94726,KEMP
Радіатор кондиціонера Dacia Logan 06-> Sondero 08-> 510*400*12(без осушувача),8200741257,77643664,940262,KEMP
Радіатор кондиціонера Dacia Logan 12-> Sondero 13->Dokker Renault Captur Clio4,921006843R,77647265,940321,KEMP
Радіатор кондиціонера Dacia Logan Sondero 05-> Renault Megane1 Scenic1,8200191738,77647266,94673,KEMP
Радіатор кондиціонера Daewoo Chevrolet Matiz 510*308 (з осушувачем),96591582,77644429,940009,KEMP
Радіатор кондиціонера Daewoo Lanos 537*362(без осушувача),96303204,77643571,94412,KEMP
Радіатор кондиціонера Daewoo Matiz 495*295 (без осушувача),96569392,77644425,94751,KEMP
Радіатор кондиціонера Daewoo Nexia(без осушувача),96265216,77643572,94424,KEMP
Радіатор кондиціонера Daewoo Nubira 600*365 (без осушувача),96393543,77644424,94454,KEMP
Радіатор кондиціонера Daewoo Sens 537*362(без осушувача),96274635,77646219,77646219,KEMP
Радіатор кондиціонера DODGE JOURNEY (07-)687*444,940379,77642876,68038244AA,KEMP
Радіатор кондиціонера DODGE JOURNEY (11-)687*446,940342,77648939,68102117AA,КЕМР
Радіатор кондиціонера Fiat Doblo 01->488*312*18(без осушувача),46736891,77643666,94632,KEMP
Радіатор кондиціонера Fiat Doblo 01->595*303,51758873,77648503,940061,KEMP
Радіатор кондиціонера Fiat Doblo 10-> Opel Combo 12->565*346,50512105,77647270,940095/1850227,KEMP
Радіатор кондиціонера Fiat Doblo 10-> Opel Combo 12->669*393   (з осушувачем),51838048,77646208,940169,KEMP
Радіатор кондиціонера Fiat Doblo D JTD 04->560*309,46821270,77647269,94633,KEMP
Радіатор кондиціонера Fiat Doblo D JTD 04->610*305,46820833,77647268,94727/51804991,KEMP
Радіатор кондиціонера Ford  C MAX 1.6CDTI 10-> 550*378,1684942,77648522,940182,KEMP
Радіатор кондиціонера Ford  S MAX  11->,DG9H19710AC,77648528,940626,KEMP
Радіатор кондиціонера Ford Escape MK3 13- 1.6T 2.5,CV6Z-19712-KB,77648700,,KEMP
Радіатор кондиціонера Ford Escape MK3 13- 2.0T,CV6Z-19712-H,77648701,,KEMP
Радіатор кондиціонера Ford Fiesta 4 96-02 512*350*25 (без осушувача),1033452,77644411,94277,KEMP
Радіатор кондиціонера Ford Fiesta 5 Fusion 1.6 TDCI 583*373,1334196,77647271,940097,KEMP
Радіатор кондиціонера Ford Fiesta 5 Fusion 580*361,1146195,77643727,94587,KEMP
Радіатор кондиціонера Ford Fiesta 6 1.6CDTI 540*358,1521950,77647503,940107,KEMP
Радіатор кондиціонера Ford Fiesta 6 535*385,1756718,77647273,940277,KEMP
Радіатор кондиціонера Ford Fiesta 6 535*385,1756414,77647488,940286,KEMP
Радіатор кондиціонера Ford Fiesta 6 605*351,1526277,77647274,940108,KEMP
Радіатор кондиціонера FORD FIESTA/B-MAX 2012-2019 570 x 350 x 16 mm,1818909,77648832,940500,KEMP
"Радіатор кондиціонера Ford Fitsta 1.25-1.6i, 1.4TDCi 07/11-08 -16",BE8Z19712A,77648527,940277,KEMP
Радіатор кондиціонера Ford Focus  USA 14-18,F1FZ19712A,77648918,77648918,KEMP
Радіатор кондиціонера Ford Focus  USA 18->,F1FZ19712D,7764783,7764783,KEMP
Радіатор кондиціонера Ford Focus 1.0-1.5 18->738*376,2405238,77648999,941206,KEMP
Радіатор кондиціонера Ford Focus 2 C MAX 670*381(без осушувача),1335552,77643726,94663,KEMP
Радіатор кондиціонера Ford Focus 3  C MAX 10->1.0 EcoBoost 1.5 TDCI CONNECT 13-,1828970,77648806,1907402,KEMP
Радіатор кондиціонера Ford Focus 3 C MAX 10-> 550*375,1703509,77647272,940222,KEMP
Радіатор кондиціонера Ford Focus 3 C MAX 10-> 695*358   (з осушувачем),1684204,77646209,940181,KEMP
Радіатор кондиціонера Ford Focus 3 C MAX 2.0CDTI 10-> 605*470,1693590,77647515,940183,KEMP
Радіатор кондиціонера Ford Focus 3 C MAX KUGA 13-> 728*361,1856995,77647518,940764,KEMP
Радіатор кондиціонера Ford Focus 98-04 620*365 (без осушувача),1062380,77644412,94432,KEMP
Радіатор кондиціонера Ford Focus mk3 11-14 2.0 (d15.2*D15.2),CV6Z19712J,77648702,77648702,KEMP
Радіатор кондиціонера Ford Focus mk3 15-18 1.0T,DV6Z-19712-B,77648689,,KEMP
Радіатор кондиціонера Ford Fusion mk5 13- 1.5T 1.6T 2.0Т,HG9Z-19712-A,77648703,HG9Z-19712-A,KEMP
Радіатор кондиціонера Ford Fusion mk5 13- 2.5,DG9Z19712C,77648690,77648690,KEMP
Радіатор кондиціонера Ford KUGA 08-> 592*470,1522067,77647499,940144,KEMP
Радіатор кондиціонера Ford Mondeo 00-07 628*362 (без осушувача),1152429,77644419,94586,KEMP
Радіатор кондиціонера Ford Mondeo 00-07 665*361(без осушувача),1116809,77647485,94585,KEMP
Радіатор кондиціонера Ford Mondeo 01-07 628*440 (без осушувача),1222758,77644420,94777,KEMP
Радіатор кондиціонера Ford Mondeo 07- 580*465*16 (з осушувачем),1457675,77644410,940043,KEMP
Радіатор кондиціонера Ford Mondeo 4 Galaxiy S MAX 07->625*462,1405365,77647275,940044,KEMP
Радіатор кондиціонера Ford Mondeo 5  14-> 710*310*16,5302598,77647384,DG9Z19712A,KEMP
Радіатор кондиціонера Ford Transit 00->860*361 (без осушувача),YC1H19710BA,77646210,94577,KEMP
Радіатор кондиціонера Ford Transit 06->725*389  (без осушувача),1371571,77646211,94915,KEMP
Радіатор кондиціонера Ford Transit Conect 02- 747*360,2T1H19710AC,77644428,94664,KEMP
Радіатор кондиціонера Ford Transit Custom Tourneo 716*470,1778169,77647276,940330,KEMP
"Радіатор кондиціонера Honda Accord (CL, CM) 03->   690 x 360 x 16 mm",94732,77646958,80110SSTE01,KEMP
Радіатор кондиціонера Honda Accord 08-12  685 x 348 x 16 mm,940114,77648838,80100TL1G01,KEMP
Радіатор кондиціонера Honda Accord 12-20  710 x 358 x 16 mm,940466,77646977,80110T2FA01,KEMP
Радіатор кондиціонера HONDA CIVIC X (FC) 5 DOORS (16-) 305 x 705 x 12 mm,941224,77641227,80100TBCA01,KEMP
Радіатор кондиціонера Honda CR-V (RM) 12->,940354,77647105,80110T0AA01,KEMP
Радіатор кондиціонера Honda CR-V (RW) (2016 - 2020) 760 x 375 x 12 mm,941169,77641099,80100TLAA11,KEMP
Радіатор кондиціонера Honda HR-V (RU) (15-) 697*393,940811,77641383,80110-T7W-A01,KEMP
Радіатор кондиціонера Hyundai Accent 05->,940360,77646341,976061E000,KEMP
Радіатор кондиціонера HYUNDAI Elantra 10-13 Hyundai i30 12->KIA Cee'd 608*381,940268,77648317,97606A6000,KEMP
Радіатор кондиціонера HYUNDAI Elantra 2013,976063X600,77648706,941126,KEMP
Радіатор кондиціонера HYUNDAI Elantra 2016,97606F2000,77648705,941055,KEMP
Радіатор кондиціонера Hyundai Getz 02-  з осушувачем,94646,77645877,976061C200,KEMP
Радіатор кондиціонера Hyundai I20 (PB) 08->,940221,77645984,976061J000,KEMP
Радіатор кондиціонера HYUNDAI IONIQ KIA NIRO (16-)564 x 404 x 16 mm,941100,77640484,97606G2000,KEMP
Радіатор кондиціонера HYUNDAI ix35 (LM) (09-) KIA CARENS III (RP) (13-),940351,77648837,976062Y500,KEMP
Радіатор кондиціонера Hyundai IX35 09-20 KIA Sportage 10-  1.7-2.0 CRDi з осушув,940353,77640426,976062Y000,KEMP
Радіатор кондиціонера Hyundai Santa Fe 00-05 705 x 345 x 20 mm,94451,77647144,9760626401,KEMP
Радіатор кондиціонера Hyundai Santa Fe 06-12 KIA Sorento 10-20,940449,77646988,976061U100,KEMP
Радіатор кондиціонера HYUNDAI SONATA  15->2.0 -2.4,940698,77647034,97606C1000,KEMP
Радіатор кондиціонера Hyundai Sonata 14-> USA,97606C2000,77640981,940606,KEMP
Радіатор кондиціонера HYUNDAI SONATA VI (YF) (10-)	2.0 i TURBO 538 x 388 x 20 mm,940563,77648835,976063Q000,KEMP
Радіатор кондиціонера HYUNDAI TUCSON (TL) (15-) 693*378,941063,77643440,97606D7500,KEMP
Радіатор кондиціонера Hyundai Tucson KIA Sportage 15->(,97606D7550,77641502,KA5992,KEMP
Радіатор кондиціонера HYUNDAI TUCSON/KIA SPORTAGE 15-,940771,77646730,97606D7000,KEMP
Радіатор кондиціонера INFINITI  EX:QX:FX 08-> 642x500x16 mm з осушувачем,940616,77648920,921101BA0A,KEMP
Радіатор кондиціонера INFINITI  FX 02-> 732 x 388 x 16 mm,94930,77642698,92100CG010,KEMP
Радіатор кондиціонера Jeep CHEROKEE (KL) (13-) 645*477,940675,77642025,52014775AB,KEMP
Радіатор кондиціонера Jeep Compas Patriot Dodge Kaliber 07->665*432,940570,77648607,68078975AB,KEMP
"Радіатор кондиціонера JEEP GRAND CHEROKEE (WK2, W3) (10-) 688*518",940411,77648612,55038003AE,KEMP
Радіатор кондиціонера KIA Ceed 07->606 x 381 x 16 mm,94981,77641544,976061H000,KEMP
Радіатор кондиціонера Kia Optima  11-> Hyundai  Sonata 10-> 715*382,940347,77643170,976063R000,KEMP
Радіатор кондиціонера KIA Picanto (TA) 11->,940219,77646418,976061Y000,KEMP
Радіатор кондиціонера Kia Ria Hyndai Accent 11-> 553*369,940243,77642879,976061R000,KEMP
Радіатор кондиціонера KIA Rio 05-11 533 x 360 x 16 mm,940003,77646280,976061G300,KEMP
Радіатор кондиціонера KIA Sorento 14->705*430,940728,77644701,97606C5550,KEMP
Радіатор кондиціонера KIA Sorento 2 09->695*425,97606-2P500,77643561,940216,KEMP
Радіатор кондиціонера KIA SPORTAGE III (SL) (09-) HYUNDAI ix35 (LM) (09-),940208,77640533,976062S500,KEMP
Радіатор кондиціонера Lacetti (з осушувачем),96837834,77641707,94725,KEMP
Радіатор кондиціонера LEXUS RX 23-,884A00E130,77647443,,KEMP
"Радіатор кондиціонера LEXUS RX350/450H, 15 - (730 x 467 x 12 mm)",941147,77641487,8846048210,KEMP
"Радіатор кондиціонера Mazda 6 (GJ) Mazda 3  2,2 D/CDTi   12->",940387,77647400,GHR161480B,KEMP
Радіатор кондиціонера MAZDA CX 3 15-> MAZDA 2 III (DJ)  (14-)602 x 332 x 12 mm,DF7B61480A,77646009,940725,KEMP
Радіатор кондиціонера MAZDA CX5 з осушувачем,KF0361480A,77641133,940326,KEMP
Радіатор кондиціонера MAZDA CX-7 (ER) (07-)	2.3 i TURBO 680*397 з осушувачем,940049,77642748,EGY1-61-48ZC,KEMP
Радіатор кондиціонера Mazda6 13-17 2.0 2.5,GHR161480B,7764221,940575,KEMP
Радіатор кондиціонера MB S220 620*480  (без осушителя),94980,77648221,94980,KEMP
Радіатор кондиціонера Merce Sprinter 906 VW Crafter 06-> 672*460  (з осушувачем),9065000054,77646216,94917,KEMP
Радіатор кондиціонера Mercedes A:B-Class W168 W245 04-12  600*410,1695000054,77648511,94911,KEMP
Радіатор кондиціонера Mercedes A:B-Class W176 W246 12->  610*458,2465000054,77648517,940322,KEMP
Радіатор кондиціонера Mercedes A-Class W166 X166 ML:GL 11->,0995000002,77648518,940394,KEMP
Радіатор кондиціонера Mercedes A-Class W168 97-04  510*380,1685000354,77648499,94373,KEMP
Радіатор кондиціонера Mercedes A-Class W168 97-04  578*381,1685000854,77648505,94588,KEMP
"Радіатор кондиціонера Mercedes C,E-Class W204,212.207 610*420 (без осушувача)",2045000254,77647277,940035,KEMP
"Радіатор кондиціонера Mercedes C,E-Class W204,212.207 610*420(без осушувача)",2045000154,77644430,,KEMP
Радіатор кондиціонера Mercedes C-Class W203 590*375 (,2035000854,77644417,94794,KEMP
Радіатор кондиціонера Mercedes C-Class W203 590*375 (з осушувачем),2035002154,77644432,940100,KEMP
Радіатор кондиціонера Mercedes C-Class W203 640*370 (без осушувача),2035000154,77644416,94545,KEMP
Радіатор кондиціонера Mercedes C-Class W203 650*370(з осушувачем),2035000054,77643725,94544,KEMP
Радіатор кондиціонера Mercedes Citan 12->Renault Kangoo 08->605*355(без осушит,4155000054,77648490,940184,KEMP
Радіатор кондиціонера Mercedes E-Class W210  CDI 610*330(без осушувача),2108300370,77647279,94425,KEMP
Радіатор кондиціонера Mercedes E-Class W210 TD CDI 600*319,2108300470,77648506,94567,KEMP
Радіатор кондиціонера Mercedes E-Class W211 CDI 590*440,2115000254,77647280,94614,KEMP
Радіатор кондиціонера Mercedes GL;M;R-Class W164;251 570*530,2515000054,77647278,94897,KEMP
Радіатор кондиціонера Mercedes M-Class W163 ML 00-05  510*535,1638300370,77648510,94569,KEMP
Радіатор кондиціонера Mercedes M-Class W163 ML 98-05  510*535,1638300170,77648498,94568,KEMP
Радіатор кондиціонера Mercedes M-Class W163 ML 98-05  510*535,1638300070,77648523,94390,KEMP
Радіатор кондиціонера Mercedes S220 580*480  (без осушувача),2205000054,77646212,94380,KEMP
Радіатор кондиціонера Mercedes S221 580*480  (без осушувача),2215010154,77646273,MS5605,KEMP
Радіатор кондиціонера Mercedes S221 580*480 (без осушувача),2215000554,77644433,94858,KEMP
Радіатор кондиціонера Mercedes S221 CDI 05->  647*435,2215000754,77648501,940137,KEMP
Радіатор кондиціонера Mercedes Sprinter 2t-4t 665*371(без осушувача),9015000554,77643724,94225,KEMP
Радіатор кондиціонера Mercedes Vito (638) 540*541(без осушувача),6388350170,77644047,94226,KEMP
Радіатор кондиціонера Mercedes Vito Viano (639) 670*392 (без осушувача),6398350470,77644434,940178,KEMP
Радіатор кондиціонера Mercedes Vito Viano (639) 702*390 (з осушувачем),6398350070,77646213,94674,KEMP
Радіатор кондиціонера Mercedes W 169 04-12  W 245  05-11  640*404,1695000354,77648493,94910,KEMP
"Радіатор кондиціонера Mercedes W 205, W 213, W 222, W 253 2012->",0995001854,77648519,940432,KEMP
Радіатор кондиціонера Mitsubishi Galant 03-12 740 x 318 x 16 mm,940164,77648834,MR958343,KEMP
Радіатор кондиціонера Mitsubishi L200 PAJERO SPORT 15- 2.5 D (515 x 503 x 12 mm),941078,77641484,7812A341,KEMP
Радіатор кондиціонера Mitsubishi Lancer (9)  01-> з осушувачем,94748,77646318,7812A165,KEMP
"Радіатор кондиціонера MITSUBISHI OUTLANDER (GF0, GG0) (12-) 2,0- 2.4 i 708*342",940435,77648620,7812A220,KEMP
Радіатор кондиціонера MITSUBISHI	 COLT(Z30) (04-) 04- SMART FORFOUR  (04-),940067,77647152,4548300070,KEMP
"Радіатор кондиціонера MITSUBISHI	 PAJERO (V80, 90) (06-)",940166,77648842,7812A156,КЕМР
Радіатор Кондиціонера NISSAN ALMERA CLASSIC (N16) (06-) 710 x 343 x 16 mm,940363,77648840,2765095F0A,KEMP
Радіатор кондиціонера NISSAN JUKE (F15) (10-) 487 x 407 x 16 mm,940338,77641100,92100BA61A,KEMP
Радіатор кондиціонера Nissan Juke 10->Micra 02-> Note 06->654*340,94621,77648609,92100-AX801,KEMP
Радіатор кондиціонера Nissan Juke Tiida 654*340,940300,77648809,92100EL00A,KEMP
Радіатор кондиціонера Nissan Leaf 2017->,921005SA0A,77649093,,KEMP
Радіатор кондиціонера Nissan Leaf 646 x 345 x 12 mm,940583,77642699,921003NF0A,KEMP
Радіатор кондиціонера NISSAN QASHQAI (J10) (07-)643 x 377 x 16 mm,940039,77640967,92100JD000,KEMP
Радіатор кондиціонера Nissan Rogue  T33 2021-,921006RA0B,77647085,92100-6RA0A,KEMP
Радіатор кондиціонера Nissan Rogue 14-,92100ABA2A,7764707,940548,KEMP
Радіатор кондиціонера Opel Astra G  Zafira CDTI  370*380(без осушувача),1850058,77643720,94385,KEMP
Радіатор кондиціонера Opel Astra G 1.2-1.8 Zafira 1.6-1.8  540*380 98-05(без осу,1850055,77643717,94384,KEMP
Радіатор кондиціонера Opel Astra H  Zafira B Turbo 04-> 587*380,1850098,77648524,94809,KEMP
Радіатор кондиціонера Opel Astra H  Zafira CDTI  408*367(з осушувачем),1850099,77643718,94768,KEMP
Радіатор кондиціонера Opel Astra H  Zafira CDTI  505*330  05->(з осушувачем),1850111,77643721,940052,KEMP
Радіатор кондиціонера Opel Astra H 1.2-1.8 Zafira 1.6-1.8  585*367(з осушувачем),93178958,77643715,94767,KEMP
Радіатор кондиціонера Opel Astra H 1.6-1.8 Zafira 1.8-2.0  587*380(з осушувачем),1850097,77643714,94807,KEMP
Радіатор кондиціонера Opel Astra J 1.3-2.0 Zafira Cruze 570*396 (з осушувачем),13267648,77644407,940134,KEMP
Радіатор кондиціонера Opel Astra J CDTI Cruze 635*359 (з осушувачем),1850135,77644426,940135/1850339/,KEMP
Радіатор кондиціонера Opel Astra K Zafira Cruze  15->694*293,940734,77641226,39011385,KEMP
Радіатор кондиціонера Opel AstraG 1.2-1.8 Zafira 1.6-1.8  593*357,1850073,77643716,94650,KEMP
Радіатор кондиціонера Opel Corsa B Combo 93-01 600*305,1850051,77647897,94228,KEMP
Радіатор кондиціонера Opel Corsa Combo 93-02,1618046,77647261,1618015,KEMP
Радіатор кондиціонера Opel Corsa D Fiat Bravo2 Punto 08-> 665*297 (з осушувачем),1850158,77646207,94899,KEMP
Радіатор кондиціонера Opel Insignia 08-> 665*392,1850377,77648494,940124,KEMP
Радіатор кондиціонера Opel Omega B 94-03 665*425(без осушувача),1850028,77644351,94232,KEMP
Радіатор кондиціонера Opel Vectra B 1.6- 2.2 16V  610*368,1618114,77647281,94653,KEMP
Радіатор кондиціонера Opel Vectra B 1.6-2.0  590*375  95-01(без осушувача),1850062,77643722,94234,KEMP
Радіатор кондиціонера Opel Vectra B 2.0 2.2 DTi  16V 480*368,94623,77647482,1850061,KEMP
Радіатор кондиціонера Opel Vectra C Signum  03-> 630*410(без осушувача),1850083,77643731,94852/1850080,KEMP
Радіатор кондиціонера Opel Vectra C Signum  03-> 670*318(без осушувача),1850076,77643719,94597/1850079,KEMP
Радіатор кондиціонера Opel Vectra C Signum 1.9-2.2DTI CDTI 05-> 660*411,24418363,77647267,94598/1850095,KEMP
Радіатор кондиціонера Opel Vivaro Renault Trafic 01-> 610*441*16(без осушувача),4408429,77645307,94671,KEMP
Радіатор кондиціонера Peugeot 1007.2008.207.208 05-> Citroen C2.C3 02->,6455AL,77647264,94595/96530359,KEMP
Радіатор кондиціонера Peugeot 206 02-> 590*360,6455.CJ,77648492,94855,KEMP
Радіатор кондиціонера Peugeot 207.208 Citroen C2 C3 05-> 557*375  (з осушувачем),6455EK,77646205,940055,KEMP
Радіатор кондиціонера Peugeot 301 Citroen Elysee 12-> 570*365,9674994280,77648248,940333,KEMP
"Радіатор кондиціонера Peugeot 307 01- 2,0HDI 510*368 (з осушувачем)",6455AC,77644437,94571,KEMP
Радіатор кондиціонера Peugeot 307 01- 510*368 (з осушувачем),6455AA,77644413,94570,KEMP
Радіатор кондиціонера Peugeot 308 (2) C4Picasso 13-> 734*358,9673629780,77648251,940458,KEMP
Радіатор кондиціонера Peugeot 4007.4008 Citroen C4 Mitsubishi Lancer 10,6455FA,77647263,940029,KEMP
Радіатор кондиціонера Peugeot 406.607 Citroen Xsara 00->,6455AS,77647262,94534,KEMP
Радіатор кондиціонера Peugeot 407 04- 515*365 (з осушувачем),6455CP,77644414,94723,KEMP
Радіатор кондиціонера Peugeot 407 Citroen C5 3 C6 06->670*303,6455.EA,77648513,94830,KEMP
Радіатор кондиціонера Peugeot 806 Expert Fiat Scudo  Citroen Jumpy 06-> 588*340,6455.EN,77647504,940111,KEMP
Радіатор кондиціонера Peugeot 806 Expert Fiat Scudo  Citroen Jumpy 725*451,6455.Q6,77647487,94210,KEMP
Радіатор кондиціонера Peugeot 807  Fiat Ulysse  Citroen C8 02-> 560*462,6455.AP,77648514,94609,KEMP
Радіатор кондиціонера Peugeot Biper Corsa Nemo 570-353 (з осушувачем),55700406,77644431,94973/6455GA,KEMP
"Радіатор кондиціонера Peugeot Boxer, Fiat Ducato, Citroen Jumper 02->530*366",6455.CG,77647490,94712,KEMP
"Радіатор кондиціонера Peugeot Boxer, Fiat Ducato, Citroen Jumper 06->710*292",6455.EP,77648515,94986,KEMP
"Радіатор кондиціонера Peugeot Boxer, Fiat Ducato, Citroen Jumper 06->710*386",6455.EQ,77648516,94985,KEMP
Радіатор кондиціонера Peugeot Partner 06- 520*360 (з осушувачем),6455CN,77644423,94870,KEMP
Радіатор кондиціонера Peugeot Partner 96- 1.9 620*340 (без осушувача),6455V8,77644435,94218,KEMP
Радіатор кондиціонера Peugeot Partner 96- 520*362 (з осушувачем),6455Y9,77644415,94542,KEMP
Радіатор кондиціонера Peugeot Partner C4 08- 530*360 (з осушувачем),6455CY,77644422,94758,KEMP
Радіатор кондиціонера Peugeot Partner Citroen BtrlingoC4 08->570*360 (з осушувач,6455CX,77646204,94826,KEMP
Радіатор кондиціонера RENAULT Clio 3 05-> Modus 04-> (модуль охолодження),8200134606,77647382,637625,KEMP
Радіатор кондиціонера RENAULT Clio 3 08-> Modus 05-> 510*380,8200688392,77648520,940142,KEMP
Радіатор кондиціонера Renault Duster 1.5 DCI 010-> 656*319*16 (з осушувачем),8200880551,77646206,940161,KEMP
"Радіатор кондиціонера RENAULT ESPACE V, KADJAR NISSAN QASHQAI II, X-TRAIL  12->",9211000Q0A,77647381,940546/DN5422/,KEMP
Радіатор кондиціонера Renault Kangoo 97-> 510*376,7700301253,77648507,94324,KEMP
Радіатор кондиціонера Renault Kangoo 97-> 512*380*16(без осушувача),8200221132,77643665,94657/RT5340,KEMP
Радіатор кондиціонера Renault Kangoo Nissan Kubistar 03-> 580*403(без осушувача),8200137650,77643663,94745,KEMP
Радіатор кондиціонера Renault Koleos 2.0DCI 2.5 08-> 630*452,921005115R,77647501,940316,KEMP
Радіатор кондиціонера Renault Laguna 2 01-> 590*361,8200152728,77648488,94551,KEMP
Радіатор кондиціонера Renault Laguna 2 01-> 700*391,8200332852,77647483,94856,KEMP
Радіатор кондиціонера Renault Laguna 3 07->  725*356,921100002R,77648509,940034,KEMP
Радіатор кондиціонера Renault Master 2 Opel Movano 1.9-2.2CDI 00->730*381,7701044407,77647492,94326,KEMP
Радіатор кондиціонера Renault Master 2 Opel Movano 1.9-2.5CDI 01->730*378,7701052120,77647491,94989,KEMP
Радіатор кондиціонера Renault Master 2 Opel Movano 1.9-3.0 CDI 03->730*374,7701057122,77647510,94659,KEMP
Радіатор кондиціонера Renault Master 2 Opel Movano 2.5 CDI 06->690*380,7701066110,77647512,940186,KEMP
Радіатор кондиціонера Renault Master 3 Opel Movano  10-> 795*355 (з осушувачем),4419449,77646217,940158,KEMP
Радіатор кондиціонера Renault Megane2 Scenic2 03-> 640*401,8200115543,77647284,94626,KEMP
Радіатор кондиціонера Renault Megane2 Scenic2 1.9:2.0 DCI 05-> 622*415,8200325004,77647511,940152,KEMP
Радіатор кондиціонера Renault Megane3 Scenic3 08-> 658*351,921000294R,77647287,940259,KEMP
Радіатор кондиціонера Renault Megane3 Scenic3 08-> 690*347,921100001R,77647286,940160,KEMP
Радіатор кондиціонера Renault Trafic 01-> 610*441*16без осушувача),7700312901,77644345,94671,KEMP
Радіатор кондиціонера Renault Trafic 2.0 06-> 578*467*16без осушувача),8200895918,77647495,940201,KEMP
Радіатор кондиціонера Renault Trafic 2.0 06-> 580*461*16без осушувача),8200411148,77647505,940147,KEMP
Радіатор кондиціонера Renault Trafic 2.0 06-> 610*435*16без осушувача),8200465490,77644346,940109,KEMP
Радіатор кондиціонера Renault Trafic 2.5 01->740*391*16без осушувача),8200019382,77647506,94678,KEMP
Радіатор кондиціонера Renault Trafic 2.5 06->730*367*16без осушувача),8200465480,77647507,940119,KEMP
Радіатор кондиціонера Renault Trafic 3 Opel Vivaro 1.6  14-> 788*358,77647516,77647516,940596/93868376,KEMP
"Радіатор кондиціонера Renault Trafic 3 Opel Vivaro 2,0 CDI 745 x 361",940948,77644495,921006188R,KEMP
Радіатор кондиціонера SUBARU LEGACY OUTBACK 09-(645 x 300 x 16 mm),940399,77641486,73210AJ00A,KEMP
Радіатор кондиціонера Suzuki Grand Vitara05->614 x 426 x 17 mm,940012,77647469,9531064J01,KEMP
Радіатор кондиціонера TESLA MODEL 3 (2017),1077083-00-B,77649094,941210,КЕМР
Радіатор кондиціонера Toyota Camry (V50)  12->,940443,77647409,8846030C30,KEMP
Радіатор кондиціонера Toyota Camry (V50)  12-> 2.5 HYBRID,940639,77648848,8846033130,KEMP
Радіатор кондиціонера Toyota Camry 06-11 Toyota Venza 08-20,940194,77640682,8846006190,KEMP
Радіатор кондиціонера Toyota Cemry 18->,941225,77643547,884A033010,KEMP
Радіатор кондиціонера Toyota Corolla 02-06  648 x 367 x 16 mm,94719,77648839,8845002170,KEMP
Радіатор кондиціонера Toyota Corolla E16 Auris Avensis 627*366,940037,77648606,88450-02330,KEMP
Радіатор кондиціонера Toyota Land Cruiser 200 08->,940304,77646430,8846060400,KEMP
Радіатор кондиціонера Toyota LAND CRUISER PRADO J150 (09-) 4.0i 625*480,940508,77648616,88460-60430,KEMP
Радіатор кондиціонера Toyota LAND CRUISER PRADO J150 (09-) 626*508,940623,77648614,88460-60440,KEMP
Радіатор кондиціонера Toyota Prius 09-15 TOYOTA AURIS (E15#) (07-) 1.8 HYBRID,940175,77646379,8846047150,KEMP
Радіатор кондиціонера Toyota RAV 4 III (#A30) (06-) 710 x 405 x 16 mm,940021,77648833,8846042100,KEMP
"Радіатор кондиціонера Toyota RAV4 2,5 HYBRID 12-> (705 x 245 x 22 mm)",941179,77641489,8846042150,KEMP
Радіатор кондиціонера Toyota RAV4 2.0-2.5 12-> (705 x 408 x 16 mm),940349,77648847,884603R030,KEMP
Радіатор кондиціонера TOYOTA SEQUOIA II (07-)TUNDRA II (07-) 665 x 498 x 16 mm,941151,77641482,884600C100,KEMP
Радіатор кондиціонера TOYOTA YARIS / ECHO III (#P130) (10-),940270,77647436,884600D200,KEMP
Радіатор кондиціонера VW Amarok 10-> 650*452,2H0820411,77648526,940225,KEMP
Радіатор кондиціонера VW Caddy 3 Touran 04-> 550*445 (з осушувачем),1T0820411A,77643677,94690,KEMP
Радіатор кондиціонера VW Crafter 06-> 672*460,2E0820413,77646215,,KEMP
Радіатор кондиціонера VW Golf 3 Vento 92-99  557*371(без осушителя),1H0820413,77643679,94164,KEMP
Радіатор кондиціонера VW Golf 7 1.8 TSI (USA),5QD820411J,77648604,77648604,KEMP
Радіатор кондиціонера VW Golf4 Bora Skoda Octavia 590*361(з осушувачем),1J0820413A,77643680,94310,KEMP
Радіатор кондиціонера VW Jetta 4 :2.0:2.5 2011г.->USA,5C0816411,77648691,940238,KEMP
Радіатор кондиціонера VW Jetta 4 :2.0:2.5 2011р.->,5C0820411G,77648233,940238,KEMP
"Радіатор кондиціонера VW Jetta, Beetle 2015- USA",5C0820411K,77648688,77648688,KEMP
Радіатор кондиціонера VW Passat 1.6-2.0 TDI 05-> 575*440(з осушувачем),3C0820411C,77643675,94831,KEMP
Радіатор кондиціонера VW Passat 1.8-2.0 05-> 570*460(з осушувачем),3C0820411B,77643676,94832,KEMP
Радіатор кондиціонера VW Passat 88-96г. 710*330(без осушувача),94179,77646360,3A0820413A,KEMP
Радіатор кондиціонера VW Passat 88-96г. 710*330(без осушувача),357820413C,77643678,NRF35038,KEMP
Радіатор кондиціонера VW Passat B5  Audi A4 1.9- 2.5TDI 96-01г. 565*420,8D0260403G,77647502,94601,KEMP
Радіатор кондиціонера VW Passat B5 00-05г. Skoda SuperB 02-08г. 618*421(без ос,3B0260401,77643673,94592,KEMP
Радіатор кондиціонера VW Passat B5 Audi A4 96-00г. 565*420(без осушувача),8D0260403H,77643683,94594,KEMP
Радіатор кондиціонера VW Passat B8 USA,561820411C,77648692,77648692,KEMP
Радіатор кондиціонера VW Passat CC Pas.B61.6-2.0 TDI 10-> 575*440(з осушувачем),3C0820411G,77647517,VW5323 AVA,KEMP
Радіатор кондиціонера VW Polo Caddy 2 95-04 Seat Cordoba 605*370(без осушителя),6K0820413A,77643672,94204,KEMP
Радіатор кондиціонера VW Polo Skoda Fabia Rapid  08-> 615*334*16 (з осушувачем),6R0820411A,77644349,940093,KEMP
Радіатор кондиціонера VW Polo Skoda Fabia Romster 01-> 510*361(без осушувача),6Q0820411,77643674,94628,KEMP
Радіатор кондиціонера VW Sharan  Alhambra 10->  565*490,7N0820411A,77648521,940256,KEMP
Радіатор кондиціонера VW Sharan 97-> 520*363*16(з осушувачем),7M3820411,77644348,94575,KEMP
Радіатор кондиціонера VW T5 15-> 700 x 434 x 12 mm,7E0820411F,77640050,940732,KEMP
Радіатор кондиціонера VW TERAMONT (2017) 693 x 434 x 16 mm,3QF816411,77646987,941183,KEMP
Радіатор кондиціонера VW Tiguan 07-> 550*445(з осушувачем),5N0820411,77644350,940138,KEMP
Радіатор кондиціонера VW Touareg  Audi Q7 02-> 700*390*16(з осушувачем),4L0260401,77644347,94667,KEMP
Радіатор кондиціонера VW Touareg 3.0-4.2 10-> 721*458,7P0820411A,77647288,940157,KEMP
Радіатор кондиціонера VW Transporter T4 91-03 682*308,701820413D,77647497,94307,KEMP
Радіатор кондиціонера VW Transporter T4 92-03> 635*310,7D0820413B,77648525,94524,KEMP
Радіатор кондиціонера VW Transporter T4 96-> 625*310,7D0820413,77647493,94834,KEMP
Радіатор кондиціонера VW Transporter T5 09-> (з осушувачем),7E0820411B,77646218,940345,KEMP
Радіатор кондиціонера VW Transporter T5(з осушувачем),7H0820411B,77643667,94604,KEMP
Радіатор кондиціонера VW UP 1.0 Skoda  Citigo1.0 11-> 415*346,1S0820411B,77647514,940254,KEMP
Радіатор кондиціонераMercedes E-Class W210 622*480(без осушувача),2108300270,77643723,94285,KEMP
Радіатор кондиціонераTOYOTA LAND CRUISER PRADO J120 (02-) 627 x 503 x 16 mm,94919,77648836,8846160090,KEMP
Радіатор масляний Fiat Doblo 1.3 JTD 04>,55193743,77646851,90700,KEMP
Радіатор масляний Skoda  VW AUDI  1.6-2.0 (AKП 4 ступ.)98-,096409061G,77642946,,KEMP
Радіатор масляний Skoda  VW AUDI  1.6-2.0 (AKП 4 ступ.)98-,096409061E,77642945,,KEMP
Радіатор масляний Skoda Octavia A5 VW Golf 5 Passat B6 1.6-2.0 (AKП 6и ступ.)04-,09G409061,77642944,100 228 0003,KEMP
Радіатор масляний VW Caddy/Crafter/T5,03L117021C,77646468,1170.02,KEMP
Радіатор масляний двигуна масло VW/Audi 1.9;2.0 TDI 00->,038117021B,77643373,,KEMP
Радіатор масляний двигунне масло Audi  A4;A6;A8 VW Passat  2.5TDI  00->,059117021B,77643840,,KEMP
Радіатор масляний двигунне масло VW/Audi  1.8 2.0  TFSI 06->,06J117021E,77643839,,KEMP
Радіатор масляний двигунне масло VW/Audi  2.0 FSI  TFSI 04->,06D117021C,77643838,,KEMP
Радіатор масляний двигуновий масло VW/Audi 1.6-2.0 85-00,068117021B,77642942,,KEMP
Радіатор масляний двигуновий масло VW/Audi 1.8T2.0 1.9TDI 97->,028117021B,77642941,,KEMP
Радіатор масляний двигуновий масло VW/Audi 1.9TDI 2.4 2.7T 2.8;2.3V5 97->,028117021E,77642943,,KEMP
"Радіатор Оpel Astra  F 1,4-1,6  525*322",1300113,7764367,632761,KEMP
"Радіатор Оpel Astra  F 1,4-1,6 АКП 525*328 AC-",1300115,77645938,632831,KEMP
"Радіатор Оpel Astra  F 1,6-2.0i АКП AC+ 593*359",1300109,77642234,52455010,KEMP
"Радіатор Оpel Astra  F 1,6-2.0i мех. AC+/- 590*365",1300116,77642235,63252A/52455009,KEMP
"Радіатор Оpel Astra  F 1,7 TD 94-99 г. 504*349",6302011,77648054,63291A,KEMP
Радіатор Оpel Astra  H 1.2-1.8 600*370  04->АКП,1300265,77643020,63027A,KEMP
Радіатор Оpel Astra  H 1.6-1.8 600*370  04->АКП,1300285,77645939,630702,KEMP
"Радіатор Оpel Astra G 1,6 04-> AC+ 599*369",1300270,77646576,630704,KEMP
Радіатор Оpel Astra G 1.7CDTI DTIмех 600*369,1300209,77645941,63021A,KEMP
Радіатор Оpel Astra G 1.7TDмех + кондиц 600*368,1300198,77642236,63006A/09192578,KEMP
"Радіатор Оpel Astra G 98-05г. 2.0 16V 2.0-2,2 DTI мех. 600*370",1300210,77646750,63003A,KEMP
Радіатор Оpel Astra G 98-05г. 2.0 16V 2.0DTI АКП 600*370,1300197,77642237,63247A/09119483,KEMP
"Радіатор Оpel Astra G 98-10  1,6   мех + кондиц 600*368",1300258,77649116,63095A,KEMP
"Радіатор Оpel Astra G 98-10  1.4-1.8 2,0 мех + кондиц 600*378",1300189,7764377,630041/1300257,KEMP
"Радіатор Оpel Astra G 98-10 1,2 (1.2-1.6 Української збірки)540*349 AC-",1300186,77645218,63016,KEMP
"Радіатор Оpel Astra G 98-10 1,2 (1.2-1.6 Української збірки)600*377 AC+ конд.",1300195,7764926,63091/1300212,KEMP
Радіатор Оpel Astra G Twin Port Astra H 1.6-1.8 04-> 600*370,1300266,77643021,63028A,KEMP
Радіатор Оpel Astra H 1.3 1.7 1.9 CDTi мех AC+/- 600*368 04->,1300271,77645219,63112A,KEMP
Радіатор Оpel Astra H 1.3 1.7 1.9 CDTi мех AC+/- 600*368 04->,1300269,77645216,63029A,KEMP
Радіатор Оpel Astra H Zafira B 1.7 1.9CDTI 2.0 05-> 600*399,1300275,77646774,630705,KEMP
"Радіатор Оpel Astra J  Cevrolet Cruz 1,6 АКП AC+/- 580*388 09->",13267652,77645940,630729/1300300,KEMP
Радіатор Оpel Astra J Zafira C  Cevrolet Cruz мех AC+/- 580*388 09->,1300299,77645236,630727,KEMP
Радіатор Оpel Astra J Zafira C  Cevrolet Cruz1.7;D-CDTI мех AC+/- 680*388 09->,1300298,77645942,630722,KEMP
"Радіатор Оpel Аstra G 1.4-1.6-1.8-2,0 АКП АС- 540*378",1300187,77642107,63248A,KEMP
"Радіатор Оpel Аstra G 1.4-1.6-1.8-2,0 мех. АС- 540*378",90570725,7764456,63005A,KEMP
"Радіатор опалення Audi-100,A6  91-97 275*157",443819031,7764211,70230,KEMP
Радіатор основний Chery Amulet AC+,A15-1301110,77641805,77641805,KEMP
Радіатор охолодження camry 70 гібрид 18-21 usa плоскі соти,16400F0021,77643579,,KEMP
Радіатор охолодження Mazda CX-5  (17-) плоські соти,PYFW15200,77648532,606698,KEMP
"Радіатор охолодження mazda cx-5 2.0, 2.5 11-17 плоские соти",PE0115200,77642996,68534,KEMP
Радіатор охолодження двигуна VW ID.4  2020 ->,1EA121251A,77647324,606780,KEMP
Радіатор охолодження двигуна додатковий NISSAN ROGUE,214576RS0A,77641782,607310,KEMP
"Радіатор охолодження, додатковий VW Golf Skoda Octavia Audi A3",5Q0121251EL,77643438,65318,KEMP
"Радіатор охолодження, додатковий VW Polo Skoda Fabia Seat Idiza",6R0145805H,77647649,65331,KEMP
Радіатор печки  Opel Omega B  94 -03  240*158,1618026,77644377,72655/1418248,KEMP
"Радіатор пічки (оRENAULT KANGOO, EXPRESS, MASTER III,OPEL MOVANO B, 1.2-Electric",7701209819,77648714,73344,KEMP
"Радіатор пічки (обігріPeugeot Boxer, Fiat Ducato, Citroen Jumpe  94-02   220*195",644893,77645229,73984,KEMP
Радіатор пічки (обігрівNissan Almera N15 95- Maxima J30 Subaru  Legacy (пл.соти),27140-1N710,77645547,73700,KEMP
Радіатор пічки (обігрівача)  Audi-100   84-91 272*150,443819031E,7764392,70220,KEMP
Радіатор пічки (обігрівача)  Skoda Fabia Audi A1 VW Polo 175*180 (круг.соти),6R0 819 031,77648726,73654,KEMP
"Радіатор пічки (обігрівача) Audi 80,A4 VW Passat B5 86-95 190*155",8D1819030A,7764393,70224,KEMP
Радіатор пічки (обігрівача) Audi A6 05->  295*144,4F0820031A,77646229,70233/54206 NRF,KEMP
Радіатор пічки (обігрівача) Audi A6 97-05  272*157,4B1819031,77646223,70232,KEMP
Радіатор пічки (обігрівача) Chevrolet Aveo  плоскі соти,96539642,77641977,,KEMP
Радіатор пічки (обігрівача) Chevrolet Aveo 195*150  (плоскі соти),P96539642,77646227,76504,KEMP
Радіатор пічки (обігрівача) Chevrolet Lacetti,96554446,77644206,76509,KEMP
Радіатор пічки (обігрівача) Chevrolet Lacetti (плоскі соти),P96554446,77646236,76509,KEMP
Радіатор пічки (обігрівача) Dacia Logan Sondero Duster  08->170*157,6001547484,77646560,76512,KEMP
Радіатор пічки (обігрівача) Daewoo   Lanos (пластиковий),96231949 пласт,77643286,,KEMP
Радіатор пічки (обігрівача) Daewoo  Lanos,96190674 металл,77645154,76502,KEMP
Радіатор пічки (обігрівача) Daewoo  Lanos  (плоскі соти),96231949 металл,77641957,P96190674,KEMP
Радіатор пічки (обігрівача) Daewoo  Matiz (ПЛОСКІ СОТИ алюміній) 152*166,96314858,77646224,76506,KEMP
Радіатор пічки (обігрівача) Daewoo Nexia (пластик алюміній),3059812,77643287,77643287,KEMP
Радіатор пічки (обігрівача) Daewoo Nexia (ПЛОСЬКІ СОТИ алюміній)180*135*40мм,3059812,77645641,76511,KEMP
"Радіатор пічки (обігрівача) Fiat Ducato, 06->  230*165",77364073,77646228,73989,KEMP
Радіатор пічки (обігрівача) Iveco 310*157,93933970,7764605,71807,KEMP
Радіатор пічки (обігрівача) Mazda 626 GE 91->Xedos 6 CA 93- 185*62,GA5R-61-130 A,77641433,71957,KEMP
Радіатор пічки (обігрівача) Mercedes 207-310 268*152,0018357604,7764212,72004,KEMP
Радіатор пічки (обігрівача) Mercedes 609-814 Vario 318*170*40,0028352401,77643142,72035,KEMP
Радіатор пічки (обігрівача) Mercedes C-202 93-00г.237*190*42,2028300461,7764980,,KEMP
Радіатор пічки (обігрівача) Mercedes Sprinter (додаткова піч),0038353501,77645103,72038,KEMP
Радіатор пічки (обігрівача) Mercedes Sprinter 901  96-06 170*222,0038356101,77646192,72043,KEMP
Радіатор пічки (обігрівача) Mercedes Sprinter 906 (додаткова печка),0038359001,77645104,72040,KEMP
Радіатор пічки (обігрівача) Mercedes Sprinter 906 (додаткова печка) з трубками,0038359001,77645155,38359001,KEMP
Радіатор пічки (обігрівача) Mercedes Sprinter VW LT 28-45 96->,0028358901,77648053,73941/2D0819031,KEMP
Радіатор пічки (обігрівача) Mercedes Vito 638,0038350001,77645105,72036,KEMP
Радіатор пічки (обігрівача) Mercedes W 123 79-85 W124 85-92 234*196*40,0028353001,77647987,72000,KEMP
Радіатор пічки (обігрівача) Mercedes W 123 79-85 W124 85-92 234*210*40,0018357801,7764979,72016,KEMP
Радіатор пічки (обігрівача) Mercedes W124 85-92г.AC- MB-126 85-91г.216*210,0028355201,7764976,72001,KEMP
Радіатор пічки (обігрівача) Mercedes W210 95-03 239*188,2108300661,77646188,72013,KEMP
"Радіатор пічки (обігрівача) Peugeot 405, 406  250*158",644877,7764661,72935,KEMP
Радіатор пічки (обігрівача) Peugeot 806 Expert Fiat Scudo  Citroen Jumpy,6448A7,77645106,71149,KEMP
"Радіатор пічки (обігрівача) Peugeot Boxer, Fiat Ducato, Citroen Jumper",6448H8,77645107,73986,KEMP
"Радіатор пічки (обігрівача) Peugeot Partner, 306, Ciroen Berlingo  234*156",644878,7764660,71147,KEMP
Радіатор пічки (обігрівача) Renault  Megan2 Scenic 220*150*42,7701207712,77642298,73249,KEMP
Радіатор пічки (обігрівача) Renault Kangoo,7701205538,77645108,72985,KEMP
Радіатор пічки (обігрівача) Renault Master Opel Movano,7701205584,77645109,73375,KEMP
Радіатор пічки (обігрівача) Renault Trafic2 Opel Vivaro,7701065763,77645110,73468,KEMP
Радіатор пічки (обігрівача) Renault Trafic2 Opel Vivaro (плоскі соти),7701473279,77645111,73331,KEMP
Радіатор пічки (обігрівача) Skoda Fabia Audi A1 VW Polo 175*180 (пл.соти),6Q0819031,77646222,73654,KEMP
Радіатор пічки (обігрівача) Skoda Felicia 94-98 260*140,6U0819030,77642798,73655,KEMP
Радіатор пічки (обігрівача) Skoda Felicia Favorit 255*127,115972071,77642797,73650,KEMP
Радіатор пічки (обігрівача) Toyota Corola Auris RAV4 06->154*197,87107-42170,77641924,707090,KEMP
"Радіатор пічки (обігрівача) VW Golf1, Passat2, Audi 80  81-84 234*157",171819031D,7764814,73940,KEMP
Радіатор пічки (обігрівача) алюм Lada 2110,21108101060,7764817,2110 печка,KEMP
Радіатор пічки (обігрівача))VW LT 28-45 МВ Sprinter 96->,2D0819031,77645101,73941/0028358901,KEMP
Радіатор пічки (обігрівача)Ford Escort Orion 90->,1107449,77645102,77645102,KEMP
Радіатор пічки (обігрівача)Ford Focus 3 11-18 плоскі соти,BV6Z18476A,77647039,,KEMP
Радіатор пічки (обігрівача)Ford Siera Scorpio Escort 245*134,85GG18B539CC,7764370,71761,KEMP
Радіатор пічки (обігрівача)Ford Transit 00->AC-,4042575,77645112,71769,KEMP
Радіатор пічки (обігрівача)Ford Transit 00->AC+ плоскі  соти,4042576,77645113,71768,KEMP
Радіатор пічки (обігрівача)Opel Astra G Zafira 210*180*25 (метал),1618134,77642297,1618134/142,KEMP
Радіатор пічки (обігрівача)Opel Astra G Zafira 210*180*32 система BEHR,1618142 металл,77642295,9117283,KEMP
Радіатор пічки (обігрівача)Opel Combo Corsa C 170*160*42 00->,1618222,77642296,,KEMP
Радіатор пічки (обігрівача)Opel Kadet E 84=91 150*188 (плоскі соти),1806110,77647084,72639,KEMP
Радіатор пічки (обігрівача)Opel Kadet E 84=91 150*188*40,1806110,77646189,72639,KEMP
Радіатор пічки (обігрівача)Opel Omega A  86-94  245*160,1618107,7764128,1806114,KEMP
Радіатор пічки (обігрівача)Opel Omega A Senator B 86-94  245*160,1843103,77645228,72644,KEMP
Радіатор пічки (обігрівача)Opel Vectra A Calibra 88-95 AC + кондиціонер,1843106,7764975,90399229,KEMP
Радіатор пічки (обігрівача)Opel Vectra A Calibra Astra F 88-98 AC -,1806116,77643036,726531,KEMP
Радіатор пічки (обігрівача)Opel Vectra B 95-02 AC + кондиціонер,1843107,77643585,90463839,KEMP
Радіатор пічки (обігрівача)Opel Vectra B 95-02 AC + кондиціонер,1618110,77643037,72657,KEMP
Радіатор пічки (обігрівача)Skoda Oktavia A5 VWG5 Audi A3 Cadi3 180*187 03->,1K0819031,77642294,70228,KEMP
"Радіатор пічки (обігрівача)Skoda Oktavia VW BORA G4 А-3 1,6-2,0 234*157",1J1819031A,7764815,73921,KEMP
Радіатор пічки (обігрівача)Skoda SuperB Yeti 09->Volkswagen Passat  Tiguan 09 ->,3C0819031,77648907,73979,KEMP
"Радіатор пічки (обігрівача)VW Golf, Passat  84-99 234*157",191819031,776413,73962/1H0819031A,KEMP
"Радіатор пічки (обігрівача)VW Golf,Jetta 2010-> плоскі соти",5C0819031,77640872,73942,KEMP
Радіатор пічки (обігрівача)VW Sharan Ford Galaxi 152*266,7M1819030A,77647087,73973,KEMP
Радіатор пічки (обігрівача)VW Transporter T3 79-92 212*138,867819121A,77646187,73964,KEMP
Радіатор пічки (обігрівача)VW Transporter-4 (додаткова піч)235*157,701819032,77643038,73974,KEMP
Радіатор пічки (обігрівача)VW Transporter-4 92-03  230x155x42 з кондиц.,701820031,7764945,73977,KEMP
Радіатор пічки (обігрівача)VW Transporter-4 92-03 306*157,701819031A,7764390,73965,KEMP
Радіатор пічки (обігрівачаDaewoo Nexia (ПЛОСКІ СОТИ УЗБЕК)180*135*40мм з вушками,03059812-10,77642099,,KEMP
Радіатор пічки (обігрівачаOpel Vectra A Calibra Astra F 88-98 AC - (плоскі соти),1806115,77646558,726531,KEMP
Разъем АКПП Mercedes Benz Sprinter/Vito,5466,,2035400253,KEMP
Разъём электро вентилятора 3х контактный спроводами VW,1H0906233,77641002,191982525,KEMP
Рамка крепления противотуманной фары VW T4 R 96-03 правая,7D0941804,77642610,7D0941802,KEMP
Рамка кріплення протитуманної фари VW T4 L 96-03 ліва,7D0941801,77642609,,KEMP
Рамки кріплення протитуманної фари VW T4 L+ R 96-03 комплект 2шт,7D0941804AS,77640108,7D0941801AS,KEMP
Распредвал Ford Escort 1.8 D 88->,6 173 095,77643532,89FF6250BB,KEMP
Распредвал Ford Transit 2.5D 89->,924F6250AA,77643115,,KEMP
Распредвал Opel Ascona Astra Vectra Omega 1.8-2.0i,90271486,77648591,90271489,KEMP
Распределитель воды (тройник)  LANOS,96352644,77643452,,KEMP
Расходомер воздуха Master/Movano 2.2-2.5dCi 03>,09.0306,,7700314057,KEMP
"Расходомер воздуха VW LTpasA3-A6Caddy3 1.9 2.0,2.8TDI  T-5 2.5TD03->г.",0281002461,77641223,,KEMP
Расходомер воздухаSuperb/Passat 1.9 TDI / LT/T4 2.5 TDI,7.22684.16.0,,038906461,KEMP
Регулятор давления топлива VW Audi 3bar  (клапан обратки)Б.У.,037133035C,77647851,0280160552,KEMP
Регулятор холостого хода VW Audi Fiat Peugeot (4 контакта),0132008600,77645764,132008602,KEMP
Регулятор холостого ходу VW Audi Fiat Peugeot (6 контактів),0132008601,77645765,132008601,KEMP
Редуктор стартера  VW/Audi (бензин),38012,7764320,,KEMP
Резинка крепления глушителя VW/Audi,893253147F,77641683,,KEMP
Рейка рулевая  Dacia Logan Sondero 05-> гидро,8200720881,77645681,6820000117,KEMP
Рейка рулевая  Dacia Logan Sondero 05-> мех.,6001547612,77643682,,KEMP
Рейка рулевая  Fiat Ducato Jumper Boxer 94-00 мех.,9451178380,77643681,,KEMP
Рейка рулевая  Peugeot Partner Citroen Berlingo (мех) пыльник+тяга,4000S2,77643684,4000.S2,KEMP
Рейка рулевая  Renault Trafic 80-97 мех пыльник тяга,7701461766,7764901,7701462387,KEMP
Рейка рулевая Audi-100 76-91г. (мех.),443419063B,77642137,,KEMP
Рейка рулевая Audi-100 89-94 A6 94-97 гидравличеслая,4A1422065AL,7764998,443422105E,KEMP
Рейка рулевая Audi-80 Passat B2 78-88 мех пыльник,811419063F,7764890,811419062C,KEMP
Рейка рулевая Felicia Favorit 98-94мех пыльник тяга,6U1422051B,7764907,115-500000,KEMP
Рейка рулевая Ford Eskort 90-96 мех пыльник тяга,5026748,7764893,91AB3A500CE,KEMP
Рейка рулевая Ford Eskort MK3 80-85 мех пыльник тяга,1610381,7764894,,KEMP
Рейка рулевая Ford Sierra мех пыльник тяга,1648238,77642138,83BB3503AE,KEMP
Рейка рулевая Ford Transit  V347 (с/ гидроусилителем),7C19-3200-AD,77645683,,KEMP
Рейка рулевая Ford Transit 91-00 мех,5028806,7764896,1641805/,KEMP
Рейка рулевая Lanos/Kadett/Vektra мех пыльник,96304378,7764891,520558,KEMP
Рейка рулевая Opel Combo Corsa C 00->(под эл.усил.) пыльник+тяги,900015,77642144,OP4040,KEMP
Рейка рулевая Opel Kadett/Vektra /Lanos/мех пыльник,96275011,77643113,96275011/26026340,KEMP
Рейка рулевая TICO мех,48500A78B01-000,7764892,,KEMP
Рейка рулевая VW Golf 1 78-83 мех,171419063,7764902,,KEMP
Рейка рулевая VW Golf-2  84-91/Passat B3 88-93 без г/у,191419063B,7764178,,KEMP
Рейка рулевая VW Transporter T3 81-92 мех,251419061,7764903,,KEMP
Рейка рулевая VW Transporter T4 91-03г. с Г/У,701422061,77641402,,KEMP
Рейка рулевая VW Transporter T4 91-03г.механика ( без тяг и пыльников),701419061D,77645685,,KEMP
Рейка рульова  Iveco Daily гідро пильник тяга НОВА,93808323,7764944,,KEMP
Рейка рульова  Iveco Daily мех пильник тяга,93808812,7764897,93801997,KEMP
"Рейка рульова Audi A4, Passat B5 з Г/У 95-01г.1022mm",8D1422069G,77641403,JRP600,KEMP
Рейка рульова Audi A6 з Г/У 95-01г. без  серво  датч.1060mm,4B1422052,77641411,JRP826,KEMP
"Рейка рульова Audi A6, Passat B5 з Г/У 95-01г. з серво  датч.",8D1422052BX,77641410,7852974326,KEMP
Рейка рульова Audi A80 84-91р.(гідравлічна),893422066,77642142,893422065,KEMP
Рейка рульова Chery Amulet з г/у,A11-3400010BB,77641781,,KEMP
Рейка рульова Ford Fiesta 96 -- без гідроусилювача,1041275,77641053,,KEMP
Рейка рульова Ford Transit (з/ гідроусилювачем) (пил+тяга),97VB-3N503-BA,77641052,,KEMP
Рейка рульова Ford Transit гідро 91-00 пильник тяга,6869955,7764895,1641805-5021910/,KEMP
Рейка рульова Mercedes (W210)2.0-4.3 92-05г.з Г/У без серво датч.,2104603100,77641412,,KEMP
Рейка рульова Mercedes (W210)2.0-4.3 92-05г.з Г/У з серво датч.,2104603100,77641405,,KEMP
Рейка рульова Mersedes Sprinter 2-t/4-t 95-00г. з Г/у (без тяг),9014604100-,77641404,9014610401,KEMP
Рейка рульова Mersedes Sprinter 2-t/4-t Crafter 30-50 06->р. з Г/у (Б/У без тяг),9064600400,77648231,R90611011005,KEMP
Рейка рульова Opel Combo Corsa D 06->(під ел.підсилювач),93189032,77645684,9000032,KEMP
Рейка рульова Opel Corsa B 93-00р.(мех) пил.+тяги,900279,77642139,DSR569L,KEMP
"Рейка рульова VW Bora, Octavia, A3 гідро",1J1422060JX,7764905,1J1422105,KEMP
"Рейка рульова VW Golf 2 .3, Passat 3 .4. гідро (крупний шліц 22)",191422065M,77641334,1H1422061X,KEMP
"Рейка рульова VW Golf 2 .3, Passat 3 .4. гідро (крупний шліц 22)пил.+тяги",1H1422055,77642143,,KEMP
"Рейка рульова VW Golf 2, Passat 3 гідро пильник тяга",6K1422061A,77640833,,KEMP
"Рейка рульова VW Golf 2, Passat 3 гідро пильник тяга",191422055,7764906,191422065C,KEMP
Рейка рульова VW Golf-2 84-91/Passat B3 88-93 без г/у (крупний шліц),191419063C,77642140,,KEMP
Рейка рульова VW LT 28-35 96-06г. з Г/У (без тяг),2D1422055A,77643453,,KEMP
Рейка рульова VW Polo 94-99р.(мех) пил.+тяги,6N1419063,77642141,,KEMP
Рейка рульова VW Transporter T5 03г.-> з Г/У,7H1422061HX,77645686,7H1422061J,KEMP
Реле генератора Daewoo Lanos  85А,93740827,77642810,140475019,KEMP
Реле генератора Transit  2.5 D Mitsubishi,M0757,77647091,,KEMP
Реле моторчика печкиMercedes Benz W210,2028207310,77646781,2108206210,KEMP
Реле свечей накала Audi 1.6-2.0D TDVW1.6-1.7D TD  LT28-35 2.4D,171911261E,77645387,,KEMP
Реле свечей накала Audi 2.4D TD 2.5TDI VWT4 1.9-2.4D LT 2.4D TD,191911261C,77645386,911260001,KEMP
Реле свечей накала Mercedes Benz M611,5483,,0005453516,KEMP
Реле стартера втягивающее Daewoo Lanos.Esp.Nexia (2 крепления),93740838,77643251,13046003,KEMP
Реле стартера втягивающее Daewoo Lanos.Esp.Nexia (3 крепления),10476117,77641276,13046002,KEMP
Реле стартера втягуюче Ford Opel/ Fiat VW/Audi  (тип Bosch),0331303071,77645767,,KEMP
Реле стартера втягуюче Mercedes 2.0-3.0 D/TD тип BOSH12V,0331402016,77642524,0331402006,KEMP
Реле стартера втягуюче Mercedes Ford Opel/ Fiat VW/Audi  (тип Bosch),0331303071,77645768,,KEMP
Реле стартера втягуюче Mercedes тип BOSH12V,0331402013,77645425,,KEMP
Реле стартера втягуюче Mercedes тип BOSH24V,0331402053,77642525,,KEMP
Реле стартера втягуюче Mercedes тип VALEO,594347,77645427,,KEMP
Реле стартера втягуюче Opel/Ford Fiat VW/Audi  (тип Bosch),0331303071,77645766,,KEMP
Реле стартера втягуюче VW/Audi 00г-> тип BOSCH Caddy3/T5/Golf 5/B6/Tiguan/Tou,0AH911287,77645756,2339305080,KEMP
Реле стартера втягуюче VW/Audi/Ford/Opel/Ford (бензин),0331303002,77645426,,KEMP
Реле стартера втягуюче VW/Audi/Ford/Opel/Ford (бензин),026911287,7764188,055911287C,KEMP
Релле генератора Ford Transit  LUKAS,LO223,77641247,,KEMP
Релле генератора Ford Transit  V184 2001->,B0235,77646056,,KEMP
Рем. комплект кулаки VW Golf-2/Golf-3,191798116,7764340,,KEMP
Рем.комплект маятника Mercedes Benz MB100,007/MB,,6313301449,KEMP
Ремень генератора Daewoo  Lanos  1.5  5PK875 без г/у,96352455,77641279,5PK875,KEMP
Ремень генератора Daewoo Lanos/Chevrolet Aveo  1.6 6PK1875,96183108,77642964,6PK1875,KEMP
Ремень генератора DW970mm Daewoo Lanos Nex.1.5 SOHC,96144933,77641278,5PK970,KEMP
Ремень гидроусилителя Ford Scorpio 2.0 OHC инжектор 11*1170,11*1170,77643119,,KEMP
Ремень ГРМ + ролик,K015535XS,77643327,13020951,KEMP
"Ремень ГРМ + ролик Daewoo Matiz 0,8",K015434XS,77643326,13020950,KEMP
Ремень ГРМ Cevrolet Lacetti 1.8 2008->5499XS,5300354,77642742,,KEMP
Ремень ГРМ Daewoo Lanos CT-874  11MR17,96352407,77644207,CT-874,KEMP
Ремень ГРМ VW T5/Caddy 1.9TDI 03>,CT 1028,,038109119S,KEMP
Ремень зубчатый газораспр VW Audi 1.6-2.0 78-93г.,056109119A,7764820,CT637,KEMP
Ремень зубчатый ГРМFord Escort 1.4-1.6 CVH 97зубов.,94234,77643117,,KEMP
Ремень зубчатый ГРМFord Sierra Scorpio 1.8-2.0OHC 122зуба,94422,7764825,,KEMP
Ремень поликлиновой MB 208-410 Sprinter Vito 6PK2080,6PK2080,77643161,,KEMP
Ремень поликлиновой MB Sprinter Vito 6PK2100,6PK2100,77643162,,KEMP
Ремень поликлиновой Mercedes 208-410 6PK2030,6PK2030,77643160,,KEMP
Ремень поликлиновой Renault Trafic 2.0 AC -,907 1741,776407922,,KEMP
Ремень ручейковый 7PK1795 Opel Movano 2.2DTI/2.5DTI/2.5CDTI/Renault Master 2.5DC,12.0137,,4405280,KEMP
Ремень ручейковый 8 PK 2040 Mercedes Benz M642,9936,,0009932896,KEMP
Ремінь генератора Daewoo Sens (10*725),9100082,77644115,,KEMP
Ремінь генератора Ford Transit 2.0 2001р.->,6PK831,77643118,,KEMP
Ремінь гідропідсилювача Ford Scorpio 2.0 DOHC 89г.,6PK1815,77641277,,KEMP
Ремінь ГРМ 109YU25,96610029,77643325,5301527,KEMP
Ремінь ГРМ Cheri Amulet,480-1007081BA,77642746,,KEMP
Ремінь ГРМ Daewoo Matiz 0.8 107YU25,96352965,77643324,,KEMP
Ремінь зубчастий VW Audi 1.8T.1.8-2.0 20V 98-05г.,06B109119A,7764826,150S8M23,KEMP
Ремінь зубчастий ГРМ Audi A4 A6 A8 2.4-3.7 2.7T 98-05г.,078109119H,77642380,,KEMP
Ремінь клиновидний 10*730,10X730,77644308,,KEMP
"Ремінь клиновидний 11,2*866",054903137,77644309,"11,2*866",KEMP
Ремінь клиновидний 11.5*528,11.2X528,77644306,,KEMP
Ремінь клиновидний 12.5*950,13X950,7764751,,KEMP
"Ремінь клиновидний 9,5*950",10X950,7764749,,KEMP
Ремінь кондиціонера Daewoo Lanos 13*840mm,96486814,77641280,,KEMP
Ремінь поликлиновой  Mercedes A150-A200;B150-200 A;B Class Audi A6 VW Passat B5,5PK1300,77645481,0159974792,KEMP
Ремінь поликлиновой Audi  A1 A3 VW Golf Polo(9N) Skoda  1.4 1.6  06->,6Q0903137A,77645492,6PK1088,KEMP
Ремінь поликлиновой Audi  A3 TT VW Golf Passat Transporter T5 Skoda 1.6-2.0 98,06A145933D,77645493,6PK1125,KEMP
Ремінь поликлиновой Audi  A4 A5 A6 Q5 1.8-2.0 T;TFSI VW Transporter T4 2.0,06B903137D,77645488,6PK1590,KEMP
Ремінь поликлиновой Audi  A80 A100 A4 A6 A8VW Passat B5  Citroen Berlingo,06B260849A,77645501,4PK855,KEMP
Ремінь поликлиновой Audi  VW Golf Caddy2 Skoda Octavia 1.9 TDI SDI Pas. 2.3VR5,038903137J,77645498,6PK1660,KEMP
Ремінь поликлиновой Audi  VW Skoda  1.4 TFSI TSI GTI 06->,03C903137A,77645494,6PK1596,KEMP
Ремінь поликлиновой Audi A1 A2 A3 VW Golf 7 Skoda 1.0-1.4  2011->,6PK1000,77645480,04E145933A,KEMP
Ремінь поликлиновой Audi A1 A3 VW Golf Caddy3 Skoda 1.2 TSI 09->,03F903137A,77645490,6PK1429,KEMP
Ремінь поликлиновой Audi A100 A80 A6 A8 2.6-2.8 91-97 AC+,078903137AJ,77645497,6PK1905,KEMP
Ремінь поликлиновой Audi A3 TT VW Golf 5;6 Scirocco 2.0 GTI  TFSI 04->,06F903137L,77645483,6PK953,KEMP
Ремінь поликлиновой Audi A3 VW Golf Caddy3 Skoda  Octavia Fiat Ducato,06F903137E,77645495,6PK900,KEMP
Ремінь поликлиновой Audi A3 VW Golf Skoda  Octavia 2.0TFSI  Fiat Doblo 1.9 D-JTD,06F260849L,77645499,6PK1054,KEMP
Ремінь поликлиновой Audi A4 A5A6 2.5TDIVW Passat B5  2.5 TDI,059903137H,77645485,6PK2404,KEMP
Ремінь поликлиновой Audi A4 A5A6 A7 Q5 3.0TDI3.2TFSI Mercedes Vario,06E903137J,77645487,6PK2411,KEMP
Ремінь поликлиновой Audi A4 A5A6 A8 Q7 2.7 3.0TDI VW Toureg 3.0TDI,059903137T,77645486,6PK2490,KEMP
Ремінь поликлиновой Audi A4 A6 1.8 2.0 Seat Exeo 1.6 1.8T 2.0 02->,06B903137J,77645482,6PK1572,KEMP
Ремінь поликлиновой Audi A4 A6 1.9TDI  2.0TDI,03G903137E,77645504,6PK1613,KEMP
Ремінь поликлиновой Audi A4 A6 1.9TDI  2.0TDI VW Crafter 2.0TDI Pas 3.2-3.6,022145933AP,77645505,6PK1610,KEMP
Ремінь поликлиновой Audi A4 A6 2.5TDI  VW Passat B5 2.5 TDI,059260849B,77645502,4PK1237,KEMP
Ремінь поликлиновой Audi A4 A6 A8 VW Pas.Pollo Opel Vectra C,078903137BC,77645500,6PK1878,KEMP
Ремінь поликлиновой Audi A4 A6 A8 VW Pas.Pollo Opel Vectra C Signum,078903137BJ,77645506,6PK1882,KEMP
Ремінь поликлиновой Audi A4 S4 A8 Q7 4.2 VW Touareg 4.2 V8,079903137AA,77645479,5PK1117,KEMP
Ремінь поликлиновой Audi A6 2.0TFSI VW Transporter T5 2.0 TDI  Opel Ford,6PK1557,77645489,06D903137F,KEMP
Ремінь поликлиновой Audi A6 Q3 Q5 VW Caddy3 Octavia A5 Golf,06J260849F,77645484,6PK1100,KEMP
Ремінь поликлиновой Citroen Berlingo Fiat Punto Peugeot 205-306 309 Partner,46451652,77645503,4PK855,KEMP
Ремінь поликлиновой Renault 9-211.7 Citroen Berlingo Jumpy Jumper Scudo,030145933AJ,77645496,6PK1160,KEMP
Ремінь поликлиновой Renault Kango Clio Megane Dacia Logan 1.5 DCI,5PK1137,77645491,5PK1137,KEMP
Ремінь поликлиновой VW Golf Transporter T5 1.9 TDI Skoda  Octavia 1.6-2.0,06A260849C,77645507,6DPK1200,KEMP
Ремінь поліклиновий Mercedes Sprinter Vito 6PK2150,6PK2150,77643163,,KEMP
Ремінь поліклиновий Mercedes Sprinter Vito 6PK2205,6PK2205,77643164,,KEMP
Ремінь поліклінований Audi 100 A6 Porsc.911 Mercedes Sprinter (906) Vito (639),6PK2290,77645477,06E903137AA,KEMP
Ремінь поліклінований Audi A4 A6 2.5TDI Q5Q7  VW Passat B5 1.9 2.5 TDI,06E903137AC,77645476,6PK2403,KEMP
Ремінь поліклінований Audi A5 A6 A7 Q5 Mercedes E Class R129,06E903137T,77645478,6PK2330,KEMP
Ремінь поліклінований Audi A6 1.8 20V VW Passat B5 1.6 -2.0 Mercedes A;B Class,06C903137,77645474,5PK1300,KEMP
Ремінь поліклінований Audi A6 3.0 Opel Vectra C3.0CDTI  Ford Escort 6PK1920,06C903137D,77645473,6PK1920,KEMP
Ремінь поліклінований Audi Q7 3.0V6 V8 4.2 VW Tuareg 3.0V6  Mercedes E Class,077903137L,77645475,6PK2475,KEMP
Ремкомплект важеля переднього Mercedes W202,2023300075,77641696,,KEMP
Ремкомплект важеля переднього Mercedes W210,2103300475,77641695,2013300475,KEMP
Ремкомплект заднего тормозного барабана Daewoo Matiz L,94580433,77644029,,KEMP
Ремкомплект заднего тормозного барабана Daewoo Matiz R,94580434,77644030,,KEMP
Ремкомплект задній гальмівної барабана Chevrolet Aveo L,96456494,77643003,,KEMP
Ремкомплект задній гальмівної барабана Chevrolet Aveo R,96456495,77643004,,KEMP
Ремкомплект заднього гальмівного барабана Daewoo Lanos L,90199718,77641281,,KEMP
Ремкомплект заднього гальмівного барабана Daewoo Lanos R,90199719,77641282,96395382,KEMP
Ремкомплект Комплект пр-кк карбюратора AUDI 100 1.8,77648079,77648079,S5G,KEMP
Ремкомплект Комплект пр-кк карбюратора Ford Escort XR2 Orion,77648076,77648076,W547.1,KEMP
Ремкомплект Комплект пр-кк карбюратора Ford Granada 2.8,77648078,77648078,W553 1,KEMP
Ремкомплект Комплект пр-кк карбюратора Ford Scorpio Sierra,77648075,77648075,W549.1,KEMP
Ремкомплект Комплект пр-кк карбюратора GRANADA 2.0 PIERBURG 32/35 EEIT,77648080,77648080,S34G,KEMP
Ремкомплект кулаки КПП Daewoo Sens,T1301-1703028,77643444,,KEMP
Ремкомплект кулисы КПП Ford Transit 92->,,77644186,,KEMP
Ремкомплект маятника рул.мех. MB  W201,2014600050,77645447,,KEMP
Ремкомплект маятника рул.мех. MB W123 W126 W107,1235860046,77645446,1264600819,KEMP
Ремкомплект маятника рул.мех. MB W124 W201 W123,1244600019,77641699,,KEMP
Ремкомплект направляючі супорта  Daewoo  Lanos к-кт( +0.5 ),1304.4003,77641843,93740249,KEMP
Ремкомплект направляющая суппорта Ford Transit (верхняя) 1шт,92VB2L526AA,77644171,,KEMP
Ремкомплект направляющая суппорта Ford Transit (нижняя) 1шт,92VB2L527AA,77644172,,KEMP
Ремкомплект направляющие суппорта Chevrolet Aveo к-кт  (2  колса),93742635,77643788,,KEMP
Ремкомплект насоса гидроусилителя Mercedes 208-310,19154,77644062,0140469009,KEMP
Ремкомплект насоса гідропідсилювача Mercedes 208-310,0004604861,77644061,0140469009,KEMP
Ремкомплект правого стеклоподъемника Fiat Ducato 02>,05.0311,,1341396080,KEMP
Ремкомплект раздвижных тяг левой двери Peugeot Boxer/Citroen Jumper/Fiat Ducato,050106,,8726N7,KEMP
Ремкомплект рулевой рейки MB Sprinter,BG46011,77643527,9014604100,KEMP
Ремкомплект рулевой рейки MB Vito,6384602900-1,77643528,BG46010,KEMP
Ремкомплект рычага переднего MB W201 W124,1243300575,77641698,,KEMP
Ремкомплект спрямовуючі супорта Daewoo Lanos к-кт,93740249,77643790,,KEMP
Ремкомплект спрямовуючі супорта Daewoo Lanos к-кт (+0.25),1304.4002,77643789,93740249,KEMP
Ремкомплект супорта Ford Transit V-184,YC152B107AA,77644691,,KEMP
Ремкомплект шланга обратки (к-кт пластик) Renault Trafic 1.9dci 01>,11.0251,,7700114802/1,KEMP
Рем-кт верхнього ролика сувальної двері Renault Master/Opel Movano 10>,777946809R,77646246,,KEMP
"Ремк-т саласки бок. двери, MB 208-410 (средний)",A6017601847,77644046,BG73007,KEMP
Решетка радиатора с 2003 г.Mercedes Benz Sprinter,8815,,9018800385,KEMP
Решітка бампера R під противотуманку з накладкою Aveo,9053661,77642334,,KEMP
Решітка бампера нижня   Audi-A6 95-97г.середня,4A0807683A01C,77644312,,KEMP
Решітка бампера нижня  Audi-A6 95-97г.L ліва,4A0807345A,77644313,,KEMP
Решітка бампера нижня Audi-A6 95-97г.комплект (3 шт.),4A0807683A+345A+346A,77642214,,KEMP
Решітка бампера під протитуманки VW T5  L ліва,7H5807489,77644101,,KEMP
Решітка бампера середня VW T5,7H0807719,77644100,,KEMP
Решітка радіатора Chevrolet Aveo,,77641743,,KEMP
Решітка радіатора Daewoo Nexia (в зборі),96209251,77641735,,KEMP
Решотка бампера Audi 100 84-91 (нижняя),443853667,7764472,,KEMP
Решотка бампера L под противотуманку с накладкой Aveo,9053660,77642333,,KEMP
Решотка бампера нижняя  Audi-A6 95-97г.R,4A0807346A,77644314,,KEMP
Решотка бампера нижняя Audi-100 92-96  под противот.(компл),4A0853683F,7764576,,KEMP
Решотка бампера под противотуманки VW T5  R правая,7H5807490,77644102,,KEMP
Решотка нижняя VW Passat В4 93-95,3A0853677,7764567,,KEMP
Решотка радиатора Audi-100 84 -91,443853655A01C,7764270,,KEMP
Решотка радиатора Audi-100 84-91 тюнинг хром вокруг,443853655C+хром,7764359,,KEMP
Решотка радиатора Audi-100 91-94,4A0853651,77645467,,KEMP
Решотка радиатора Lacetti,965491729,77641301,,KEMP
Решотка радиатора Lanos,96303229,77641283,,KEMP
Решотка радиатора Lanos II,96339429,77641960,,KEMP
Решотка радиатора VW Passat В4 93-95,3A0853653C01C,77641540,,KEMP
Решотка радиатора VW Passat В5 96-00  тюнинг хром,3B0853653C,7764786,,KEMP
Роз'єм електро вентилятора 3х контактний з проводами Audi,443959841A,77642220,,KEMP
Розпірна планка зад. гальм. колодок Ford 00->(тріщітка) 1шт,1522225,77648926,,KEMP
Розподвал Ford Escort 1.3 OHV 89->,98BM6251BA,77643534,6 165 215,KEMP
Розподвал Ford Escort 1.4-1.6 CVH,81SM6251KE,77643533,,KEMP
Розподільний вал 480 (Аналог) A11/A15/A18 Chery Amulet/Karry 1.6л,480EEBJ1006015,77641745,,KEMP
Розподільчастотний вал Ford Escort 1.4-1.6 CVH(карбюратор) !без гарантії!,1614766,77645816,81SM6251KE,KEMP
Розподільчий вал Audi  A3 Scoda Octavia  VW G4 Polo Caddy2  1.9 TDI 98->,038109101K,77648586,,KEMP
Розподільчий вал Audi 100 A6 VW T4 LT 28-46 2.5TDI,074109101J,77648583,,KEMP
Розподільчий вал Audi 1002.0 D;TD 2.4 D VW T4 2.4D,074109101B,77648587,,KEMP
Розподільчий вал Audi 80 A4 A6 VW G3 Passat  Caddy2 T4 1.9 TDI,028109101F,77648585,,KEMP
Розподільчий вал Audi 80 VW G3 Passat 3;4 Caddy2 T4 1.9D/TD,028109101G,77648584,,KEMP
Розподільчий вал Daewoo Lanos  1.5 i,96182964,77648594,,KEMP
Розподільчий вал Daewoo Lanos Chevrolet Aveo 1.5 i,90264937,77648590,,KEMP
Розподільчий вал Daewoo Nexia 1.5 i,92244916,77648593,93344916,KEMP
Розподільчий вал Fiat Ducato Iveco Daily2 Opel Movano 2.5-2.8 D;JTD;TDI,98427674,77648597,,KEMP
"Розподільчий вал Ford Sierra, Scorpio ОНС  1.6 - 2.0",78HM6250BA,77641197,78HM6250AA,KEMP
Розподільчий вал Opel Ascona Kadet 1.6D,636127,77648598,,KEMP
Розподільчий вал Opel Ascona Kadet Astra Vectra 1.6D 1.7 D TD,90273368,77648595,,KEMP
Розподільчий вал Opel Ascona Kadet Corsa 1.3S,90156986,77648596,636053/636053,KEMP
Розподільчий вал Peugeot Partner;806;Boxer Citroen Berlingo Jumpy 1.9 D TD,0801E8,77648589,0801.E8,KEMP
Розподільчий вал Renault Clio Kangoo Megane 1.5 DCI 01->,8200089894,77648588,,KEMP
Розподільчий вал Renault Clio Kangoo Megane Trafic/Master 1.9dci 01>,8200043152,77648599,,KEMP
Розподільчний вал Audi A3 A4 A6 Scoda Octavia VW G5 Polo Caddy3 VW T5 1.9 TDI,038109101R,77648601,,KEMP
Розподільчний вал Renault Clio Kangoo Megane 1.9 D,7700106678,77648600,,KEMP
Розподільчний вал Scoda Octavia VW G4 Polo Caddy2 1.9 SDI,038109101E,77648602,,KEMP
Рокер Ford ОНС,,77641392,,KEMP
Рокер Opel  Kadet Vectra Omega Daewoo Lanos Nexia,96351051,77643618,,KEMP
Ролик  CVH  86 --,6131141,77641132,6182891,KEMP
Ролик  генератора Ford Escort Opel BMW 70*26mm,1340534,77642724,,KEMP
Ролик  генератора Ford Focus Mondeo,92111701,77644164,,KEMP
Ролик  генератора Ford Scorpio 2.0 DOHC 89-> 76*26mm,078903133,77642723,,KEMP
Ролик  генератора Ford Transit  V184 без механізму,YC1E9444AD,77642600,,KEMP
Ролик  генератора Ford Transit  V184 з механізмом,1E9444AD,77642601,,KEMP
Ролик  ГРМ Ford Transit  2.5 д.,6121753,77644879,6121753,KEMP
Ролик  натяжной  1.8 D TD Ford Escort Sierra Mondeo,F-110937,77642725,,KEMP
Ролик  натяжной  1.8 д - 92 г с планкой,6497120,77641131,F-140057,KEMP
Ролик  ОНС,1496915,77641130,,KEMP
Ролик  ременю поліклінового Mercedes Sprinter Vito 638 639 CDI (26.4*69-6PK),532016010,77645443,0002020019,KEMP
Ролик  ременя поліклинового Mercedes Sprinter Vito 638 639 CDI (26.4*69-6PK),0002020919,77643432,0002020019,KEMP
Ролик  ремня поліклінового Mercedes Sprinter Vito 638 639 CDI (26.4*69-6PK),0002020019,77644869,,KEMP
Ролик бічної двері Mercedes vito 447 2014- (верхній) r,4477600147,77642744,,KEMP
Ролик бічної двері Mercedes vito 447 2014- (нижній) r,4477600747,77643276,,KEMP
Ролик бічної двері прав середній з кронштейном iveco daily e3 00 -,500329765,77641243,,KEMP
Ролик бічної правої зсувних дверей середній  2007 - Peugeot:Expert  Fiat:Scudo,1498207080,77641855,,KEMP
"Ролик бок. двері,Mercedes vito (447), 2014>, (сред.), r",4477600547,77645742,,KEMP
Ролик боковий зсувної двері правий середній iveco daily euro-3 9,3801610,7764524,,KEMP
Ролик бокових зсувних дверей правий середній fiat doblo 09-,51814082,77641491,,KEMP
Ролик бокових правих дверей верхній  C Jumper III/F Ducato 14>,1616813480,77641503,,KEMP
Ролик бокової дверей нижній правий Mercedes sprinter 907,9077604100,77641514,A9077604100,KEMP
Ролик бокової двері нижній правий iveco daily e6 14-,5801523374,77618950,,KEMP
Ролик бокової зсувних дверей правий верхній fiat doblo 09- OPEL COMBO D 02.10-,51814080,77641527,,KEMP
Ролик бокової правої зсувних дверей верхній 2007 - Peugeot:Expert  Fiat:Scudo,1498209080,77641526,,KEMP
"Ролик бокової правої зсувної двері середній  renault trafic - opel vivaro, 2014>",777645238R,77648946,77648946,KEMP
Ролик генератора Ford Mondeo 93 --  с механизмом,93BB6A228AG,77641129,,KEMP
Ролик гладкий Mercedes Benz Sprinter CDI,2003,,6112000570/1,KEMP
"Ролик ГРМ Audi-80, A6 1.9 TD/ Caddy 1.6-1.9 TD Golf-3 1.6-2.0 TDI",028145278E,7764516,,KEMP
Ролик ГРМ паразитний Ford Escort Sierra 1.8D/TD (шестерня),F-140073,77644165,,KEMP
Ролик дверей ковзаючих правий нижній Mercedes (електро з кабелем),9068204569,77641498,,KEMP
Ролик двери сдвижной левый средний fiat doblo,46843005,77645129,,KEMP
Ролик двері (нижній) Mercedes sprinter 209-519/vw crafter 30-50 06- (з дротом,9068204169,77649029,,KEMP
Ролик двері бічної правої верхній ford transit custom (12-),BK21V25028AD,77643289,,KEMP
Ролик двері бічної правої середній ford transit custom (16-),BK21V268B40AF,77643434,,KEMP
Ролик двері зсувної правий верхній opel combo 01-11,124999,77649113,,KEMP
Ролик двері зсувної правий нижній iveco daily 00>05,500329841,77640082,,KEMP
Ролик двері зсувної правий середній opel combo 01-11,5124921,77646474,5124922,KEMP
Ролик двері сдвижної правий нижній opel combo 01-11,124995,77649033,,KEMP
"Ролик з важелем бічної двері прав верх trafic 3 14-, vivaro  з кронштейном",7700311971,77647033,,KEMP
Ролик зсувних дверей Renault Trafic,05.0116,77646484,7700312370,KEMP
Ролик зсувних дверей правої нижній (комплект) iveco daily 06- 3804682,3804682,77641918,,KEMP
Ролик ЗЭТЭК великий,F5RZ6K254A,77641126,,KEMP
Ролик ЗЭТЭК малий,6744307,77641128,,KEMP
Ролик ЗЭТЭК середній,928M6250BC,77641127,6635942,KEMP
Ролик кронштейна відсувної двері Renault Trafic Opel Vivaro 2001 верхній,7700312971,77645066,7700 312 370/RVS1032,KEMP
Ролик левой сдвижной двери нижнийMercedes Benz Sprinter,7644,,9017600028,KEMP
Ролик левой сдвижной двери средний Mercedes Benz Sprinter,7643,,9017600047,KEMP
Ролик натягу,532016310,77642911,078109244G,KEMP
Ролик натягу,078109244G,7764623,,KEMP
"Ролик натягу  Audi-100 91-94/ A- 6/A-8  2,6-2,8",531008420,77642912,078109243C,KEMP
Ролик натягу Audi / VW ransporter T4 LT28-35 Crafter 2.5TDI CDI 96- 06-,531034230,77643402,074109243E,KEMP
"Ролик натягу Audi- А4, А6, А8, 2,6-2,8",531010320,77642910,078109243K,KEMP
"Ролик натягу Audi- А4, А6, А8, VW Passat B5 2.4 2.7T 2.8V6 97-05",531047720,77642927,078109243R,KEMP
"Ролик натягу Audi-80 -96 /Audi-100 -94 2,6-2,8",532013210,77642909,078903341J,KEMP
Ролик натягу VW Audi G3 A80 Pas B4 1.9 TDI,028109243B,77642052,,KEMP
"Ролик натягу генератора Audi- 80 А4, А6 2,4 2,6-2,8 95-05г. (без механізму) 76*2",1009030003,77647842,078903133F,KEMP
"Ролик натягу генератора Audi- 80 А4, А6 2,4 2,6-2,8 95-05г. (з кронштейном)",534011620,77647722,078903133AB,KEMP
Ролик натягу ГРМ паразитний Audi 2.6-2.8,078109244F,77642913,531073110,KEMP
Ролик натягу ГРМ паразитний Audi 2.6-2.8,078109244F,7764624,55420,KEMP
Ролик натяжения  ремня ГРМ  Opel Astra F Vectra A Kadet EOmega A 1.8-2.0,90530124,77644885,90411769,KEMP
Ролик натяжения Audi-100 /А-6/LT/T-4 2.5 TDi,074109243F,7764275,531027430,KEMP
Ролик натяжения MB 84-02  2.0-2.5,531071810,77643098,6012000970,KEMP
Ролик натяжения VW 1.9 TDI,028109243F,77645274,531025130,KEMP
Ролик натяжения ГРМ  Opel Ascona/Kadett D,7764537,7764537,90180131,KEMP
Ролик натяжения поликлиновой ремень VW Audi Scoda  70*24mm без механизма,533007630,77643960,06A903315E,KEMP
Ролик натяжения ремня ГРМ VW Golf Vento Polo Caddi2 1.4-1.6  92-00,531025230,77643822,030109243K,KEMP
Ролик натяжения ремня ГРМ VW LT28-35 2.4D 92-96г. Volvo  940 II,531052330,77643826,074109243D,KEMP
"Ролик натяжения ремня ГРМ VW/Audi  1,3-2.0 73-01",531006310,77642926,026109243,KEMP
"Ролик натяжения ремня ГРМ VW/Audi  1,3-2.0 73-01",026109243 E,7764271,VKM11000,KEMP
Ролик натяжіння  ремня ГРМ  Opel Astra F: G Vectra A Kadet E 1.4 1.6i (19*59),90499401,77644884,90353276,KEMP
Ролик натяжіння  ремня ГРМ  Opel Astra F:G Vectra A:B 1.7D 1.8-2.0 16V,90411774,77644886,,KEMP
Ролик натяжіння  ремня ГРМ  Opel Astra G:H Vectra B:C 1.4-1.816V 98->,90530123,77644888,,KEMP
"Ролик натяжіння Audi-80 -96 /Audi-100 -94 2,6-2,8  (90*25)",078903341J,77644871,,KEMP
Ролик натяжіння Mercedes 84-02  2.0-2.5,6012000970,77644877,,KEMP
Ролик натяжіння VW 1.9 TDI,531025130,77641976,028109243F,KEMP
Ролик натяжки поликлинового ремня MB OM 601-602  M-102,532002510,77645442,6012000770,KEMP
Ролик натяжки поліклинового ремня Mercedes OM 601-602  M-102,6012000770,77641929,,KEMP
Ролик натяжки ремня ГРМ Chery Amulet,A118111200AB,77641983,,KEMP
Ролик натяжки ремня ГРМ Chery Amulet,A11-8111200AB,77644895,,KEMP
Ролик натяжки ремня ГРМ Chery Amulet,4801007050,77641979,,KEMP
Ролик натяжний  ремня Г.Р.М. Audi A3 TT VW Golf Skoda Octavia 1.8 1.8T 20V,531039920,77642917,06B109243,KEMP
Ролик натяжний поліклинового ремня Audi A4 A6 VW Pas.1.6 1.8 1.8T 1.9TDI 96-01г.,531030910,77642382,058260511,KEMP
Ролик натяжний поліклинового ремня з механізмом VW Audi 1.6-2.0 95-00г.,058903133D,77642390,,KEMP
Ролик натяжний поліклинового ремня з механізмом VW Audi 1.9TDI 00-05г.,038903315P,77642392,,KEMP
Ролик натяжний поліклинового ремня з механізмом VW Audi 1.9TDI 96-06г.,038903315C,77642391,,KEMP
"Ролик натяжний поліклінового ремня Chevrolet Captiva Epica Lacetti,Daewoo Nubira",96298799,77644892,1340541,KEMP
Ролик натяжний поліклінового ремня Opel Astra G  Vectra C Zafira 1.6 16V 1.8,1340555,77644873,,KEMP
Ролик натяжний поліклінового ремня VW Passat B5 Audi A4 1.9TDI 95-00,531074510,77642915,028145278J,KEMP
Ролик натяжний поліклінового ремня з механізмом Audi A4 A5 A6 A8 2.4-3.2FSI 05->,534037510,77643815,06E903133A,KEMP
Ролик натяжний поліклінового ремня з механізмом Fabia Pollo 1.2;1.4TDI 00->г.,045903315A,77643829,,KEMP
Ролик натяжний поліклінового ремня з механізмом VW Audi 1.4-1.6 16V 97->,534012320,77642907,030145299F,KEMP
Ролик натяжний поліклінового ремня з механізмом VW Audi 1.9TDI 00-05г.,038903315AE,77642906,038903315F,KEMP
Ролик натяжний ремня Г.Р.М. Audi VW Golf Skoda Octavia Fabia00->1.9TDI,531043620,77643825,045109243C,KEMP
Ролик натяжний ремня ГРМ Audi A3 A4 1.6 Skoda Octavia 1.6-2.0 VW G5 00->,06A109479C,77642381,,KEMP
Ролик натяжний ремня ГРМ Audi A3 Skoda Octavia Fabia VW G4 1.9 SDI/TDI,531044030,77642383,038109243N,KEMP
Ролик натяжний ремня ГРМ Audi A4 A5 A6 Skoda VW Golf 5 2.0FSI 05->,531077710,77643818,06D109243B,KEMP
Ролик натяжний ремня ГРМ Audi A4 A5 A6 Skoda VW Golf 5 2.0TDI 05->,531080910,77643816,03L109243E,KEMP
Ролик натяжний ремня ГРМ Daewoo Espero 1.8-2.0,93202400,77644889,,KEMP
Ролик натяжний ремня ГРМ Daewoo Lanos  з кронштейном,13040361,77641968,963 505 50,KEMP
Ролик натяжний ремня ГРМ Daewoo Lanos Nexia Nubira 16V Chevr Aveo,96350550,77644893,,KEMP
Ролик натяжний ремня ГРМ Daewoo Matiz 0.8:1.0 Tico 0.8,94580139,77644872,12810-81400-000,KEMP
Ролик натяжний ремня ГРМ VW LT28-46 VW T4;T5 2.5 TDI 96-06г.,531034330,77643821,074130245,KEMP
"Ролик натяжника  Audi-100 91-94/ A- 6/A-8  2,6-2,8",078109243C,7764274,55407/VKM11200,KEMP
Ролик натяжника 76*25,531075130,7764536,55740,KEMP
"Ролик натяжника Audi  A4, A6 / VW Passat B5 95-00 1.8-1.8T",531049920,77643390,058109243E,KEMP
"Ролик натяжника Audi A4, A6 / VW Passat B5 96-04 1.8-1.8T",058109243B,7764502,VKM11004,KEMP
"Ролик натяжника Audi- А4, А6, А8, 2,6-2,8",078109243K,7764273,55419/VKM11201,KEMP
Ролик натяжника Audi-100 82-90 1.9-2.3/A-80 87-91 2.0-2.2/LT-28/Passat B2/ T-4,069109243B,7764535,55401,KEMP
"Ролик натяжника Audi-80 -96 /Audi-100 -94 2,6-2,8",078903341J,7764276,55408/VKM31010,KEMP
"Ролик натяжника VW 1,6-1,9D/1,6-1,9TD",068109243F,7764277,VKM11010,KEMP
"Ролик натяжника генератора Audi- 80 А4, А6 2,4 2,6-2,8 95-05г. (з кронштейном)",078903133AB,7764278,534011620,KEMP
Ролик натяжника поліклинового ремня Scoda Octavia VW Pas.B5 1.6--2.0,06A903315D,7764534,,KEMP
"Ролик натяжника ремня ГРМ VW/Audi  1,3-2.0 73-01",026109243G,77643375,,KEMP
Ролик натяжній  ремня Г.Р.М. Audi A3 TT VW Golf Skoda Octavia 1.8 1.8T 20V,06B109243,77643015,108217,KEMP
Ролик натяжній  ремня Г.Р.М. Audi A4 A6 Skoda Superb 2.0 1.8T 20V,531053120,77642920,06B109243B,KEMP
Ролик натяжній  ремня Г.Р.М. Audi VW Golf 5 Skoda Octavia Fabia 04->1.4-1.6 16V,036109243AC,77642947,531033910,KEMP
Ролик натяжній з механізмом Citroen Berlingo Peugeot Partner;806 1.8D1.9D;TD,575130,77642954,5751.30,KEMP
Ролик натяжной  ремня Г.Р.М. Audi 80 100 A6 2.0 90-97г.,531008220,77642914,048109243A,KEMP
Ролик натяжной поликлиново ремня Audi A4 A6 VW Pas.1.6 1.8 1.8T 1.9TDI 96-01г.,058260511,77645275,531030910,KEMP
Ролик натяжной поликлиново ремня Fiat Doblo Punto Panda  (23.5*65),E2F6011BTA,77644875,1535429,KEMP
"Ролик натяжной поликлинового ремня  Chevrolet, Lacetti, Aveo Daewoo Nubira",25184786,77644896,96349976,KEMP
"Ролик натяжной поликлинового ремня Chevrolet Aveo, Lacetti, Daewoo Nubira",96349976,77641748,96966707,KEMP
"Ролик натяжной поликлинового ремня Chevrolet Aveo, Lacetti, Nubira без механизма",96349976,77644357,13090940,KEMP
Ролик натяжной поликлинового ремня VW T4 1.9 D.TD,531072910,77641561,028145278E,KEMP
Ролик натяжной поликлинового ремня без механизма VW Audi 1.6-2.0 95-00г.,058903133D,77647406,,KEMP
Ролик натяжной поликлинового ремня с механизмом VW B5 Audi A4A6 1.9TDI 96-00г.,028903315M,77642393,,KEMP
Ролик натяжной ремня ГРМ Audi A3 A4 1.6 Skoda Octavia 1.6-2.0 VW G5 00->,531020320,77643959,06A109479A,KEMP
Ролик натяжной ремня ГРМ Daewoo Nubira Chevrolet Lacetti 1.8-2.0,09158004,77642998,,KEMP
Ролик натяжной ремня ГРМ Ibiza Cordoba Polo 1.4  16V 96-99,531056430,77643846,036109243J,KEMP
Ролик натяжнойVW Caddy/T4,314 5075,,,KEMP
Ролик натяжнойVW Caddy/T4,1450.88,,028145278,KEMP
Ролик паразитний  поликлинового ремня  Chevrolet Aveo Lacetti,96183113,77643002,1300303,KEMP
Ролик паразитний  поліклінового ремня  Chevrolet Aveo Lacetti Nubira,96183113,77644891,,KEMP
Ролик паразитний клинового ремня  Daewoo Lanos,96208428,77642997,,KEMP
Ролик паразитний поліклінового ремня Audi A3 RS3; TT VW Bora 2.5 TFSI 05->,531058520,77643828,07K145172C,KEMP
Ролик паразитний поліклінового ремня Audi A3; TT VW Bora 2.5 TFSI 06->,531058510,77643827,07K145172B,KEMP
Ролик паразитний поліклінового ремня FiatScudo Citroen Peugeot1.8-2.2 16V(25*78),575160,77644874,,KEMP
Ролик паразитний поліклінового ремня VW Golf Cadi Octavia 1.9SDI TDI (25*65*8),532033010,77642916,038145276,KEMP
Ролик паразитний ременю поліклінового Mercedes Sprinter 2t-4t (22*64*8-6PK),532002710,77645441,6012001070,KEMP
Ролик паразитний ременя ГРМ  Audi 1.9-2.3 5циліндр (27.4*68.7*8),074109243,7764272,,KEMP
Ролик паразитний ременя ГРМ VW Golf Cadi3 OctaviaFabia 1.4  1.6 16v 01->(29*28.5,532018510,77643975,036109181A,KEMP
Ролик паразитний ременя ГРМ VWAudi 1.8;1.8T;2.0   00-> (28.5*27),532031220,77643976,06B109244,KEMP
Ролик паразитний ременя поліклинового Mercedes Sprinter 2t-4t (22*64*8-6PK),6012001070,77643217,,KEMP
Ролик паразитний ременя поліклинового MercSprinter Vito 638 639 CDI (26.4*69-6PK,0002020919,77643216,0002020019,KEMP
Ролик паразитний ременя поліклінового Mercedes Sprinter 906 2.2 CDI (60*26mm),532060810,77648332,651 200 09 70,KEMP
Ролик паразитний ремня ГРМ  Audi 1.9-2.3 5цил (27.4*68.7*8),532005210,77642918,074109243,KEMP
"Ролик паразитний ремня ГРМ  Audi-А4,А6, А8, VW Pass.B5 2.4 -2.8V6 97-05(31*59*8)",532015910,77642928,078109244H,KEMP
Ролик паразитний ремня ГРМ  Opel Astra F:G Vectra B:C  1.4-1.8 16V(23*63),5636426,77644876,,KEMP
Ролик паразитний ремня ГРМ  Opel Astra F:Omega B Vectra A:B 16V,9128738,77644881,,KEMP
Ролик паразитний ремня ГРМ Audi-A4 VW Passat Golf 5 Skoda A5 2.0FSI 05-> (29*28.,532031010,77643819,06D109244E,KEMP
Ролик паразитний ремня ГРМ VW Audi 1.2-2.0 TDI00->(34*28.5),532019710,77642925,045109244A,KEMP
Ролик паразитний ремня ГРМ VW Audi 1.9 TDI 91-00г. (29*28.5),532012210,77642389,028109244,KEMP
Ролик паразитний ремня ГРМ VW Golf4 Cadi2 Octavia 1.9SDI/TDI(29*28.5*47.2),532016510,77642387,038109244E,KEMP
Ролик паразитний ремня ГРМ VW Golf5Cadi3 Octavia 5 1.4  1.6 16v 01->(21.7*56),532016710,77643845,036109244C,KEMP
Ролик паразитний ремня ГРМ VW Pas.G5 Cadi 1.9-2.5 TDI (29*80),532011110,77642386,038109244M,KEMP
Ролик паразитний ремня ГРМ VW T5 Pas.G5 Cadi 1.4-2.0 TDI (36*40),532034910,77642385,038109244J,KEMP
Ролик паразитний ремня поліклінового Mercedes Sprinter 2t-4t (22*64*8-6PK),6012001070,77644878,,KEMP
Ролик паразитний ремняГРМ VW Golf4 Cad.2 Oct.1.9SDI.TDI Crafter 2.5 (29*28.5),532016110,77642388,058109244,KEMP
Ролик паразитный поликлиново ремня Ren.KangoTrafic Dacia Logan1.9TDI(25.5*60),7700104092,77644880,,KEMP
Ролик паразитный поликлинового ремня VW LT28-46 T4 2.5TDI (25*90*8),532016910,77641560,074145278A,KEMP
Ролик правої бічної двері нижній Scudo/jumpy/expert 07>,1498205080,77643081,,KEMP
Ролик приводного ремня паразитний Chery Amulet,A11-8111210,77641984,,KEMP
"Ролик промежуточный  ремня ГРМ Daewoo Lanos  1,6 16V",96350526,77644358,,KEMP
Ролик проміжний  ремня ГРМ Daewoo Lanos  Nubira Nexia 16V (29.2*64+M8),96103222,77644890,,KEMP
Ролик проміжний ремня ГРМ Daewoo Lanos,96350526,77641969,,KEMP
"Ролик ремня ГРМ Audi-A4, A6, A8, VW Passat Skoda 2.0 TDI 05-> (34*80*10)",532035510,77643817,03G109244,KEMP
Ролик сдвижной двери нижний правый VW Caddy,8430.08,,2K0843398,KEMP
"Ролик сдвижной двери, верхний Citroen Berlingo/Peugeot Partner 96>07",050157,,903419,KEMP
"Ролик сдвижной двери, средний Citroen Berlingo/Peugeot Partner 96>07",050158,,903423,KEMP
Ролик(з механізмом) поліклін. ремня Opel Astra  Vectra Zafira 16-2.0 16V (26*70),90500229,77644894,,KEMP
Рулевая рейка MOSKVICH,2141-3401220,7764900,,KEMP
Рулевой наконечник левый Ducato 06-,SM3484,,77364253,KEMP
Рулевой наконечник правый Ducato 06-,SM3485,,77364009,KEMP
Рулевой наконечник правыйMaster Movano 98-,SM6713,,77 01 470 364,KEMP
"Ручка  Opel Askona ,Kadett 78-83 передня/задня L (залізна)",130116,77641583,,KEMP
"Ручка  Opel Askona ,Kadett 78-83 передня/задня L (пластик)",130116-01,77648459,,KEMP
"Ручка  Opel Askona ,Kadett 78-83 передня/задня R (залізна)",130117,77641584,,KEMP
"Ручка  Opel Askona ,Kadett 78-83 передня/задня R (пластик)",130117-01,77645276,130117/1,KEMP
Ручка  Opel Astra F Vectra A задня L/R,90434963,77646636,,KEMP
Ручка  Opel Astra F Vectra A передн. L,90434958,77646634,,KEMP
Ручка  Opel Astra F Vectra A передн. R,90434959,77646635,,KEMP
Ручка  Opel Meriva 2003-2010 задня.,93397229,77649097,,KEMP
Ручка  Opel Meriva 2003-2010 задня.,93397228,77649098,,KEMP
Ручка  Opel Meriva 2003-2010 передн. L,93397227,77649095,,KEMP
Ручка  Opel Meriva 2003-2010 передн. R,93397226,77649096,,KEMP
Ручка бардачка Golf 3,1H6857147,7764792,1H0857147,KEMP
Ручка бардачка Golf 3 (с Личинкой),1H6857147,77644914,1H0857147,KEMP
"Ручка відкривання багажника ;VW Golf plus Jetta 3 iii Passat (3c2, 3c5) Touran",1T0827574L,77642435,,KEMP
Ручка відкривання моторного отвору Mercedes Vito(639)MB A.B.C.E.Class,1248800320,77644247,,KEMP
Ручка відкривання моторного отвору VW Golf Caddi Skoda Octavia Seat,1J1823533B,77644237,,KEMP
Ручка дверей Fiat Doblo задньої розпашної L 00-,735309963,77646621,,KEMP
"Ручка дверей VW Golf 78-91,Passat -88  перед. L ліва",191837205A,77641588,,KEMP
"Ручка дверей VW Golf 78-91,Passat -88 (під Golf-3) задня L тюнінг ліва",,7764160,,KEMP
"Ручка дверей VW Golf 78-91,Passat -88 (під Golf-3) передня L тюнінг  без особинк",,7764228,,KEMP
Ручка дверей VW Golf-3 92-97 передн L/R з ключем ліва/права,1H0837207,7764158,,KEMP
Ручка дверей VW Passat B3 88-93 задн L ліва,357839205,7764227,,KEMP
"Ручка дверей VW T4 зовнішня, передня L ліва",701837205,77641589,,KEMP
"Ручка дверей VW T4 зовнішня, передня R. права",701837206,77641587,,KEMP
Ручка дверей внутрішня Audi 80 86-96 передньої і задньої дверей L ліва,893837019A01C,77646584,893837019,KEMP
Ручка дверей внутрішня Audi 80 86-96 передньої і задньої дверей R права,893837020,77646586,,KEMP
Ручка дверей внутрішня VW Passat B3 передньої і задньої дверей L ліва,357837235,77646580,,KEMP
Ручка дверей внутрішня VW Passat B3 передньої і задньої дверей R права,357837236,77646582,,KEMP
Ручка дверей задня VW Sharan Ford Galaxy Seat Alhambra,7M3839205A,77649103,,KEMP
Ручка дверей зсувної Mercedes Sprinter Vito L/R,9017600459,77641586,,KEMP
Ручка дверей передньої +зад. Mercedes Sprinter Vito L/R,0007601359,77641585,,KEMP
"Ручка двери  Ford Escort,90-95 г.  L",93AQ-A22401,77646050,,KEMP
"Ручка двери  Ford Escort,90-95 г.  R",93AQ-A22400,77646051,,KEMP
"Ручка двери  Ford Escort,95-> г.  L",96FG-A22601,77646053,,KEMP
"Ручка двери  Ford Escort,95-> г.  R",96FG-A22600,77646052,,KEMP
Ручка двери  Ford Transit наружная передняя L,1090807,77644398,93186VBV22401,KEMP
Ручка двери  Ford Transit наружная передняя R,1090806,77644399,93186VBV22400,KEMP
Ручка двери  Mercedes Sprinter внутреняя L (без троса),9017200066,77643200,,KEMP
Ручка двери Audi-80 87-91/Audi-100 88-94 передн. L левая,893837207,7764246,,KEMP
Ручка двери Audi-80 87-91/Audi-100 88-94 передн. R правая,893837208,7764248,,KEMP
Ручка двери Fiat Doblo 00- боковой/сдвижной L  00-10,735309962,77646620,,KEMP
"Ручка двери VW Golf 78-91,Passat -88  передн. L (China)",191837205A_01,7764251,191837205A/1,KEMP
Ручка двери VW Passat B4 94-97 задн L левая,3A0839205A,77643012,,KEMP
Ручка двери VW Passat B4 94-97 задн R правая,3A0839206A,77643013,,KEMP
Ручка двери VW Sharan Ford Galaxy Seat Alhambra,7M0837207B,77648279,,KEMP
Ручка двери внутр. VW T5,8670.01,,7H0867171B,KEMP
Ручка двери внутр.левая серая Mercedes Benz Vito,7246,,6387270480,KEMP
Ручка двери внутренняя VW T4 передняя L,701837019A,77643604,,KEMP
Ручка двери задней распашной L Fiat Fiorino Qubo Nemo 08-,735507864,77646623,,KEMP
Ручка двери раздвижной R Fiat Ducato Boxer 94-02,1301418808,77646622,,KEMP
Ручка двери сдвижной Mercedes Sprinter внутреняя,9017601361,77643177,,KEMP
Ручка двері  Mercedes 207-310 зовнішня (мікроавтобус),6317601259,7764259,6017600059,KEMP
Ручка двері  Mercedes Sprinter внутрішня R (без троса),9017200166,77643201,,KEMP
Ручка двері Audi-100 84-89 задн. L ліва,443839205B,7764241,,KEMP
Ручка двері Audi-100 84-89 задн. R права,443839206B,7764243,,KEMP
Ручка двері Audi-100 84-90 передн. L ліва,443837205C,7764245,,KEMP
Ручка двері Audi-100 84-90 передн. R права,443837206C,7764247,,KEMP
Ручка двері Audi-80 78-86 задн. L ліва,813839205B,7764543,,KEMP
Ручка двері Audi-80 78-86 задн. R права,813839206B,7764544,,KEMP
Ручка двері Audi-80 78-86 передн. L ліва,813837205C,7764541,,KEMP
Ручка двері Audi-80 78-86 передн. R права,813837206C,7764542,,KEMP
Ручка двері Audi-80 87-91/Audi-100 88-94 задн. L ліва,893839207,7764242,,KEMP
Ручка двері Audi-80 87-91/Audi-100 88-94 задн. R права,893839208,7764244,,KEMP
Ручка двері Fiat Doblo 00- боковий/зсувний R  00-10,735309961,77644599,,KEMP
Ручка двері Fiat Doblo 00- передн. R  00-10,735309959,77644597,,KEMP
Ручка двері Fiat Doblo 00- передня L 00-10,735309960,77644598,,KEMP
Ручка двері Fiat Ducato Citroen Jumper Peugeot Boxer 06->,735423241,77649012,,KEMP
"Ручка двері Ford Escort, Sierra, Scorpio -- 90 р. L",7220481,77641048,6138503,KEMP
"Ручка двері Ford Escort, Sierra, Scorpio -- 90 р. R",7220479,77641049,6158705,KEMP
Ручка двері VW Caddy2 95-03 Ford Gelaxy  передн L/R з ключем  ліва/права,6N0837207B,77645777,,KEMP
"Ручка двері VW Golf 78-91, Passat -88  перед. L(без  личинки) ліва",191837207,77646631,,KEMP
"Ручка двері VW Golf 78-91, Passat -88  перед. R(без  личинки) права",191837208,77646632,,KEMP
"Ручка двері VW Golf 78-91,Passat -88  задн.  L ліва",193839205,7764249,,KEMP
"Ручка двері VW Golf 78-91,Passat -88  задн. R права",193839206,7764250,,KEMP
"Ручка двері VW Golf 78-91,Passat -88  перед. R права",191837206A,7764252,,KEMP
"Ручка двері VW Golf 78-91,Passat -88  передн. R (China)",191837206A_01,77645142,191837206A/1,KEMP
"Ручка двері VW Golf 78-91,Passat -88 (під Golf-3) задня R тюнінг права",,7764267,,KEMP
"Ручка двері VW Golf 78-91,Passat -88 (під Golf-3) передня R тюнінг без личинки",,7764262,,KEMP
"Ручка двері VW Golf 78-91,Passat -88 комп. 2шт тюнінг (передні) Хром",191898084,77645738,,KEMP
"Ручка двері VW Golf 78-91,Passat -88 комплект 4шт тюнінг (піднімаємі) чорн",,7764852,,KEMP
Ручка двері VW Golf-3 92-97 задня L/R ліва/права,1H4839205,77645584,,KEMP
Ручка двері VW Golf-4 Lupo 97-05 передн+задн L+R крашена біла ліва/права,3B0837207F,77643983,,KEMP
Ручка двері VW Passat B3 88-93 задн R права,357839206,776468,,KEMP
Ручка двері VW Passat B4 93-95 передн L  з ц.з. ліва,3A0837207C,7764562,,KEMP
Ручка двері VW Passat B4 93-95 передн L без ц.з. ліва,3A0837205C,77645144,,KEMP
Ручка двері VW Passat B4 93-95 передн. R  з ц.з. права,3A0837208C,7764563,,KEMP
Ручка двері VW Passat B4 93-95 передн. R без ц.з. права,3A0837206C,77645145,,KEMP
Ручка двері VW Passat В3 88-93 передн.  L   без ц.з ліва,357837205B,7764559,,KEMP
Ручка двері VW Passat В3 88-93 передн.  R   без ц.з права,357837206B,7764560,,KEMP
Ручка двері VW Passat В3 88-93 передн. L  з ц.з ліва,357837207A,7764561,,KEMP
Ручка двері VW Passat В3 88-93 передн. R  з ц.з права,357837208A,7764253,,KEMP
Ручка двері VW Polo 94-99 передн L/R з ключем ліва/права,6N0837207D,77643991,,KEMP
Ручка двері VW T1 LT28-45 пер.L/R (хром) ліва/права,211837205N,77642093,,KEMP
Ручка двері VW T1 LT28-45 пер.L/R (чорна) ліва/права,211837205,77645740,251 837 205B,KEMP
Ручка двері VW T3 81-92 г. пер.L/R (чорна) ліва/права,251837205,77646643,251837205B,KEMP
"Ручка двері VW T4 зовнішня, задня (розпашна) R права",701827561,77647471,,KEMP
"Ручка двері VW T4 зовнішня, зсувна двері R права",7D0843704A,77643990,7D1843704,KEMP
Ручка двері Багажника VW Golf 4 97-03г.без вставки замка,1J6827565B,77646633,,KEMP
Ручка двері Багажника VW Golf 4 97-03г.з замком,1J6827565B,77649111,,KEMP
Ручка двері внутрішня Opel Corsa D задня  L,90363127,77649102,,KEMP
Ручка двері внутрішня Opel Corsa D задня  R,90363128,77649101,,KEMP
Ручка двері внутрішня Opel Corsa D передня  L,90363124,77649100,,KEMP
Ручка двері внутрішня Opel Corsa D передня R,90363125,77649099,,KEMP
Ручка двері внутрішня Opel Vectra 88-95передня/задня L,134366L,77643989,,KEMP
Ручка двері внутрішня Opel Vectra 88-95передня/задня R,134366R,77643988,,KEMP
Ручка двері внутрішня VW LT передня L (без тросу) ліва,2D0837085,77643268,,KEMP
Ручка двері внутрішня VW LT передня R (без тросу) права,2D0837086,77643267,,KEMP
Ручка двері внутрішня VW Passat B4 передня L ліва,3A0837235,77644239,,KEMP
Ручка двері внутрішня VW Passat B4 передня R права,3A0837236,77644240,,KEMP
Ручка двері внутрішня VW T4 передня L (чорна) ліва,701837019A,77644234,,KEMP
Ручка двері внутрішня VW T4 передня L ліва,7D0837019A,77643270,,KEMP
Ручка двері внутрішня VW T4 передня R (правильна),77647448,77647448,7D0837020A,KEMP
Ручка двері внутрішня VW T4 передня R (чорна) права,701837020A,77644235,,KEMP
Ручка двері внутрішня VW T4 передня R права,7D0837020A,77643269,,KEMP
Ручка двері внутрішня VWGolf 3 L ліва  без корпусу,1H0837235,77640899,1H0837141,KEMP
Ручка двері внутрішня VWGolf 3 R права  без корпусу,1H0837236,77640898,1H0837142,KEMP
Ручка двері зад.прав Fiat Ducato/ Peugeot Boxer/Citroen Jumper 06-> без ключа,735469968,77649010,,KEMP
Ручка двері зад.прав Fiat Ducato/ Peugeot Boxer/Citroen Jumper 06-> з ключем,735469968,77649011,,KEMP
Ручка двері зовнішня Fiat Ducato Citroen Jumper Peugeot Boxer (02-06),735307390,77649009,,KEMP
Ручка двері зовнішня Peugeot/Citroen boxer (2006>),1616303080,77648949,,KEMP
Ручка двері перед зовніш.лів. Fiat Ducato/ Peugeot Boxer Citroen Jump з ключем,735423244,77649013,,KEMP
Ручка з кнопкою відкриття кришки багажника Audi/VW/Skoda,5N0827566,77648293,,KEMP
Ручка задней двери внутр.Mercedes Benz Vito,7631,,6397600161,KEMP
Ручка задней левой двери Mercedes Benz Sprinter,7404,,9017430172,KEMP
Ручка задней распашной двери наружнаяRenault Kangoo 97>07,05.0012,,7700303588,KEMP
Ручка задних  дверей (ляда) Transit 86->(железная),1090661,77644401,,KEMP
Ручка задніх  дверей (ляда) Transit V-184  00-06,1488638,77644402,1C15V43836AB,KEMP
Ручка задніх розпашних дверей Transit 86->(залізна),86VBV43400AE,77643128,,KEMP
"Ручка задного скла ліва на JCB 3CX, 4CX",331/28233,7764812L,331/28235L,KEMP
"Ручка заднього скла права на JCB 3CX, 4CX",331/28235,7764812R,331/28235R,KEMP
"Ручка замка кришки багажника VW Golf iv, T5,Caddy iii, Polo (94-15)",1J0827566,77641121,,KEMP
Ручка зсувної двері Fiat Ducato 02>06,735307399,77646486,05.0022,KEMP
Ручка зсувної двері Renault Master 98>ліва,7700352421,77649104,,KEMP
Ручка ковзної двері Transit 86->(пластик),1646113,77644737,,KEMP
"Ручка передних, задней и сдвижной двери RenaultTrafic/Opel Vivaro",91168527,77646076,05.0001,KEMP
Ручка передньої двері Mercedes Benz Sprinter 906,9067600070,77645973,7624,KEMP
"Ручка регулятора спинки сидіння VW Passat В2,Golf 2 80-91/Audi-80,100",191881671,7764231,,KEMP
Ручка сдвижной двери Mercedes Benz Sprinter 906,9067600170,77645974,7625,KEMP
"Ручка ск/підймача VW Passat B4,Transp T4 96- Golf3",1H0837581,77643896,,KEMP
Ручка склопідйомника Mercedes Sprinter,9017600402,77646624,,KEMP
"Ручка стеклоподъемника VW Passat B3 88-93,Transp",357837581,7764498,,KEMP
Ручка сувальної двері Renault Master 98>,8200856290,77646934,7700352420,KEMP
Рычаг Audi   A4 A5 Q5   07-> (комплект 8шт.),8K0498998,77647833,8k0407151/152/695/696/505/506/509/510,KEMP
Рычаг Audi   A6  04-> (комплект 8шт.),4F0407150S,77643952,G8-561,KEMP
Рычаг Audi   A6  04-> задн. верх L левый,4E0407509B,77642904,,KEMP
Рычаг Audi   A6  04-> задн. верх R правый,4E0407510B,77642905,,KEMP
Рычаг Audi   A6  04-> задн. низ L,4F0407693,77642899,,KEMP
Рычаг Audi   A6  04-> задн. низ R,4F0407694,77642900,,KEMP
Рычаг Audi   A6  04-> передн. верх. L,4E0407505B,77642902,,KEMP
Рычаг Audi   A6  04-> передн. верх. R,4E0407506B,77642903,,KEMP
Рычаг Audi   A6  04-> передн. низ. L+R,4F0407151,77642901,,KEMP
"Рычаг VW Passat В5,/Audi A4,A6,A8  Skoda 95-03  (комплект 8шт.)",4D0498998,77643954,,KEMP
"Рычаг VW Passat В5,/Audi A4,A6,A8 Skoda 00-05г.  (комплект 8шт.)",8D0498998,77643953,8D0498998,KEMP
"Рычаг VW Passat В5,/Audi A4,A6,A8 Skoda 00-05г. передн. низ. L+R конус 16mm",4B3407151A,77642579,,KEMP
"Рычаг VW Passat В5,/Audi A4,A6,A8 Skoda 95-03 передн. низ.  L+R",4D0407151J,77643643,,KEMP
"Рычаг VW Passat В5,B6/Audi A4,A6,A8 Skoda 95-05 задн. низ L левый",4D0407693N,7764468,,KEMP
"Рычаг VW Passat В5,B6/Audi A4,A6,A8 Skoda 95-05 задн. низ R правый",4D0407694N,7764469,,KEMP
"Рычаг VW Passat В5,B6/Audi A4,A6,A8 Skoda 95-05 передн. верх. L",8D0407505K,7764470,,KEMP
"Рычаг VW Passat В5,B6/Audi A4,A6,A8 Skoda 95-05 передн. верх. R",8D0407506K,7764471,,KEMP
Рычаг задней подвески MB W201;W202;W124;W210 L/R ТЯГА РАЗВАЛА-СХОЖДЕНИЯ,2103501853,77643412,LMI 10750,KEMP
Рычаг передней подвески нижний MB W203 L 00->,2033303311,77645335,,KEMP
Рычаг передней подвески нижний MB W203 R 00->,2033303411,77645336,,KEMP
Рычаг передний верхний MB 123:116 (L) 76-85г. L,1233304607,77642929,,KEMP
Рычаг передний левый Mercedes Benz W126,3385,,1263300607,KEMP
Рычаг передний правый Mercedes Benz W126,3386,,1263300707,KEMP
Рычаг переключения поворотов Mercedes Benz Bus,5474,,0055457424,KEMP
Рычаг переключения поворотов VW T4,395 3016,,7D0953513B,KEMP
Рычаг переключения поворотовMercedes Benz W124,5477,,1245402044,KEMP
Рычаг подвески передней  VW Golf 2 84-91г.L/R,191407151,77642395,,KEMP
"Рычаг подвески передней  VW Polo, FOX, Skoda Fabia Romster.L/R левый/правый",6Q0407151A,77643363,,KEMP
Рычаг подвески передней Audi-100 84-91 передн. L,437407151A,776456,,KEMP
"Рычаг подвески передней Audi-100,A6 91-97   передн.  L левый",4A0407151,776458,,KEMP
"Рычаг подвески передней Audi-100,A6 91-97   передн.  R",4A0407152,776461,,KEMP
"Рычаг подвески передней Audi-100,A6 91-97  передн.  R",4A0407152,77642009,,KEMP
Рычаг подвески передней Ford Escort Orion 84-90г.  R,FD-TC-3381,77642697,502 1458,KEMP
Рычаг подвески передней Ford Escort Orion 84-90г.с сайлентблоками L,5021459,77641866,,KEMP
Рычаг подвески передней Ford Escort Orion 84-90г.с сайлентблоками R,5021458,77641867,,KEMP
Рычаг подвески передней Ford Sierra 82-92г.  L,FD-TC-3370,77641868,502 1461,KEMP
Рычаг подвески передней Ford Sierra 82-92г.  R,FD-TC-3371,77641869,502 1460,KEMP
Рычаг подвески передней Ford Sierra 82-92г. L,5021461,77642700,,KEMP
Рычаг подвески передней Ford Sierra 82-92г. R,5021460,77642701,,KEMP
Рычаг подвески передней Ford Transit 91-> L,92VB3A053AC,77645242,,KEMP
Рычаг подвески передней Ford Transit 91-> R,92VB3A052AC,77645241,,KEMP
Рычаг подвески передней Ford Transit 94-00 R,1114826,77645460,,KEMP
Рычаг подвески передней Opel Vectra A Astra F L  (с шаровой),0352076,77642811,,KEMP
Рычаг подвески передней Opel Vectra A Astra F R (с шаровой),0352077,77642812,,KEMP
Рычаг подвески передний   L/R Daewoo Matiz Tico,96316765,77642813,,KEMP
Рычаг стеклоочистителя MB Sprinter L/R передний (сфорсункой омывателя),3398102725,77641774,,KEMP
Рычаг стеклоочистителя левый Mercedes Benz Sprinter,8205,,9018200044,KEMP
Рычаг стеклоочистителя правый Mercedes Benz Sprinter,8206,,9018200144,KEMP
Сайленблок переднего рычага (задний) Peugeot Boxer Citroen Jumper  Fiat Ducato,352394,77644565,1308694080,KEMP
Сайленблок переднего рычага (задний) Peugeot Partner  P306 Citroen  Berlingo,352375,77644563,3523.75,KEMP
Сайленблок передньої важеля (передній) Peugeot Boxer Citroen Jumper  Fiat Ducato,352393,77644564,1300507080,KEMP
Сайленблок передньої важеля (передній) Peugeot Partner  P306 Citroen  Berlingo,96110483,77644562,352362,KEMP
Сайлентблок VW Audi,09086,,4A0511247B,KEMP
Сайлентблок важеля  Audi A3 VW Cadi 3 Golf  Plus  Oktavia A5  L  04-> лівий,1K0199231G,77643361,1K0199231,KEMP
Сайлентблок важеля  Audi A3 VW Cadi 3 Golf  Plus Oktavia A5  R 04-> правий,1K0199232G,77643362,1K0199232,KEMP
Сайлентблок важеля  пер. VW Transporter T-4  90-95 (низ),7D0407140,77645116,1004070052,KEMP
"Сайлентблок важеля (стабілізатор) Audi-100,83-91г.",431407181F,77644570,,KEMP
"Сайлентблок важеля (стабілізатор) Audi-100,83-91г.",431407181F,77641671,,KEMP
Сайлентблок важеля Audi 80 B3 B4 89-94г.(сГУ),8A0407181,77641681,,KEMP
Сайлентблок важеля Audi A3 VW Cadi 3 Golf Plus Oktavia A5 L 04-> лівий,1K0199231H,77644656,,KEMP
Сайлентблок важеля Audi A3 VW Cadi 3 Golf Plus Oktavia A5 R 04-> правий,1K0199232H,77644657,,KEMP
Сайлентблок важеля Ford Escort -- 90 р ( таблетки ),AD 02,77641096,,KEMP
Сайлентблок важеля Ford Mondeo 93 - 96 (ребристий),6870549,77641093,,KEMP
Сайлентблок важеля Ford Mondeo 96 --,1023058,77641095,,KEMP
Сайлентблок важеля Ford Transit 2000 -- (великий),2000GB2KT,77641087,,KEMP
Сайлентблок важеля Ford Transit 86 - 2000 г (круг.),92VB3432AA,77644670,,KEMP
Сайлентблок важеля Ford Transit86 - 2000 р (круглий.),6608818,77641084,,KEMP
Сайлентблок важеля VW Passat Tiguan L/R 05-> лівий/правий,3C0199231D,77644566,,KEMP
Сайлентблок важеля VW Passat В2/Audi 80 81-91г.,811407181A,77641006,,KEMP
Сайлентблок важеля VW Sharan Ford Galaxy Seat Alhambra,7M0407181A,776452,,KEMP
Сайлентблок важеля VW Transporter T2  79-92 пер. верхнього,251407077,77644516,,KEMP
Сайлентблок важеля VW Transporter T2  79-92 пер. верхнього,251407077,776451,,KEMP
Сайлентблок важеля VW Transporter T-4 92-03 (низ. задній),7D0407140A,7764445,,KEMP
Сайлентблок важеля задній VW Golf 4 Bora Skoda Octavia,1J0407181,77644515,,KEMP
Сайлентблок важеля задній VW Golf 4 Bora Skoda Octavia D60*d13*h41,1J0407181,77642894,,KEMP
Сайлентблок важеля задній VW Golf Jeta 83-91г. 62*41*17mm (бурт),191407181B,77643077,,KEMP
Сайлентблок важеля задній VW Golf Jeta 83-91г.60*41*12mm,191407181G,77641668,,KEMP
Сайлентблок важеля задній VW Golf Jeta 83-91г.60*41*12mm посилений,191407181BG,77644659,,KEMP
Сайлентблок важеля задній VW Golf Jeta 83-91г.60*41*17mm (бурт),191407181A,77644662,,KEMP
Сайлентблок важеля задній VW Golf3 Passat B3-4 87-97 60*41*17,357407181,77644661,,KEMP
Сайлентблок важеля задній VW Golf3 Passat B3-4 87-97(+втулка)60*41*17,191407181ES,77641669,,KEMP
Сайлентблок важеля задній VW Passat Caddy3 Skoda Octavia A5 Seat,1K0407183A,77644554,,KEMP
"Сайлентблок важеля пер. (151J) мал VW Passat В5/Audi A4,A6  96-04",4D0407181H,776448,,KEMP
Сайлентблок важеля пер. VW Passat Caddy3 Skoda Octavia A5 Seat,1K0407182,77644555,,KEMP
Сайлентблок важеля пер. верхнього VW  LT-28,281407077,7764856,,KEMP
Сайлентблок важеля передній  Daewo Lanos Nexia Espero (зад.),0352338,77642890,,KEMP
Сайлентблок важеля передніх Ford Escort Fiesta 89-99р.(мал.),1000445,77641098,,KEMP
Сайлентблок важеля переднього  Chevrolet Epica Evanda,96328434,77644643,,KEMP
Сайлентблок важеля переднього  Chevrolet Lacetti,96391856,77644644,,KEMP
Сайлентблок важеля переднього Cheri Amulet,A11-2909045,77641859,,KEMP
Сайлентблок важеля переднього Cheri Amulet (передній),A11-2909040,77641775,,KEMP
Сайлентблок важеля переднього Ford Escort Fiesta 89-99г.(мал.),89FB3063AD,77641687,,KEMP
Сайлентблок важеля переднього Ford Focus 98->Connect2002->,1067918,77644160,,KEMP
Сайлентблок важеля переднього Opel Kadet E Daewo Lanos (зад.),0352335,77641685,90235040,KEMP
Сайлентблок важеля переднього Opel Kadet E Daewoo Lanos(горизонтальний),0352349,77643046,,KEMP
Сайлентблок важеля переднього Opel Omega A(вертикальний),0352355,77643041,FE02223,KEMP
Сайлентблок важеля переднього Opel Vectra A Astra F(вертикальний) розрізний 92-,0352356,77643078,,KEMP
Сайлентблок важеля переднього Opel Vectra A Astra F(горизонтальний),0352300,77643045,,KEMP
Сайлентблок важеля передньої Ford Escort Fiesta 89-99г.(бол.),1035929,77644508,,KEMP
Сайлентблок важеля передньої Opel Vectra A Astra F(горизонтальний),0352300,77644505,,KEMP
Сайлентблок важеля передього  Chevrolet Aveo (задній),96653381,77644974,,KEMP
Сайлентблок важеля передього  Chevrolet Aveo (передній),96535087,77644975,,KEMP
Сайлентблок важіля задній VW Polo Skoda Fabia Romster,6Q0407183,77644316,,KEMP
Сайлентблок важіля передного  Daewoo Lanos Nexia Espero(горизонтальний),90235042,77642815,,KEMP
Сайлентблок заднего рычага Mercedes Benz W123/126,3501,,1263520165,KEMP
Сайлентблок задней балки Audi-100 82-91,431511247C,77641673,,KEMP
Сайлентблок задней балки Chevrolet Aveo,,77641746,,KEMP
Сайлентблок задней балки Chevrolet Aveo Matiz,96535146,77644117,,KEMP
Сайлентблок задней балки Ford Sierra Scorpio,6141919,77642558,83BB5K817BA,KEMP
Сайлентблок задней балки Opel Astra G Zafira,5402634,77644524,FE04306,KEMP
Сайлентблок задней балки Opel Omega A Senator B,90250986,77644638,,KEMP
Сайлентблок задней балки VW Passat B3-В4 88-95 (комплект),3A0501541S,77644519,,KEMP
Сайлентблок задней балки VW Passat B5 Audi  A6  L (с кронштейном) левый,8E0501521L,77644631,8E0501521D,KEMP
Сайлентблок задней ресоры задний Ford Transit 92 --,92VB5719AA,77641088,,KEMP
Сайлентблок задней ресоры передний Ford Transit92 --,7328510,77641089,,KEMP
Сайлентблок задней рессоры  MB 207-310,6023240050,77645303,,KEMP
Сайлентблок задного важеля нижній VW Passat Touran Skoda Octavia A5 Seat,1K0505553,77644557,,KEMP
Сайлентблок задного торсіона Ford Coureir Renault 21 Laguna Megan,95FB5C485AA,77644652,,KEMP
Сайлентблок задної балки Audi-80 91-94,8A0501541,7764444,09054,KEMP
Сайлентблок задної балки Daewo Lanos,1301021,77643661,1304.3270,KEMP
Сайлентблок задної балки Opel Vectra Astra Kadet Ascona (пластик),402645,77644567,,KEMP
Сайлентблок задної балки VW Golf-4  97-04 / Bora,1J0501541C,7764443,,KEMP
Сайлентблок задної балки VW Passat B5 Audi  A6 R  (з кронштейном) правий,8E0501522L,77644632,8E0501522D,KEMP
Сайлентблок задної балки VW Polo Classic Variant Seat  Ibiza Cordoba,6N0501541E,77644606,,KEMP
Сайлентблок задньго важеля Mercedes Vito 639,6393520350,77644591,,KEMP
Сайлентблок задньої балки Audi-100 A6 91-97,4A0511247,77641680,,KEMP
Сайлентблок задньої балки Audi-80 81-92,811511247,7764788,,KEMP
Сайлентблок задньої балки Chery Amulet,191501541,77641988,,KEMP
Сайлентблок задньої балки Opel Kadet Daewo Lanos,90189050,77642112,FE04305,KEMP
Сайлентблок задньої балки VW Golf-2 83-91,191501541,776444,,KEMP
Сайлентблок задньої балки VW Golf-3  92-97,1H0501541A,776445,,KEMP
Сайлентблок задньої балки VW Golf-3  92-97 Variant,1H9501541,77643044,,KEMP
Сайлентблок задньої балки VW Passat B3-В4 88-95,3A0501541,776455,FE03664,KEMP
Сайлентблок МВ W124 W201 C202 подвеска задняя (рычаг),1243523565,77641690,,KEMP
Сайлентблок МВ W124 W201 подвеска задняя,2013520027,7764398,,KEMP
Сайлентблок переднего левого рычага Mercedes Benz Vito,3402,,6393301401/1,KEMP
Сайлентблок переднего правого рычага Mercedes Benz Vito,3403,,6393301501/1,KEMP
Сайлентблок переднего рычага задний P-406,352361,7764972,3523.61/524624,KEMP
Сайлентблок переднего рычага заднийVW Caddy III,340 7032,,1K0407183E,KEMP
"Сайлентблок передней балки в кузове  Audi-100,A6 91-97  зад L левый",4A0399419E,7764509,,KEMP
"Сайлентблок передней балки в кузове Audi-100,A6 91-97  зад R правый",4A0399420E,7764313,,KEMP
Сайлентблок передней рессоры  MB 208-310,0003210050,77643582,,KEMP
"Сайлентблок передної балки  Audi-100,A6 91-97 ( передній)",4A0399415B,7764442,,KEMP
Сайлентблок переднього важеля Mercedes C190 W201  W124,2013335114,77643051,2013335514,KEMP
Сайлентблок переднього важеля Mercedes Vito 639,6393330214,77644590,,KEMP
Сайлентблок переднього важеля Mercedes W210,2103335514,77643050,,KEMP
Сайлентблок переднього важеля Peugejt 605 :607,352343,77644503,21652777/3523.43,KEMP
Сайлентблок переднього важеля задній Cheri Amulet.посилений 60*41*12mm,191407181BG,77644660,,KEMP
Сайлентблок передньої балки  Audi A3 VW Golf4 Skoda Octavia,1J0199429,77644547,,KEMP
Сайлентблок передньої балки  Audi-80 86-94г.(передній),893199415,77641674,,KEMP
Сайлентблок передньої балки  Audi-80 86-94г..(задній),893199419,77643042,,KEMP
Сайлентблок передньої балки  Audi-80 B2 Passat ->88,823199415B,77644976,811199415,KEMP
Сайлентблок передньої балки  Audi-80 B4 91-94г.(задній),8A0199419,77643043,,KEMP
Сайлентблок передньої балки  Audi-80 B4 91-94г.(передній),8A0199415B,77641675,,KEMP
Сайлентблок редуктора VITO 639 Mercedes Benz Vito,3578,,6393500842/1,KEMP
"Сайлентблок рычага  Audi A4 A5 Q5 08-> D75,d12,h80",8K0407183D,77647716,8K0 407 183 D,KEMP
"Сайлентблок рычага (стабилизатор) Audi-100,A6 91-97г.",4A0407181A,77641672,,KEMP
Сайлентблок рычага Ford Focus 2 C-MAX 2004->,3M513A262EJ,77643620,,KEMP
Сайлентблок рычага Ford Mondeo 93 -,6879115,77641094,,KEMP
Сайлентблок рычага Ford Transit  92 - 2000 г  (длинный),92VB3069AA,77644646,,KEMP
Сайлентблок рычага Ford Transit 92 - 2000 г  (длинный),92VB3069AA,77641086,,KEMP
Сайлентблок рычага VW T5  03- задн. нижнего,340 7024,,7H0407182A,KEMP
Сайлентблок рычага VW T-5  03- нижн. передний,7H0407183,77643301,,KEMP
Сайлентблок рычага VW T-5  03- нижн. передний,4070.23,,7H0407183,KEMP
Сайлентблок рычага VW Transporter T-4  92-03 пер. верх. задний,701407087,77644384,05027,KEMP
Сайлентблок рычага VW Transporter T-4  92-03 пер. верх. задний,701407087,776449,1004070083,KEMP
"Сайлентблок рычага пер. (693N/694N) бол VW Passat В5/Audi A4,A6  96-04",4D0407183P,77641021,,KEMP
Сайлентблок рычага пер. Audi A3 VW G2-4 Pasat3-4,357407182,77644517,,KEMP
Сайлентблок рычага пер. Audi A3 VW G2-4 Pasat3-4,357407182,77641670,357407182F,KEMP
Сайлентблок рычага пер. VW Passat Caddy3 Skoda Octavia A5 Seat,340 7037,,,KEMP
Сайлентблок рычага пер. нижнего VW T-4 96-,7D0407183,77644382,1004070053,KEMP
Сайлентблок рычага пер. нижнего VW T-4 96-,7D0407183,77641518,LMI1768101,KEMP
Сайлентблок рычага переднего Ford Escort Fiesta 89-99г.(бол.),91AB3A262AA,77641688,,KEMP
Сайлентблок рычага переднего Opel Omega A(вертикальный),90373854,77642113,FE02223,KEMP
"Сайлентблок рычагов пер. верх. VW Passat В5/Audi A4,A6  96-04",4D0407515C,77644535,JBU 138,KEMP
"Сайлентблок стабилизатор переднего Audi-100,A6 91-97 на кузове",4A0411327A,776454,FE01523,KEMP
Сайлентблок стабилизатора Ford Sierra Scorpio (усиленный) к-кт,1500015,77644666,850016025,KEMP
Сайлентблоки нижнего рычага (W126) Mercedes Benz W126,3375,,1263300075,KEMP
Сальник задної маточини Ford Escort ->90г.40*55*8,1482324,7764179,,KEMP
Сальник задньої маточини VW/Audi,321501641,7764103,357501641B,KEMP
Сальник клапана 6 мм 1 шт.VW Audi Opel BMW,036109675,77641547,703130600,KEMP
Сальник клапана 7 мм 1 шт.,027109675,77641546,702605800,KEMP
Сальник клапана Chevrolet Lacetti 1.8 16кл 1ШТ,90410741,77642784,,KEMP
Сальник клапана Daewoo Lanos 8 кл. 1ШТ,90215296,77642785,,KEMP
Сальник клапана Daewoo Lanos 8 кл. 1ШТ,1304025,77642874,,KEMP
Сальник коленвала задний 85x105x11/6.8 Movano/Vivaro/Trafic/Master 1.9 DCI/DTI /,711.720,,7703087224,KEMP
Сальник коленвала задний Mercedes Benz M272,81-90026-10,,2720100814,KEMP
Сальник коленвала задний VW Caddy/Crafter/T5 2.0 TDI,81-90052-00,,03L103171A,KEMP
Сальник коленвала задний VW T5 1.9 TDI,430.190,,038103171S,KEMP
Сальник коленвала перед/распредвала VW/Audi  (резина) 32*47*10,026103085D,77645050,,KEMP
Сальник коленвала передний 61x75x8 Citroen Berlingo/Peugeot Partner 1.6i 09->,81-41219-00,,0514C8,KEMP
Сальник колінвала задній  VW/Audi 2.4-2.8 V6 97-05,078103171L,77647788,19036697B,KEMP
Сальник колінвала задній  VW/Audi Skoda 85*105*11,021103051C,77647793,20027584B,KEMP
Сальник колінвала задній VWT5 1.9 TDi (85*131/152*15.7),20020383B,77643655,06A103171A,KEMP
Сальник колінвала задній VWT5 2.5 TDi (85*105*12),20033872B,77643654,06E103051A,KEMP
Сальник колінвала перед VW/Audi Skoda 1.4-2.0  35*48*10,038103085E,77647790,20026412B,KEMP
Сальник колінвала передній Chery Amulet,480-1011020,77641822,,KEMP
Сальник колінвала передній Daewoo Lanos 30*42*8,96350161,77644189,,KEMP
Сальник колінвала передній Daewoo Lanos 30*42*8,96190258,77642779,,KEMP
Сальник колінвала передній VWT4 LT -2.5 D-TDi (35*48**10),12010739B,77643653,038103085,KEMP
Сальник колінвала спереду VW/Audi Skoda 1.4-1.6  32*42*8,036103085H,77647838,20019960B,KEMP
"Сальник кпп Audi A80 A3:4;6 VW Golf 1,2,3,Passat 50*65.2*10",020301189T,77645269,,KEMP
Сальник КПП VW Golf 1 Polo 1.0-1.3 Audi 80.A100 1.3-1.8 ->88г.40*52*9,014409399B,77641928,,KEMP
"Сальник КПП VW Golf 1,2,3,Passat B3 74-99 1,6-2,0",020498085G,7764240,100087,KEMP
Сальник маточини Mercedes Sprinter 4t (55*75*8/13 ),0189973147,77643144,55*75*8-13,KEMP
Сальник МКП Mercedes Benz Vito,9917,,0249971547,KEMP
Сальник первинного валу КПП Mercedes Sprinter (35*47*8),CO01019481B,77643656,,KEMP
"Сальник полуоси 37х78,3х8/12 Mercedes Benz W124/201",587.001,,0209972047,KEMP
Сальник полуоси 45х65х11 Mercedes Benz W123,705.838,,0209972547,KEMP
Сальник полуоси Mercedes Benz Sprinter,9919,,9029970246,KEMP
Сальник распредвала передний VW LT/Crafter,129.780,,038103085C,KEMP
Сальник розподвала Daewoo Lanos 1.5 8кл.,1304134,77642782,90285291,KEMP
Сальник розподвала Daewoo Lanos 1.6 16кл.,1304202,77642783,94580413,KEMP
Сальник розподільвала Daewoo Matiz 32*47*6,94535472,77643328,5301518,KEMP
Сальник розподільвала перед VW/Audi Skoda 1.4-1.6  27*42*8,036103085A,77647791,12018554B,KEMP
Сальник розподільчого вала VWT4 LT 1.9-2.5 D-TDi (32*48**10),C020026413B,77643652,,KEMP
Сальник форсунки ford transit 2000-2014 (2.0tdci/2.4tdci,YC1Q 6K780 BA,77648933,,KEMP
Сальник хвостовика КПП Mercedes W201:W202:W123:W124 (40*55*8),0239970147,77648212,,KEMP
Сальник хвостовика редуктора 40х70х12/16 Mercedes Benz W123,312.444,,0229979947,KEMP
Сальники клапанов Opel 1.2-2.0 OHC (7mm),243059005,77641461,243059005/0,KEMP
Сальники напівосі Daewoo Lanos,96264738,77642786,13099250,KEMP
Светоотражатель заднего бампера Renault,503 0267,,,AutoTechteile
Свеча накала  MBSprinter TDI OM602,18404,77644204,0011592601,KEMP
Свеча накала MB 100 208-410 Vito Sprinter,GN 858,77643178,0100226234,KEMP
Свечи зажигания Ford  OHV  2.4 -- 2.9 V 6,PXSB7Q6,77641207,,KEMP
Свечи зажигания Ford  ОНС,PXSA5М2,77641205,,KEMP
Свіча розжарювання Opel Fiat Peugeot Diz.,GN954,77641555,GN908,KEMP
Свічка розжарення  Mercedes W202 OM604;605 W124 OM605;606,GN860,77645434,0100226175,KEMP
Свічка розжарення  Mercedes W202 W210 S140 OM603-606,GN948,77645435,0100226457,KEMP
Свічка розжарювання  Mercedes Sprinter TDI,0011592601,77643203,HDS373,KEMP
"Свічки VW /Audi 1,4-1.6 03->",101905609,77647789,0 242 235 788,KEMP
"Свічки VW /Audi 1,8-2,3 3-х контактн",101000001AC,7764857,W7DTC,KEMP
Свічки VW /Audi 2.0 TFSI 07->,101905631B,77647835,Z347,KEMP
Свічки VW /Audi A5 A6 A8 4.2 FSI 06->,101905621,77647834,Z295,KEMP
Свічки запалювання Ford  ДОНС,PSB7E6,77641206,,KEMP
Селектор перемикання АКПП 6ст VW Audi Skoda (багатофункціональний перемик.Б/У),09G919823,77647853,,KEMP
Сепаратор обраток залізний VW /Audi,026127177B,7764523,,KEMP
Сепаратор паров бензина Chery Amulet,480E-1014090,77641833,,KEMP
Сережка задньої ресори (70мм) ford transit 2006-2014,8C11 5776 AA,77648940,,KEMP
Ск/підймач  електричний Ford Transit Connect 2002-> передній R (з мотором),2T14V23200BG,77645031,,KEMP
Ск/підймач  електро передній AUDI A4 08- L без мотора лівий,8K0837461,77644844,,KEMP
Ск/підймач  електро передній AUDI A4 08- R без мотора правий,8K0837462,77644845,,KEMP
Ск/підймач  електро передній AUDI A6 05-11 R без мотора правий,4F0837462A,77644839,,KEMP
Ск/підймач  електро передній VW Caddi3 04- L без мотора з рамою лівий,2K1837729H,77644866,,KEMP
Ск/підймач  електро передній VW Caddi3 04- R без мотора з рамою правий,2K1837730H,77644867,,KEMP
Ск/підймач  електро передній VW Golf 3 Ven. -- R без мотора правий,1H0837462A,77641575,,KEMP
Ск/підймач  електро передній VW Golf 6 08-13 L без мотора з рамою лівий,5K0837461D,77644852,,KEMP
Ск/підймач  електро передній VW Golf 6 08-13 R без мотора з рамою правий,5K0837462D,77644865,,KEMP
Ск/підймач  електро передній VW Golf Bora Jetta 97-06 L без мотора без рами лев,1J4837461D,77644856,,KEMP
Ск/підймач  електро передній VW Golf Bora Jetta 97-06 R без мотора без рами пра,1J4837462D,77644854,,KEMP
Ск/підймач  електро передній VW Passat 05-10 L без мотора c рамоюлівий,3C1837461H,77644863,,KEMP
Ск/підймач  електро передній VW Passat 05-10 R без мотора c рамою правий,3C1837462H,77644864,,KEMP
Ск/підймач  електро передній VW T-5 03- L без мотора c рамою лівий,7H0837753B,77644857,,KEMP
Ск/підймач  електро передній VW T-5 03- R без мотора c рамою правий,7H0837752B,77644853,,KEMP
Ск/підймач  електро передній VW Tiguan 07- L без мотора c рамою лівий,5N0837461,77644859,,KEMP
Ск/підймач  електро передній VW Tiguan 07- R без мотора c рамою правий,5N0837462,77644860,,KEMP
Ск/підймач  електро передній VW Touran 03- L без мотора c рамою лівий,1T1837461,77644858,,KEMP
Ск/підймач  електро передній VW Touran 03- R без мотора c рамою правий,1T1837462,77644855,,KEMP
Ск/підймач  електро передній VWPas. B3-B4 88-96 --L без мотора лівий,3A0837461,7764973,,KEMP
Ск/підймач  електро передній VWPas. B3-B4 88-96 --R без мотора правий,3A0837462,7764974,,KEMP
Ск/підймач  електро передній VWPas. B5 96-05 -L без мотора лівий,3B1837461,77642446,3B1837461,KEMP
Ск/підймач  мех передній VWPas. B3-B4 88-96 --L лівий,3A0837401B,77644595,,KEMP
Ск/підймач  перед. Octavia A5 L без мотора з рамою,1Z1837461,77644850,,KEMP
Ск/підймач  перед. Octavia A5 R без мотора з рамою,1Z1837462,77644851,,KEMP
Ск/підймач VW Golf 2 88- мех. передн.  R правий,191837402B,7764678,,KEMP
Ск/підймач електричний Ford Transit 00-06 передній R  (з мотором),YC15V23200 BJ,77645033,,KEMP
Ск/підймач електричний Ford Transit Connect 2002-> передній L (з мотором),2T14V23201BG,77645030,,KEMP
Ск/підймач електро Chevrolet Aveo --R без мотора,96541784,77643574,5300340,KEMP
Ск/підймач електро Daewoo Lanos -- R без мотора,96225384,77642308,,KEMP
Ск/підймач електро Daewoo Nexia -- R  без мотора,NP944,77642312,,KEMP
Ск/підймач електро передній Audi-100 89-91-- R правий,443837398D,7764752,,KEMP
Ск/підймач електро передній VWPas. B5 96-05 -R без мотора правий,3B1837462,77642447,3B1837462,KEMP
Ск/підймач мех передній VWPas. B3-B4 88-96 --R правий,3A0837402B,77644596,,KEMP
Ск/підймач передній електричний Mercedes E-Class W211 02-09 L без мотора,2117200346,77644846,,KEMP
Ск/підймач передній електричний Mercedes E-Class W211 02-09 R без мотора,2117200446,77644847,,KEMP
Склопідіймач передній Daewoo Lanos R механічний,96304040,77643248,,KEMP
Склопідйомник передній Daewoo Nexia R механічний,90186594,77642788,,KEMP
"Скоба глушника VW Golf,Passat,Transport",161253111,7764285,,KEMP
Скоба дверей (защіпка Замка)(пер.L/R зсув.*зад.) F.Ducato P.Boxer 96-06,1340174080,77645675,,KEMP
"Скоба двери, MB 609-814 Vario",0007230503,77643303,,KEMP
Скоба задного супорта Аudi/VW 83-04 з направл.,443615425B,7764447,443615425A,KEMP
Скоба заднього супорта Ford Mondeo S-Max  Galaxy 07->  з напрямл.,1426835,77645791,BDA675,KEMP
Скоба задньої супорти Opel Astra G H Combo Corsa 98-> з напрямком тип Lucas,93181277,77648238,,KEMP
Скоба задньої супорти Аudi/VW Skoda з напрямком,6Q0615426D,77648237,6Q0615426D,KEMP
Скоба замка дверей Fiat Ducato/ Peugeot Boxer/Citroen Jumper 06-> (зад.верх),1362281080,77648643,,KEMP
Скоба замка дверей Fiat Ducato/ Peugeot Boxer/Citroen Jumper 06-> (зад.низ),1345736080,77648642,,KEMP
Скоба замка двери Fiat Ducato/ Peugeot Boxer/Citroen Jumper 94>06,1340174080,77646491,050060,KEMP
Скоба замка двери Peugeot Boxer/Citroen Jumper/Fiat Ducato/Peugeot Bipper/Citroe,51864555,77647442,05.0095,KEMP
Скоба замка двері Mercedes Benz Sprinter,9067200204,77646178,,KEMP
Скоба замка двері Renault Master/Opel Movano,7700353757,77646295,,KEMP
Скоба замка двері Renault Master/Opel Movano,7700310536,77646310,05.0097,KEMP
Скоба замка двері права Mercedes Benz Bus,9067200004,77645996,,KEMP
Скоба передней двери Ford Transit L/R (широкая),STD-736,77644256,,KEMP
Солдатик з пружинкою задніх барабанних колодок VW/Audi,171698545,7764521,,KEMP
Сопротивление вентилятора печки Opel Astra F AC-,1845786,77644829,,KEMP
Сопротивление вентилятора печки Opel Astra F AC+,1845790,77644833,,KEMP
Сопротивление вентилятора печки Opel Astra F AC+,1845785,77648891,,KEMP
Сопротивление печки Ford Transit 92->,95VB18591AB,77644110,,KEMP
Сопротивление печки MB Vito (638),0018212560,77643625,0018212560,KEMP
Спрямовуюча (палець ) суппорта Mercedes Sprinter 412 К-кт.,4210,77644041,4210,KEMP
Спрямовуюча (палець) суппорта Mercedes Vito К-кт.,0004200582,77643529,4213,KEMP
Спрямовуюча висувної двері master/movano 10-,824440002R,77649028,77649028,KEMP
Спрямовуюча заднього супорта (ремкомплект)Ford Transit 00->,1371391,77648934,,KEMP
"Спрямовуюча задньої супорти (ремкомплект) MercedesSprinter 509-519,06->",0004230663,77645170,,KEMP
Ст/підйомник електро Daewoo Lanos -- L без мотора,96225383,77641270,,KEMP
Ст/подъемн VW Golf 3 Vento мех. пер  L,1H0837401B,77641572,,KEMP
Ст/подъемн VW Golf 3 Vento мех. пер R правый,1H0837402B,77641573,,KEMP
Ст/подъемник электро Daewoo Lanos -- L без мотора (шестерня),9643050,77643474,,KEMP
Ст/подъемник электро Daewoo Nexia -- L без мотора,NP943,77642311,,KEMP
Ст/подъемник электро передний AUDI A4 00-08 SEAT EXEO L без мотора,8E0837461C,77644840,,KEMP
Ст/подъемник электро передний AUDI A4 94-00 L без мотора,8D0837461,77644842,,KEMP
Ст/подъемник электро передний AUDI A4 94-00 R без мотора,8D0837462,77644843,,KEMP
Ст/подъемник электро передний AUDI A6 05-11 L без мотора,4F0837461A,77644838,,KEMP
Ст/подъемник электро передний AUDI A6 97-05 R без мотора,4B0837462,77644837,,KEMP
Ст/подъемник электро передний VW Golf 2 87--  L,191837461A,7764283,191959801A,KEMP
Ст/подъемник электро передний VW Golf 2 87--  R правый,191837462A,7764282,191959802A,KEMP
Ст/подъемник электро передний VW Touareg 03-10 L без мотора левый,7L0837461F,77644861,,KEMP
Ст/подъемник электро передний VW Touareg 03-10 R без мотора,7L0837462F,77644862,,KEMP
"Стартер  VW Golf 2 84-91 1.6-1,8-2,0 ;Transport; Octavia",020911023,7764135,,KEMP
"Стартер  Аudi-80 78-86  1,6-1,8 A100 1.8 82-90 Pas.B2 80-82г.",026911023,77645758,330911023,KEMP
"Стартер  Аudi-80 78-86  1,6-1,8 A100 1.8 82-90 Pas.B2 80-82г.тип Valeo",056911023B,7764996,D6RA49,KEMP
Стартер Audi A1A3 VW G5 T5 Passat Skoda Octavia  Fabia 1.4-2.0TFSI 06 г.->,D6GS11,77645616,,KEMP
Стартер Audi A2 Skoda Fabia VW Polo (9N) 1.2-1.4 16V G4 1.6FSI,0001121016,77641610,,KEMP
Стартер Audi A3 VW G3-4 Skoda Octavia 1.4-1.8T 93-05г.,0001121006,77641607,,KEMP
Стартер Audi A3 VW G4 Bora Passat Skoda Octavia  Fabia 1.4-19 TDI 93г.->,0001125007,77641609,,KEMP
Стартер Audi A3 VW G4 Bora Skoda Octavia  1.8 20V 1.8T 2.0 96-05р.,0001121018,77641608,,KEMP
Стартер Audi A3 VW G5:6 Skoda Octavia  Fabia 1.6 04 г.->,D6GS13,77645618,,KEMP
"Стартер Audi A31,6-1,8T96-03 VW G2-3  Passat (АКП) Skoda Octavia",0001107020,77645754,,KEMP
Стартер Audi A4  VW Passat B5 1.6-2.0 00-05г.->,0001107427,77645611,,KEMP
Стартер Audi A4 A6 2.4-2.7T VW Passat 2.8 V6 96р.->,0001108174,77641612,,KEMP
Стартер Audi A80 A4 A6 VW Passat B5 1.6-2.0 86-05г.-> тип Valeo,06B911023X,77645757,D6RA77,KEMP
Стартер Audi A80 A4 A6 VW Passat B5 1.9 TDI 86-05г.-> тип BOSCH,0001110066,77645613,,KEMP
Стартер Chery Amulet,A11-3708110,77641793,55911023,KEMP
Стартер Citro.Berlingo Jumpy Nemo Bipper 1.4:1.6 HDI08->,D6RA110,77645622,,KEMP
Стартер Citro.Berlingo Scudo Ducato Boxer 1.9D TD 2.0HDI,CS1177,77645614,,KEMP
Стартер Citro.Berlingo Scudo Ducato Boxer P605 P405 2.0i 2.0 16V,0986016530,77645620,D6RA66,KEMP
Стартер Citroen Berlingo Peugeot Parther 1.1-1.6 96г.->,9608719280,77641622,,KEMP
Стартер Citroen ZX Peugeot P405 P306 1.6-2.0i 2.0 16V 92-01г.,5802CH,77645619,D6RA511,KEMP
Стартер Daewoo Matiz 0.8 1.0,96275481,77645602,,KEMP
Стартер Daewoo Nexia Lanos Nubira1.4-1.6,96208782,77645023,,KEMP
Стартер Fiat Doblo Brava Stilo 1.9D Multijet  JTD,0001109030,77645624,,KEMP
Стартер Fiat Ducato Citroen Jumper Peugeot Boxer 2.3 3.0 D 06->,0001109302,77644381,,KEMP
Стартер Ford Escort  1.6-1.8 16V 92-00г.,0001108106,77645610,,KEMP
Стартер Ford Escort  1.6-1.8 D TD 84-99г.,0001110013,77645612,,KEMP
Стартер Ford Escort Fiesta 1.1-1.4 86-95г.,0001113003,77645623,,KEMP
Стартер Ford Escort Fiesta Focus 1.8DI TDCI 98г.->,1S4U11000AA,77645628,,KEMP
Стартер Ford Escort Mondeo 1.6-1.8  95-00г.,0001108121-1,77641617,,KEMP
Стартер Ford Escort Mondeo 1.6-1.8 16V 95-00г.Focus,0001108121,77641616,,KEMP
"Стартер Ford Escort Mondeo 2 Focus 2 1.6-2,0 16V 95-04г.",0001107016,77648081,,KEMP
Стартер Ford Fiesta Mondeo Focus C Maxs 1.25-1.6i Ti 00->,0001107417,77645617,,KEMP
Стартер Ford Transit   [Motorcraft],97VB11000-B3A,77641082,,KEMP
Стартер Ford Transit  2000 --,YC1U-11000-AD,77641083,,KEMP
"Стартер Ford Transit 2,0-2,4 TDCI 2000 --",1S7U11000BA,77641083,,KEMP
Стартер Ford Transit 2.5 DI TD 94-00,98VB11000B3A,77645627,,KEMP
Стартер MB Sprinter Vito,0041518901,77643318,MGR-036,KEMP
Стартер MB Sprinter Vito D TD CDI,0001109014,77643171,,KEMP
Стартер MB208-410 (601 602) D/TD  88-96г.,0001218016,77645625,,KEMP
Стартер Mercedes W203 W204 W211 W212 Sprinter (906)OM271,0001107406,77645615,,KEMP
Стартер Opel Ascona C Astra F Omega A. Vectra A Kadet E1.8-2.0 16V,0986018260,77645755,0001108151,KEMP
Стартер Opel Astra F 1.7 TDS Vectra B 1.7 TD,S114-808,77641620,,KEMP
Стартер Opel Astra F Astra G Kadet E Vectra A;B 1.2-1.6i,432632,77645022,,KEMP
Стартер Opel Astra F Astra GOmega A.B Vectra A;B 1.8-2.0 16V,0001107034,77645606,,KEMP
Стартер Opel Astra G Astra H 1.7DTI.CDTI Combo 1.7 DI 16V,S114-829,77641621,,KEMP
Стартер Opel Combo Corsa B 1.5-1.7 D.Di,S114-850,77641619,,KEMP
Стартер Opel Kadet E Astra  F Vectra A 1.4-1.6i,96208781,77645603,,KEMP
Стартер Opel Kadet E Astra  F Vectra A 1.7D.TD,0001110115,77641618,,KEMP
Стартер Renault 19.21.Laguna Volvo 440-460 1.4-1.8 86-99г.,D6RA33,77645760,,KEMP
"Стартер Renault 19.21.Megane Laguna Volvo 440-460 1.4-1,7 86-03г.(9зуб.).",7700100647,77641623,CS681,KEMP
Стартер Renault 19.21.Megane Laguna Volvo 440-460 1.4-2.0 86-03г.(10зуб.).,7700796488,77645759,D6RA56,KEMP
Стартер Renault Kango  Megan Scenic 1.9 DCI,M1T85781,77645605,,KEMP
Стартер Renault Kango Clio Megan 1.5 CDI (12 зубов),CS1273,77645601,,KEMP
Стартер Renault Kango Clio Megan 1.5 CDI 08->Logan/Clio/Megane/Daster,8200306595,77645604,CS1332,KEMP
Стартер Renault Kango Clio Megan 1.9D,D6RA101,77645621,,KEMP
Стартер VW G3 Vento Polo (6N1/6N2) 1.0-1.4 92-0.1р.,0001107025,77641615,,KEMP
Стартер VW Golf 3:4 1.9D TDi Transporter T4 2.5TDI (АКПП) Octavia1.9 TDI(1.8KW),0986017000,77645609,0001125035,KEMP
Стартер VW Golf 3-4 Skoda Octavia 1.9 TDI SDI 96г.-> (2KW),0001125035,77641606,,KEMP
Стартер VW LT 28-46 96-06,069911023E,77643086,55-0039,KEMP
Стартер VW Passat В3 88-96 1.6-2.0,02A911023F,7764593,0001107003,KEMP
Стартер VW T2 T3 1.6-1.7 D.TD 81-91г.,0001110009,77641613,0001110010,KEMP
Стартер VW T4 1.9-2.5 D.TD.TDI  91-03г.,0001125001,77641614,,KEMP
Стартер VW Transporter T4 1.9 2.4 D TD 2.5TDI (АКПП)Golf 2 1.6D TD,0001110001,77645608,,KEMP
"Стартер Аudi-100 5 цил. 1,9-2,3",0001108001,7764555,,KEMP
Стартер.Аudi-80 100 А 4.A6 A8 Pas.B5.2.6 2.8 V6,0001108113,77645607,,KEMP
"Стартер.Аudi-80 86-94г.1,6-2,0 А 4.1,6-1,8 95-00 Pas.B5.1.6-2.0 96-05г.",06B911023,77645021,,KEMP
Стекло заднего фонаря Mercedes Benz Bus,8267,,0008262010,KEMP
"Стекло противотуманки, левое W906, W211",8402,,2118260190,KEMP
"Стекло противотуманки, правое W906, W211",8403,,2118260290,KEMP
Стекло фары  Audi-80 86-90 R,893941116,7764961,,KEMP
Стекло фары  VW Passat B3  88-94 L,357941115,7764934,,KEMP
Стекло фары  VW Passat B3 88-94 R правое,357941116,7764935,,KEMP
Стекло фары MB100 L,A6318260090,77643512,82057,KEMP
Стекло фары MB100 R,A6318260190,77643513,BG82058,KEMP
Стекло фары левое LT VW LT,9410.13,,2D1941115,KEMP
Стекло фары левое V класс Mercedes Benz Vito,8287,,0038269790,KEMP
Стекло фары правое LT VW LT,9410.14,,2D1941116,KEMP
Стеклопідіймач електричний Peugeot Partner Berlingo 96-> передній L (+мотор),9221G3,77645026,9221.G3,KEMP
Стеклопідіймач електричний Peugeot Partner Berlingo 96-> передній R(+мотор),9221G1,77645027,9221.G1,KEMP
Стеклопідіймач електричний Renault Kangoo 97-> передній L,8200188553,77645028,,KEMP
Стеклопідіймач електричний Renault Kangoo 97-> передній R,8200188551,77645029,,KEMP
Стеклопідіймач електричний Renault Trafic Opel Vivaro Nis.Primastar передній R,7700311821,77645035,,KEMP
Стеклоподъемни електрический Renault Trafic Opel Vivaro Nis.Primastar передний L,7700311820,77645034,,KEMP
Стеклоподъемник електрический Fiat Doblo передний L,46751439,77645024,,KEMP
Стеклоподъемник електрический Fiat Doblo передний R,46751438,77645025,,KEMP
Стеклоподъемник електрический Ford Transit 00-06 передний L (с мотором),YC15V23201 BJ,77645032,,KEMP
Стеклоподъемник передний  левый Mercedes Benz W124,7295,,1247200346,KEMP
Стеклоподъемник передний Daewoo Lanos L механический,96304038,77643247,,KEMP
Стеклоподъемник передний Daewoo Nexia L механический,90186593,77642789,,KEMP
Стійка стабілізатора Opel Vectra A Astra F 1.4-2.0 87-93г. 18mm,0350261,77643040,0350261,KEMP
Стійка стабілізатора Opel Vectra A Astra F 1.8-2.0 87-93г. 22mm,90278579,77641235,0350260,KEMP
Стійка стабілізатора Opel Vectra A Astra F 88-97,OP-DS-5574,77642684,0350263,KEMP
Стійка стабілізатора Opel Vectra A Astra F 88-97,4544599,77642478,,KEMP
Стійка стабілізатора Opel Vectra B 95-02 Corsa C 00->,OP-LS-5582,77642686,0350610,KEMP
Стійка стабілізатора зад. Ford Mondeo  93 -96 з рез,93BB5K566AC,77644649,,KEMP
Стійка стабілізатора зад. Ford Mondeo 94 --   з рез,93BB5K566AG,77644650,,KEMP
Стійка стабілізатора заднього Ford Transit L/R 06->,4042068,77646659,,KEMP
Стійка стабілізатора заднього Mercedes,1243200289,77643099,1243260113,KEMP
Стійка стабілізатора заднього Mercedes Sprinter 96->MB123 передного,10790005,77643415,1233200989,KEMP
Стійка стабілізатора задньої Mercedes Sprinter ->2006,9013200089,77643874,,KEMP
Стійка стабілізатора задня Mercedes Vito 96-04 г.,6383260116,77641996,LMI24724,KEMP
Стійка стабілізатора перед DaeWoo Nubira 246mm,96300213,77642493,,KEMP
Стійка стабілізатора перед DaeWoo Nubira Chevrolet Laceti  265mm,96300627,77642581,,KEMP
Стійка стабілізатора перед Ford Transit 1999,L07-2015,77641113,,KEMP
"Стійка стабілізатора перед.Ford Escort, Mondeo 90 --",FD-LS-0090,77642578,1661237,KEMP
"Стійка стабілізатора перед.Ford Escort, Mondeo 90 --",1661237,77642692,,KEMP
Стійка стабілізатора перед.Ford Focus C-MAX,FD-LS-3667,77642691,1223792,KEMP
Стійка стабілізатора перед.Ford Focus C-MAX,1223792,77642460,,KEMP
Стійка стабілізатора перед.Ford Transit L/R 06->,1495685,77646658,,KEMP
"Стійка стабілізатора передній Audi A6,A8 Alroad 95-05 L/R лівий/правий",4D0411317J,77642492,,KEMP
"Стійка стабілізатора передній Audi A6,A8 L/R 04-> лівий/правий",4E0411317E,77642919,,KEMP
Стійка стабілізатора передній Chevrolet Aveo Tacuma 03->,DE-LS-2299,77642952,96391875,KEMP
Стійка стабілізатора передній Renault Kangoo 08-> Megan Scenic 2 (285mm),8200669065,77642494,,KEMP
Стійка стабілізатора передній VW Polo (9N) Fabia Combi Practic Audi A2,6Q0411315D,77642482,,KEMP
Стійка стабілізатора передній VW Polo (9N) Fabia Romster  Audi A2,6Q0411315N,77642483,,KEMP
Стійка стабілізатора передній VW Transporter T5,VO-LS-2311,77642950,7H0411317,KEMP
"Стійка стабілізатора переднього Audi A6,A8 Alroad 95-05 L/R лівий/правий",VO-LS-0157,77642702,4D0411317G,KEMP
Стійка стабілізатора переднього Chevrolet Lacetti 05-> L,DE-LS-3897,77642689,96403099,KEMP
Стійка стабілізатора переднього Chevrolet Lacetti 05-> R,DE-LS-3896,77642690,96403100,KEMP
Стійка стабілізатора переднього Dacia Logan Sandero   04->,6001547138,77644585,,KEMP
Стійка стабілізатора переднього Opel Vivaro Renault Trafic 2 Laguna 2,RE-LS-2095,77642688,4408904,KEMP
Стійка стабілізатора переднього Opel Vivaro Renault Trafic 2 Laguna 2,4408904,77642480,8200002870,KEMP
Стійка стабілізатора переднього Peugeot Partner Citroen Berlingo ->2008,PE-LS-5046,77642707,508739,KEMP
Стійка стабілізатора переднього Peugeot Partner Citroen Berlingo ->2008,508739,77642462,,KEMP
Стійка стабілізатора переднього Renault Kangoo 97-> Clio 1:2:,7700799404,77644614,,KEMP
Стійка стабілізатора переднього Renault Trafic 2 Laguna 2 Opel Vivaro,8200002870,77642587,8200002870,KEMP
Стійка стабілізатора переднього VW Golf 2-3 Polo Cadi2 Toledo Cordoba,191411315A,77644685,,KEMP
Стійка стабілізатора переднього VW Golf 2-3 Polo Cadi2 Toledo Cordoba,191411315A,77641676,,KEMP
Стійка стабілізатора переднього VW Golf 2-3 Vento 82-99г.16мм (к-кт),191411315B,77641677,,KEMP
Стійка стабілізатора переднього VW LT28-46 MB Sprinter L,ME-LS-1977,77642681,2D0411051,KEMP
Стійка стабілізатора переднього VW LT28-46 MB Sprinter R,ME-LS-1978,77642682,2D0411052,KEMP
"Стійка стабілізатора переднього VW Passat B3,В4 88-94 19мм діаметр",357411315,77641678,,KEMP
"Стійка стабілізатора переднього VW Passat B3,В4 88-94 19мм діаметр комплект",357411315C,77644682,,KEMP
"Стійка стабілізатора переднього VW Passat B3,В4 88-94 21мм діаметр комплект",VO-LS-1165,77644683,,KEMP
"Стійка стабілізатора переднього VW Passat B3,В4 88-94 24мм діаметр комплект",357411315BS,77644681,,KEMP
"Стійка стабілізатора переднього VW Passat B3,В4 88-94 24мм діаметр комплект",15998,77644684,357411315D,KEMP
Стійка стабілізатора переднього VW Polo CaddY2 Seat Toledo Cordoba,6K0411315,77644592,,KEMP
Стійка стабілізатора переднього VW Polo CaddY2 Seat Toledo Cordoba к-кт,6K0411315S1,77644593,,KEMP
Стійка стабілізатора переднього VW Polo Lupo Seat Arosa 16mm к-кт.,6N0411315S1,77644679,,KEMP
Стійка стабілізатора переднього VW Polo Lupo Seat Arosa 17mm к-кт.,6N0411315AS1,77644594,,KEMP
Стійка стабілізатора переднього VW Transporter T5,7H0411317,77642481,,KEMP
Стійка стабілізатора передньої Mercedes Vito (639)   L.,LMI30372,77643187,6393200289,KEMP
Стійка стабілізатора передньої Mercedes Vito (639)   R.,LMI30373,77643188,6393200389,KEMP
Стійка стабілізатора передньої Mercedes Vito D/TD L.,LMI22088,77643185,6383230268,KEMP
Стійка стабілізатора передньої Mercedes Vito D/TD R,LMI22089,77643186,6383230368,KEMP
Стійка стабілізатора передньої VW Golf 2-3 Polo Cadi2 Toledo Cordoba (к-кт),191411315AS,77644544,,KEMP
Стійка стабілізатора передньої VW Golf4 Bora Skoda Octavia AudiA3 TT L 99->,1J0411315D,77643875,1J0411315D,KEMP
Стійка стабілізатора передньої VW Golf4 Bora Skoda Octavia AudiA3 TT R 99->,1J0411316D,77643876,1J0411316D,KEMP
"Стійка стабілізатора передньої VW Passat B3,В4 88-94 21мм діаметр  комплект",357411315DS,77643224,357411315A,KEMP
"Стійка стабілізатора передньої VW Passat В5,B6/Audi A4,A6,A8 Skoda 95-05 L",8D0411317D,7764450,,KEMP
Стійка стабілізатора передня Mercedes Vito (639)  L.,ME-LS-3542,77642003,6393200289 LMI30372,KEMP
Стійка стабілізатора передня Mercedes Vito (639)  R.,ME-LS-3819,77642004,6393200389 LMI30373,KEMP
Стійка стабілізатора передня Mercedes Vito D/TD  L.,ME-LS-0436,77641993,6383230268 LMI22088,KEMP
Стійка стабілізатора передня Mercedes Vito D/TD  R,ME-LS-0435,77641994,6383230368 LMI22089,KEMP
Стійка стабілізатора передня Mercedes Vito SDI  L.,ME-LS-2252,77641998,6383230468 LMI22344,KEMP
Стійка стабілізатора передня Mercedes Vito SDI  R.,ME-LS-2254,77641999,6383230568 LMI22345,KEMP
Стійка стабілізатора передня Opel Astra G Astra H Zafira,OP-LS-4850,77642687,0350611,KEMP
Стійка стабілізатора передня Opel Astra G Astra H Zafira,350611,77641886,,KEMP
"Стійка стабілізатора передня VW Passat B3,В4 88-94 21мм діаметр",357411315D,7764310,,KEMP
"Стійка стабілізатора передня VW Passat B3,В4 88-94 24мм діаметр",357411315B,77642209,,KEMP
"Стійка стабілізатора передня VW Passat В5,B6/Audi A4,A6,A8 Skoda 95-05 R",8D0411318D,7764311,,KEMP
Стойка стабилизатора Opel Omega A Senator B,350605,77641884,,KEMP
Стойка стабилизатора Opel Omega B,OP-LS-5575,77642685,0350609,KEMP
Стойка стабилизатора Opel Omega B,350609,77641885,,KEMP
Стойка стабилизатора зад. Ford Connect 2002->,2T145C486AE,77644159,,KEMP
Стойка стабилизатора зад.(пластик) Chevrolet Lacetti,96561754,77641712,,KEMP
Стойка стабилизатора заднего  Audi A3 VW Touran Golf 5 Pas.B6 Octavia A5 03->,1K0505465C,77642477,,KEMP
Стойка стабилизатора перед.Ford Transit 86-> L,86VB3B439AA,77644621,,KEMP
Стойка стабилизатора перед.Ford Transit 86-> R,86VB3B438AA,77644620,,KEMP
Стойка стабилизатора переднего  Audi  A4 A5 A6 A7 Q5 07-> L/R,8K0411317D,77647805,8K0 411 317 D,KEMP
Стойка стабилизатора переднего  Audi 80 B3 (с Г.У.),857407479A,77644680,855407469,KEMP
Стойка стабилизатора переднего  Audi 80 B4,AU-LS-7179,77642679,8A0407465C,KEMP
Стойка стабилизатора переднего  Audi 80 B4,8A0407465C,77641458,8A0407465,KEMP
Стойка стабилизатора переднего VW Golf4 Bora Skoda Octavia,VO-LS-0475,77642949,1J0411315C,KEMP
Стойка стабилизатора переднего VW Golf5 Cadi 3Pas.B6 Octavia A5 Audi A3 03->,1K0411315B,77642463,,KEMP
Стойка стабилизатора передняя леваяVito 639 03-,SM0372,,639 320 00 89,KEMP
Стойка стабилизатора передняя праваяVito 639 03-,SM0373,,639 320 05 89,KEMP
Стойка стабилизатора передняяOctavia A5 Caddy III Passat B6,SM6774,,1K0411315K,KEMP
Ступица VW T5 пер/зад 03 г.->Touareg 2.5 R5 TDI ->10г.,77643315,77643315,713610760/7H0498611,KEMP
Ступица VW T5 пер/зад 03 г.->Touareg 2.5 R5 TDI ->10г.к-кт,713610760,77647637,7H0498611,KEMP
Ступица VW T5 пер/зад 09 г.->Touareg 2.5 R5 TDI ->10г.,713610650,77647538,VKBA 3646/7H0498611,KEMP
Ступица задняя  Daewoo Nexia Lanos Espero Nubira,90142161,77645709,,KEMP
Ступица задняя Audi A3 Q3 VW Passsat Golf 5 Octavia A5 04г.->136.4*32*69.2,77647537,77647537,3G0598611A/713610620,KEMP
Ступица задняя Chevrolet Epica Evanda Lacetti Daewoo Nubira (c ABS),96639607,77644953,,KEMP
Ступица задняя Fiat Doblo 01->,77645710,77645710,713690730,KEMP
Ступица задняя Ford Focus 2004-> C-MAX 2003->,77647540,77647540,1471852/VKBA3661,KEMP
Ступица задняя Ford Focus 2004-> C-MAX 2003->,713678940,77647627,1471852/VKBA3661,KEMP
Ступица задняя MB SMART 01-07,VKBA6625,77648049,402301,KEMP
Ступица задняя MB SMART 01-07,713667340,77648049,402301,KEMP
Ступица задняя Opel  Vektra C Signum (c ABS),77648039,77648039,713644260/VKBA3624,KEMP
Ступица задняя Opel  Vektra C Signum (c ABS),713644260,77648197,VKBA3624,KEMP
Ступица задняя Opel Astra F;G Combo 05->(без ABS),9120129,77644956,1604004,KEMP
Ступица задняя Opel Astra F;G Vectra A.B. Combo 05-> (с ABS 4 отв),77647539,77647539,713644560/1604003,KEMP
Ступица задняя Opel Astra F;G Vectra A.B. Combo 05-> (с ABS 4 отв),713644560,77647628,1604003,KEMP
Ступица задняя Opel Astra G Vektra B(c ABS 5отверстий),9119931,77644957,1604002,KEMP
Ступица задняя Opel Astra H Meriva B Zafira B (c ABS 5 отв),VKBA3653,77645721,,KEMP
Ступица задняя Peugeot P806 Citroen Jumpy Fiat Scudo 96->,77648034,77648034,713630570/VKBA3424,KEMP
Ступица задняя Skoda Fabia VWpolo Audi A2 01г.->,77644960,77644960,6Q0598611,KEMP
Ступица задняя VW Caddi 3 04->,1T0598611B,77644961,,KEMP
Ступица задняя VW Golf-4 Skoda Oktavia Audi A3 TT.97->г.,77644982,77644982,1J0598477,KEMP
Ступица задняя VW Golf-4 Skoda Oktavia Audi A3 TT.97->г.,713610220,7764644,800179,KEMP
Ступица задняя VW Passat B5 Audi A6 97-05 Skoda Super B 02->,8E0501611,77641356,801344D,KEMP
"Ступица задняяVW Golf IV, Audi A3 96-03, Skoda Octavia 96-, Leon, Toledo 99- 120",SH157.20,,713610220,KEMP
Ступица колеса передняя BMW 5 E39 520-540 96-03г.,31221093427,77641357,801106,KEMP
Ступица передняя  Cheri Eastar Elara Fora (B11),B11-3001030,77645800,B113001030,KEMP
Ступица передняя Audi 100 78-86,443407615A,7764654,,KEMP
Ступица передняя Audi 80 75-86 B-2 81-88,823407615A,7764633,,KEMP
Ступица передняя Audi 80 89-94,893407615B,7764635,,KEMP
Ступица передняя Chevrolet Aveo 1.5,96535041,77645707,,KEMP
Ступица передняя Chevrolet Epica Evanda  (c ABS),96639585,77644954,,KEMP
Ступица передняя Ford Conect  2002-> Tourneo 2.2 TDCI 06->,1473257,77645713,4971371,KEMP
Ступица передняя Ford Escort 83-90,1644842,7764647,6087129,KEMP
Ступица передняя Ford Fiesta 3 89-95г.,6517014,77644977,,KEMP
Ступица передняя Ford Focus 2004-> C-MAX 2003->,77641901,77641901,713678790,KEMP
Ступица передняя Ford Focus 2004-> C-MAX 2003->,713678790,77647545,1471854,KEMP
Ступица передняя Ford Galaxy S-MAX 2006->,77648048,77648048,713678820/VKBA6523,KEMP
Ступица передняя Ford Galaxy S-MAX 2006->,713678820,77648202,VKBA6523,KEMP
Ступица передняя Ford Transit V-363 2014->FWD.4WD(передний привод),1769170,77645806,BK21-2C300-AB,KEMP
Ступица передняя MB SMART 01-07,77647541,77647541,713667330/VKBA6624,KEMP
Ступица передняя MB SMART 01-07,713667330,77647632,VKBA6624,KEMP
Ступица передняя MB Vito (639) 03- (150x95),713668050,,,KEMP
Ступица передняя Mercedes Benz MB100,6313340401,,631 334 0401,KEMP
Ступица передняя Opel  Vektra C Signum (c ABS),93175327,77644959,,KEMP
Ступица передняя Opel  Vektra C Signum (c ABS),713644270,77648038,VKBA6507,KEMP
Ступица передняя Opel Astra G (без ABS),1603208,77644955,,KEMP
Ступица передняя Opel Astra G Zafira A (с ABS 5 отв),77647535,77647535,713644060/1603211,KEMP
Ступица передняя Opel Astra G Zafira A (с ABS 5 отв),713644060,77647633,1603211,KEMP
Ступица передняя Opel Astra G Zafira A (с ABS),1603209,77644958,,KEMP
Ступица передняя Opel Astra H ZafiraB (с ABS 4 отв),VKBA3650,77645723,,KEMP
Ступица передняя Opel Astra H ZafiraB (с ABS 5 отв),77648043,77648043,713644280/VKBA6506,KEMP
Ступица передняя Opel Astra H ZafiraB (с ABS 5 отв),77645718,77645718,VKBA3651/713 6443 20,KEMP
Ступица передняя Opel Astra H ZafiraB (с ABS 5 отв),713644320,77647634,VKBA3651,KEMP
Ступица передняя Opel Astra H ZafiraB (с ABS 5 отв),713644280,77648203,VKBA6506,KEMP
Ступица передняя Opel Astra H ZafiraB 1.2-1.8  (с ABS 5 отв),77648138,77648138,713644810/VKBA6688,KEMP
Ступица передняя Opel Omega A Senator B,90486467,77644979,1603194,KEMP
Ступица передняя Opel Omega A Senator B,713644540,77643842,,KEMP
"Ступица передняя Opel Vektra/Ascona/Astra 81-98 1,2-1,6",96176252,7764649,96176252,KEMP
Ступица передняя Skoda Fabia 99г.->Romster (Украинская сборка) с Г/У(D121mm),713610820,77646121,6Q0407621CB,KEMP
Ступица передняя Skoda Fabia 99г.->Romster 06-> Audi A2 с Г/У,6Q0407621,77644968,6Q0407621,KEMP
Ступица передняя Skoda Favorit 90-95,115430010,77642071,,KEMP
"Ступица передняя VW Cadi 3 Golf 5 Octavia  04г.-> вар.оснащения 1ZC,1ZF к-кт",713610770,77641581,1K0498621,KEMP
"Ступица передняя VW Cadi 3 Golf 5 Octavia 04г.-> вар.оснащения 1ZC,1ZF",1K0498621,77644962,713610770,KEMP
Ступица передняя VW G5 Cadi 3 Octavia 04->,713610610,77641579,1T0498621,KEMP
Ступица передняя VW G5 Cadi 3 Octavia 04->,1T0498621,77644952,1T0498621,KEMP
Ступица передняя VW Golf-2 G-3 B-3 88-97,357407615,7764640,,KEMP
Ступица передняя VW Golf-2 G-3 B-3 88-97 abs,357407615A,7764641,,KEMP
Ступица передняя VW Golf-2 G-3 B-3 88-97 с кольцом abs,357407613B,7764642,357407615B,KEMP
Ступица передняя VW LT Crafter 30-50 MB Sprinter  (906),713668010,77645703,2E0407303P,KEMP
"Ступица передняяVW Caddy III 04-, Golf V 04- (4 болта) 136.5x84x29",SH154.56,,713610610,KEMP
Супорт задний  Fiat ULYSSE Citroen Cc Peugeot 807 2002-2011 L  (без скобы),77647172,77647172,9464216180,KEMP
Супорт задний  Fiat ULYSSE Citroen Cc Peugeot 807 2002-2011 R  (без скобы),77647173,77647173,9464216280,KEMP
Супорт задній   Mercedes W211 02-08  L,0024202583,77648391,,KEMP
Супорт задній   Mercedes W211 02-08  R,0024202683,77648392,,KEMP
Супорт задній   Renault Clio 3 Modus 05->L,77648455,77648455,7 701 208 361,KEMP
Супорт задній   Renault Clio 3 Modus 05->R,77648456,77648456,7 701 208 362,KEMP
Супорт задній   Renault Laguna 2 Espace 4 01->L,77648453,77648453,7701049108,KEMP
Супорт задній   Renault SCENIC2 03->L,7701208256,77648433,77648433,KEMP
Супорт задній  Fiat Ducato Peugeot Boxer Citroen Jumper 06->L,77648409,77648409,4401K4,KEMP
Супорт задній  Fiat Ducato Peugeot Boxer Citroen Jumper 06->R,77648410,77648410,4401K5,KEMP
Супорт задній  Fiat Ducato Peugeot Boxer Citroen Jumper 96->L,77648419,77648419,4401F2,KEMP
Супорт задній  Fiat Ducato Peugeot Boxer Citroen Jumper 96->R,77648420,77648420,4401F3,KEMP
Супорт задній  Peugeot  Partner Citroen  Berlingo 96->L,77648451,77648451,4400.P8,KEMP
Супорт задній  Peugeot  Partner Citroen  Berlingo 96->R,77648452,77648452,4400.P9,KEMP
Супорт задній  Peugeot Expert Citroen Jumpy 07->L,77648427,77648427,4401.L0,KEMP
Супорт задній  Peugeot Expert Citroen Jumpy 07->R,77648428,77648428,4401.L1,KEMP
Супорт задній  Renault Master 2 OPEL Movano 01->L  (без скоби),77647156,77647156,7701206754,KEMP
Супорт задній  Renault Master 2 OPEL Movano 01->R  (без скоби),77647157,77647157,7701206755,KEMP
Супорт задній  Renault Trafic 2.Opel Vivaro  01->L  (без скоби),77647168,7764 7168,7701056166,KEMP
Супорт задній  Renault Trafic 2.Opel Vivaro  01->R  (без скоби),77647169,7764 7169,7701056165,KEMP
Супорт задній  лівий Renault Master 10>  (без скоби),77647194,7764 7194,440118711R,KEMP
Супорт задній  правий Renault Master 10>  (без скоби),77647195,77647195,440014373R,KEMP
"Супорт задній Audi ,A6  VW Passat 96->(4*4 вент) R  (без скоби) правий",4B0615424,77648372,,KEMP
Супорт задній AUDI A4 A58 Q5 07-> L(ел.привід ст.торм.) лівий,8K0615403B,77648347,,KEMP
Супорт задній AUDI A4 A58 Q5 07-> R(ел.привід ст.торм.) правий,8K0615404B,77648348,77648348,KEMP
"Супорт задній Audi A4,A6 00-/VW Passat 00-  L  (без скоби) лівий",77647184,77647184,8E0615423B,KEMP
"Супорт задній Audi A4,A6 00-/VW Passat 00-  R  (без скоби) правий",77647185,77647185,8E0615424B,KEMP
"Супорт задній Audi A4,A6 97-/VW Passat 96-  L  (без скоби)",7764 586,7764 586,8E0615423,KEMP
"Супорт задній Audi A4,A6 97-/VW Passat 96- quattro   R (без скоби) правий",77647187,77647187,8E0615424A,KEMP
"Супорт задній Audi A4,A6 97-/VW Passat 96- quattro  L  (без скоби) лівий",77647186,77647186,8E0615423A,KEMP
Супорт задній AUDI A6  04-> L(ел.привід ст.торм.) лівий,4F0615403C,77648373,,KEMP
Супорт задній AUDI A6  04-> L(ел.привід ст.торм.) лівий,4F0615403A,77648351,,KEMP
Супорт задній AUDI A6  04-> R(ел.привід ст.торм.) правий,4F0615404C,77648374,,KEMP
Супорт задній AUDI A6  04-> R(ел.привід ст.торм.) правий,4F0615404A,77648352,,KEMP
Супорт задній Audi-100 A6 90-97 L  (без скоби) лівий,77645465,77645465,4A0615423,KEMP
Супорт задній Ford  TRANSIT Bus  TDCi 2006-2014 -L RWD   (без скоби),1501244,77648922,,KEMP
Супорт задній Ford  TRANSIT Bus  TDCi 2006-2014 -R RWD  (без скоби),1501243,77648923,,KEMP
Супорт задній Ford  TRANSIT Bus  TDCi 2008-2014 -L  (без скоби),77647196,7764 7196,1371412,KEMP
Супорт задній Ford  TRANSIT Bus  TDCi 2008-2014 -R  (без скоби),77647197,7764 7197,1371407,KEMP
Супорт задній Ford  TRANSITConnect 2002->  L  (без скоби),4387366,77648435,7764 8435,KEMP
Супорт задній Ford  TRANSITConnect 2002->  R  (без скоби),4387364,77648436,7764 8436,KEMP
Супорт задній Ford Focus 1 98-04 - R,77648448,7764 8448,1075553,KEMP
Супорт задній Ford Galaxi  S-MAX  06->  L(ел.привід ст.торм.),1493796,77648403,77648403,KEMP
Супорт задній Ford Galaxi  S-MAX  06->  R(ел.привід ст.торм.),1426840,77648404,77648404,KEMP
Супорт задній Ford MONDEO 3   00-07  -L,1144079,77648441,77648441,KEMP
Супорт задній Ford Mondeo IV Kuga S-Max Galaxy 2007 -> -L,77647182,7764 7182,1460305/6G912D049GC,KEMP
Супорт задній Ford Mondeo IV Kuga S-Max Galaxy 2007 -> -R,77647183,7764 7183,1465776/6G912D048GF,KEMP
Супорт задній Mercedes  Benz VITO (639) 2003-> (Bosch)  - L,6394200283,77648389,7764 8389,KEMP
Супорт задній Mercedes  Benz VITO V- CLASS  1997-2003 (ATE)  - R,6384231598,77647174,6384231598,KEMP
Супорт задній Mercedes  SPRINTER 4.6-5t (906) VW Crafter 30-50 06-> L,2E0615423A,77648397,0034207383,KEMP
Супорт задній Mercedes  SPRINTER 4.6-5t (906) VW Crafter 30-50 06-> R,2E0615424A,77648398,0034207483,KEMP
Супорт задній Mercedes  SPRINTER 4t VW LT 28-46 96-06 L,0024203483,77648393,2D0 615 423 C,KEMP
Супорт задній Mercedes  SPRINTER 4t VW LT 28-46 96-06 R,0024205483,77648394,2D0 615 424 C,KEMP
Супорт задній Mercedes  SPRINTER VW LT 28-46 96-06 L (система ATE  D52mm),2D0615423,77648349,902 420 05 02,KEMP
Супорт задній Mercedes  SPRINTER VW LT 28-46 96-06 R (система ATE  D52mm),2D0615424,77648350,902 420 06 02,KEMP
Супорт задній Mercedes  SPRINTER(906) VW Crafter 30-50 06-> L,2E0615405B,77648385,003 420 71 83,KEMP
Супорт задній Mercedes  SPRINTER(906) VW Crafter 30-50 06-> R,2E0615406B,77648386,003 420 72 83,KEMP
Супорт задній Mercedes Benz VITO (639) 2003-> (Bosch)  - R,6394200983,77648390,7764 8390,KEMP
Супорт задній Mercedes Benz VITO V- CLASS  1997-2003 (ATE)  - L,6384231498,77647175,6384231498,KEMP
Супорт задній Mercedes Benz VITO V- CLASS  1997-2003 (Bosch)  - L,0014206483,77648387,77648387,KEMP
Супорт задній Mercedes Benz VITO V- CLASS  1997-2003 (Bosch)  - R,0014206583,77648388,77648388,KEMP
Супорт задній Opel Astra H Combo Zafira A - R(правий)  04г.->,77648450,77648450,542106/542196,KEMP
Супорт задній Opel Astra J Chevr Cruze(300)  - L(лівий) 09г.-> (торм. сист.ATE),77648437,7764 8437,13300861,KEMP
Супорт задній Opel Astra J Chevr Cruze(300)  - L(лівий) 09г.-> (торм. сист.ATE),77648415,77648415,13300883,KEMP
Супорт задній Opel Astra J Chevr Cruze(300)  - R(правий)09г.-> (торм. сист.ATE),77648438,7764 8438,13300862,KEMP
Супорт задній Opel Astra J Chevr Cruze(300)- R(правий) 09г.-> (торм. сист.ATE),77648416,77648416,13300884,KEMP
Супорт задній Opel Vectra A Astra F Kadet E-L(лівий),77647200,77647200,90297534,KEMP
Супорт задній Opel Vectra A Astra F Kadet E-R(правий),77647201,77647201,90297533,KEMP
Супорт задній VW Caddy3 10->R (38mm) правий,77648446,77648446,2K5615424,KEMP
"Супорт задній VW CC Passat ,Tiguan10 -> L(ел.привід ст.торм.) лівий",5N0615403,77648337,7764 8337,KEMP
"Супорт задній VW CC Passat ,Tiguan10 -> R(ел.привід ст.торм.) правий",5N0615404,77648338,7764 8338,KEMP
Супорт задній VW CC VW Passat10->  L(ел.привід ст.торм.) лівий,77648353,7764 8353,3C0615403C,KEMP
Супорт задній VW CC VW Passat10-> R(ел.привід ст.торм.) правий,77648354,7764 8354,3C0615404C,KEMP
Супорт задній VW Golf 5 Skoda  Octavia Audi A3 04-> L(d38mm) (без скоби)лівий,77647166,77647166,1K0615423A,KEMP
Супорт задній VW Golf 5 Skoda  Octavia Audi A3 04-> R(d38mm) (без скоби)правий,77647167,77647167,1K0615424A,KEMP
Супорт задній VW Golf 5 Skoda Octavia Audi A3 04-> L(d38mm) (без скоби),1K0615423L,77648335,,KEMP
Супорт задній VW Golf 5 Skoda Octavia Audi A3 04-> L(d41mm) (без скоби) лівий,1K0615423,77643492,1J0615423C,KEMP
Супорт задній VW Golf 5 Skoda Octavia Audi A3 04-> R (d41mm) (без скоби) правий,1K0615424,77643493,1J0615424C,KEMP
Супорт задній VW Golf 5 Skoda Octavia Audi A3 04-> R(d38mm) (без скоби),1K0615424L,77648336,,KEMP
Супорт задній VW Golf CADDY Skoda Octavia Audi A3 07-> R(d38mm) (без скоби)прав,77647199,77647199,5K0615424,KEMP
Супорт задній VW Passat 05-> L(ел.привід ст.торм.) лівий,77648345,77648345,3C0615403B,KEMP
Супорт задній VW Passat 05-> R(ел.привід ст.торм.) правий,77648346,77648346,3C0615404B,KEMP
Супорт задній VW Passat 05-10 L(ел.привід ст.торм.) лівий,77648341,77648341,3C0615403,KEMP
Супорт задній VW Passat 05-10 R(ел.привід ст.торм.) правий,77648342,77648342,3C0615404,KEMP
"Супорт задній VW Passat В4,Golf3 93-95 -R без скоби (без гарантії)",1H0615424,7764316,,KEMP
Супорт задній VW Transporter T4 L 92-03  (без скоби) лівий,77647190,77647190,701615423,KEMP
Супорт передній   Mercedes Vito 639 03-> L,6394200083,77648395,7764 8395,KEMP
Супорт передній   Mercedes Vito 639 03-> L,0044202783,77648379,,KEMP
Супорт передній   Mercedes Vito 639 03-> R,0044202883,77648380,,KEMP
Супорт передній   Mercedes W211 02-08  L,0034200183,77648381,,KEMP
Супорт передній   Mercedes W211 02-08  R,0034200283,77648382,,KEMP
Супорт передній   Peugeot Boxer Citroen Jumper 06->L,77648421,77648421,4401J8,KEMP
Супорт передній   Peugeot Boxer Citroen Jumper 06->R,77648422,77648422,4401J9,KEMP
Супорт передній   Peugeot Boxer Citroen Jumper 10->L,77648423,77648423,4401K0,KEMP
Супорт передній   Peugeot Boxer Citroen Jumper 10->R,77648424,77648424,4401K1,KEMP
Супорт передній  Chevrolet Aveo  - L  (без скоби),77647160,77647160,96534637,KEMP
Супорт передній  Chevrolet Aveo  - R  (без скоби),77647161,77647161,96534638,KEMP
Супорт передній  Fiat Ducato Peugeot Boxer Citroen Jumper 06->L,77648417,77648417,4401J6,KEMP
Супорт передній  Fiat Ducato Peugeot Boxer Citroen Jumper 06->R,77648418,77648418,4401J7,KEMP
Супорт передній  Mercedes SPRINTER 2006-2011 L,7764 7180,7764 7180,0044205583/2E0615101,KEMP
Супорт передній  Mercedes SPRINTER 2006-2011 R,7764 7181,7764 7181,0044205683/2E0615102,KEMP
Супорт передній  Mercedes Vito 639 03-> R,6394200183,77648396,77648396,KEMP
Супорт передній  Peugeot 206-307 Partner Citroen C2-C4 Berlingo 96->L,77646975,77646975,4400N0,KEMP
Супорт передній  Peugeot 206-307 Partner Citroen C2-C4 Berlingo 96->R,77646976,77646976,4400N1,KEMP
Супорт передній  Peugeot Boxer Citroen Jumper Fiat Ducato 94-02  02->L,77648425,77648425,4401N0,KEMP
Супорт передній  Peugeot Boxer Citroen Jumper Fiat Ducato 94-02  02->R,77648426,77648426,4401N1,KEMP
"Супорт передній Audi A100,A6 1.8-2.5 91-97 d 57mm L лівий",4A0615123,77648333,77648333,KEMP
"Супорт передній Audi A100,A6 1.8-2.5 91-97 d 57mm R правий",4A0615124,77648334,77648334,KEMP
"Супорт передній Audi A100,A6 2.3-2.8 91-97 d 57mm  L лівий",4A0615123A,77648369,,KEMP
"Супорт передній Audi A100,A6 2.3-2.8 91-97 d 57mm  R правий",4A0615124A,77648370,,KEMP
"Супорт передній Audi A4,A6 97-/VW Passat 96- L d 57mm(зі скобою) лівий",8E0615123A,77643685,,KEMP
Супорт передній Audi AQ3 VWTiguan Sharan 10-> L d 57mm лівий,5N0615123,77648343,,KEMP
Супорт передній Audi AQ3 VWTiguan Sharan 10-> R d 57mm правий,5N0615124,77648344,,KEMP
Супорт передній Ford Focus2; C MAX  L mazda 3,77648443,77648443,1755032,KEMP
Супорт передній Ford Focus2; C MAX  R mazda 3,77648444,77648444,1755031,KEMP
"Супорт передній Ford Focus2;3 C MAX  L mazda 3 bk 04->VOLVOC30/70,S40,V50 03~",1223615,77648401,77648401,KEMP
"Супорт передній Ford Focus2;3 C MAX  R mazda 3 bk 04->VOLVOC30/70,S40,V50 03~",1223616,77648402,77648402,KEMP
Супорт передній Ford Transit   L 01-> (без скоби),YC152B121AA,77648407,77648407,KEMP
Супорт передній Ford Transit   R 01-> (без скоби),YC152B120AA,77648408,77648408,KEMP
Супорт передній Ford Transit  L 06-> (без скоби),1434148,77648405,77648405,KEMP
Супорт передній Ford Transit - L 91-00р.R15,6197743,77648239,77648239,KEMP
Супорт передній Ford Transit  R 06-> (без скоби),1434147,77648406,77648406,KEMP
Супорт передній Ford Transit- R 91-00р..R14 (без скоби),6197740,77648240,77648240,KEMP
Супорт передній Mercedes  SPRINTER 2006-> 4.6-5T VW LT 30-50 L,2E0615101A,77648361,0044205783,KEMP
Супорт передній Mercedes  SPRINTER 2006-> 4.6-5T VW LT 30-50 R,2E0615102A,77648362,0044205883,KEMP
Супорт передній Mercedes  SPRINTER VW LT 28-46 96-06 L,9024201101,77648383,2D0615105A,KEMP
Супорт передній Mercedes  SPRINTER VW LT 28-46 96-06 L,2D0615123A,77648375,904 420 01 01,KEMP
Супорт передній Mercedes  SPRINTER VW LT 28-46 96-06 R,9024201201,77648384,2D0615106A,KEMP
Супорт передній Mercedes  SPRINTER VW LT 28-46 96-06 R,2D0615124A,77648376,904 420 02 01,KEMP
Супорт передній Opel Astra F Vectra A.B  L(лівий) (торм. сис. ATE)  (без скоби),542231,77648411,77648411,KEMP
Супорт передній Opel Astra F Vectra A.B  R(правий)(торм. сис. ATE)  (без скоби),542232,77648412,77648412,KEMP
Супорт передній Opel Astra G H Zafira - L 98-05г. (торм. сис. ATE)  (без скоби),77647162,77647162,542291,KEMP
Супорт передній Opel Astra G H Zafira - R 98-05г. (торм. сис. ATE)  (без скоби),77647163,77647163,542290,KEMP
Супорт передній Opel Astra J Chevrolet Aveo300 Cruze - L 11->,13301189,77648399,,KEMP
Супорт передній Opel Astra J Chevrolet Aveo300 Cruze - R 11->,13301190,77648400,,KEMP
Супорт передній VW Golf 82-91 Pollo 85-94  L лівий,77647192,77647192,191615123,KEMP
Супорт передній VW Golf 82-91 Pollo 85-94  R правий,77647193,77647193,191615124,KEMP
Супорт передній VW Polo RU 10->  L лівий,6RF615123,77648357,,KEMP
Супорт передній VW Polo RU 10->  R правий,6RF615124,77648358,,KEMP
Суппорт задний   Renault Laguna 2 Espace 4 01->R,77648454,77648454,7701049109,KEMP
Суппорт задний   Renault SCENIC2 03->R,7701208257,77648434,77648434,KEMP
Суппорт задний  Ford Focus 1 98-04 - L,77648447,7764 8447,1075554,KEMP
Суппорт задний  W201 W124 W202 1985-2000  L,1244200283,77647188,1244200283,KEMP
Суппорт задний  W201 W124 W202 1985-2000  R,1244200383,77647189,1244200383,KEMP
Суппорт задний  W202 W210  1996-2002  L,0014205083,77648377,77648377,KEMP
Суппорт задний  W202 W210  1996-2002  R,0014205183,77648378,77648378,KEMP
"Суппорт задний Audi ,A6  VW Passat 96->(4*4 вент) L  (без скобы)",4B0615423,77648371,,KEMP
Суппорт задний Audi 80 B4 91-94Avant 1991-1996 (B4) L  (без скобы),77647178,77647178,8A0615423,KEMP
Суппорт задний Audi 80 B4 91-94Avant 1991-1996 (B4) R  (без скобы),77647179,77647179,8A0615424,KEMP
Суппорт задний Audi-100 A6 90-97 R  (без скобы),77645466,77645466,4A0615424,KEMP
"Суппорт задний Audi-100, 80 83-94-  L  (без скобы)",77643734,7764 3734,443615423A,KEMP
"Суппорт задний Audi-100, 80 83-94 - R  (без скобы)",7764 3733,77643733,443615424A,KEMP
"Суппорт задний Audi-100,80 83-94 - R без скобы (без гарантии)",443698661BV,7764315,443698661BV,KEMP
Суппорт задний Audi-80:100 A6:A8 quattro 86-97 L,853615423A,77645695,,KEMP
Суппорт задний Audi-80:100 A6:A8 quattro 86-97 R правый,853615424A,77645696,,KEMP
Суппорт задний Ford MONDEO 3   00-07  -R,1144076,77648442,77648442,KEMP
Суппорт задний Opel Astra H Combo Zafira A - L(левый)  04г.->,77648449,77648449,542096,KEMP
Суппорт задний Opel Vectra  C 02-> -L (левый)  (без скобы),77648413,77648413,542095,KEMP
Суппорт задний Opel Vectra  C 02-> -R  (без скобы),77648414,77648414,542094,KEMP
Суппорт задний Opel Vectra  C Signum  03-> -L  (без скобы),77648439,77648439,93190681,KEMP
Суппорт задний Opel Vectra  C Signum  03-> -R(правый)  (без скобы),77648440,7764 8440,93190679,KEMP
Суппорт задний Opel Vectra B C Signum 00-> -L  (без скобы),77647176,77647176,542093,KEMP
Суппорт задний Opel Vectra B C Signum 00-> -R  (без скобы),77647177,77647177,542092,KEMP
Суппорт задний VW Caddy3 10-> L (38mm),77648445,77648445,2K5615423,KEMP
Суппорт задний VW Golf 4 Skoda Octavia Audi A3 - L (41mm)алюмин  (без скобы),77647170,77647170,1J0615423B,KEMP
Суппорт задний VW Golf 4 Skoda Octavia Audi A3 - R (41mm)алюмин  (без скобы),77647171,77647171,1J0615424B,KEMP
Суппорт задний VW Golf 4 Skoda Octavia Audi A3 01-->-L   (без скобы) (d38mm),77647164,77647164,1J0615423D,KEMP
Суппорт задний VW Golf 4 Skoda Octavia Audi A3 01-->-R   (без скобы) (d38mm),77647165,77647165,1J0615424D,KEMP
Суппорт задний VW Golf 4 Skoda Octavia Audi A3 96-> - L (41mm)  (без скобы),77647158,77647158,1J0615423A,KEMP
Суппорт задний VW Golf 4 Skoda Octavia Audi A3 96-> - R (41mm)  (без скобы),77647159,77647159,1J0615424A,KEMP
Суппорт задний VW Golf CADDY Skoda Octavia Audi A3 07-> L(d38mm) (без скобы),77647198,77647198,5K0615423,KEMP
"Суппорт задний VW Passat В4,Golf3 93-95 - Lбез скобы (без гарантии)",1H0615423,7764314,,KEMP
Суппорт задний VW Transporter  T4 L 96-03  (без скобы) левый,77645689,77645689,7D0615423B,KEMP
Суппорт задний VW Transporter  T4 R 96-03  (без скобы),77645690,77645690,7D0615424A,KEMP
Суппорт задний VW Transporter T4 R 92-03  (без скобы),77647191,77647191,701615424,KEMP
Суппорт задній Audi A4 94-01 A80 B4 -  L  (без скоби) лівий,77643711,77643711,8d0615423,KEMP
Суппорт задній Audi A4 94-01 A80 B4 -  R  (без скоби) правий,77643712,77643712,8d0615424,KEMP
"Суппорт задній Audi A4,A6 97-/VW Passat 96- R  (без скоби) правий",7764286,7764286,8E0615424,KEMP
Суппорт задній Chevrolet Laceti Daewoo Nubira 03-> L (без скоби),96800085,77642066,96549622,KEMP
Суппорт задній Chevrolet Laceti Daewoo Nubira 03-> R (без скоби),96549623,77642067,,KEMP
"Суппорт задній Ford Focus2 C MAX - L mazda 3 bk 03-08VOLVOC30/70,S40,V50 03~",1223706,77643699,77643699,KEMP
"Суппорт задній Ford Focus2 C MAX  R mazda 3 bk 03-08VOLVOC30/70,S40,V50 03~",1223704,77643700,77643700,KEMP
Суппорт задній Ford Scorpio Sierra ABS - L,5023226,77643709,85GB2L591BD,KEMP
Суппорт задній Ford Scorpio Sierra ABS- R,5023225,77643710,85GB2L590BD,KEMP
Суппорт задній Opel Astra G - L (лівий)98-05г. (гальмівна система BOSCH),542296,77643707,,KEMP
Суппорт задній Opel Astra G - R(правий) 98-05г. (гальмівна система BOSCH),542297,77643708,,KEMP
Суппорт задній Opel Astra G -L(лівий) 98-05г.(гальмівна система LUCAS),542465,77643701,,KEMP
Суппорт задній Opel Astra G -R(правий) 98-05г.(гальмівна система LUCAS),542466,77643704,,KEMP
Суппорт задній VW Caddy3 04-> L (41mm) лівий,2K0615423B,77645687,,KEMP
Суппорт задній VW Caddy3 04-> R (41mm) правий,2K0615424B,77645688,,KEMP
Суппорт задній VW Golf 4 Skoda Octavia  Audi A3 - L 96-> (без скоби) (d38mm) лів,77642062,77642062,1J0615423,KEMP
Суппорт задній VW Golf 4 Skoda Octavia  Audi A3 - R 96-> (без скоби) (d38mm) пра,77642063,77642063,1J0615424,KEMP
"Суппорт задній VW Passat В3,Golf2 88-93 - L лівий",191615423B,77642056,,KEMP
"Суппорт задній VW Passat В3,Golf2 88-93 - R правий",191615424B,77642057,,KEMP
"Суппорт задній VW Passat В4,Golf3 93-95 - L( без скоби) лівий",1H0615423,77643736,,KEMP
"Суппорт задній VW Passat В4,Golf3 93-95 - R ( без скоби) правий",1H0615424,77643735,1H0615424,KEMP
Суппорт задній VW Transporter T5 L лівий,7H0615423,77645691,,KEMP
Суппорт задній VW Transporter T5 R правий,7H0615424,77645692,,KEMP
Суппорт передний  Daewoo Nexia Opel Kadet - R,96166180,77643696,542082,KEMP
"Суппорт передний VW T4 15"" 91-03  L",701615123DX,7764 8355,,KEMP
"Суппорт передний VW T4 15"" 91-03  R",701615124DX,77648356,7764 8356,KEMP
Суппорт передний VW Transporter T2 T3  L  d54mm -85,251615107,77643705,211 615 107A,KEMP
Суппорт передний VW Transporter T2 T3  R d54mm -85,251615108,77643706,211 615 108A,KEMP
Суппорт передній  Daewoo Lanos 97-> - L  (без скоби),77642064,77642064,96273700,KEMP
Суппорт передній  Daewoo Lanos 97-> - R  (без скоби),77642065,77642065,96273701,KEMP
Суппорт передній  Daewoo Nubira 97-> - L (+скоба),96391880,77642058,,KEMP
Суппорт передній  Daewoo Nubira 97-> - R (+скоба),96391881,77642059,,KEMP
Суппорт передній  VW Crafter 30-50 06-> L лівий,7764 7180,7764 7180,2E0615101F,KEMP
Суппорт передній  VW Crafter 30-50 06-> R правий,77647181,7764 7181,2E0615102F,KEMP
Суппорт передній Audi A1-A3VW Cadi3 Golf5 Skoda Octavia A5 Fabia  L d 54mm лівий,1J0615123,77643693,1K0615123D,KEMP
Суппорт передній Audi A1-A3VW Cadi3 Golf5 Skoda Octavia A5 Fabia  L d 54mm(скоба,8J0615123A,77643697,1K0615123B,KEMP
Суппорт передній Audi A1-A3VW Cadi3 Golf5 Skoda Octavia A5 Fabia  R d 54mm прави,1J0615124,77643694,1K0615124D,KEMP
Суппорт передній Audi A1-A3VW Cadi3 Golf5 Skoda Octavia A5 Fabia  R d 54mm(скоба,8J0615124A,77643698,1K0615124B,KEMP
"Суппорт передній Audi A4,A6 97-/VW Passat 96- R  d 57mm(зі скобою) правий",8E0615124A,77643686,,KEMP
"Суппорт передній Audi A80-90,A100 82-94VW L  d 54mm(зі скобою) лівий",443615123A,77643691,433615123F,KEMP
"Суппорт передній Audi A80-90,A100 82-94VW R  d 54mm(зі скобою) правий",443615124A,77643692,433615124F,KEMP
Суппорт передній Ford Transit - L 91-00г.R14 (без скоби),6197742,77642060,92VB2B121AA,KEMP
Суппорт передній Ford Transit- R 91-00г.R15,6197741,77642061,92VB2B120AA,KEMP
Суппорт передній VW Golf2-3 PassatB2 L  d48mm(зі скобою) лівий,171615123B,77643689,1H0615123A,KEMP
Суппорт передній VW Golf2-3 PassatB2 R  d48mm(зі скобою) правий,171615124B,77643690,1H0615124A,KEMP
"Суппорт передній VW Passat Golf  88-96 Audi A80,A100 82-94 L  d 54mm(зі скобою)",8A0615123,77643687,357615123AX,KEMP
"Суппорт передній VW Passat Golf  88-96 Audi A80,A100 82-94 R d 54mm(зі скобою)",8A0615124,77643688,357615124AX,KEMP
Суппорт передній VW Touareg 2.5 3.0TDi VW Transporter T5 1.9:2.0TDI L d 60mm,7L6615123F,77645693,,KEMP
Суппорт передній VW Touareg 2.5 3.0TDi VW Transporter T5 1.9:2.0TDI R d 60mm,7L6615124F,77645694,,KEMP
"Термомуфта Ford Sierra, BMW 4 крепления",11521723918,77641451,,KEMP
Термомуфта MB W124 (3 крепления),A6032000022,77643914,,KEMP
Термомуфта MB W124 (3 крепления),6032000022,77643207,,KEMP
Термомуфта MB W210 W140 R129 Corando 2.8;3.2 (3 крепления),1032000622,77645428,,KEMP
"Термомуфта Mercedes 202;124;210;638; 1,8-2,3 (3 кріплення)",1112000422,77642888,,KEMP
Термомуфта Mercedes Bus 410 2.9 D TD 4кріплення,6022000122,77642566,,KEMP
Термомуфта Mercedes Sprinter  (3 кріплення),0002005122,77643305,1317866,KEMP
Термомуфта Mercedes Sprinter  CDI  (3 кріплення),0002005822,77643306,MGW-005,KEMP
Термомуфта Mercedes W210 W202 OM604 (4 кріплення),6042000022,77645429,,KEMP
Термомуфта VW /Audi,06B121347,7764505,,KEMP
Термомуфта VW LT 2.8,062121350,77643624,062121350MGW-041,KEMP
"Термомуфта VW Passat В5/Audi A4 2,4-2,8 96-04",078121350A,776443,,KEMP
"Термомуфта VW Passat В5/Audi A4 2,4-2,8 96-04",058121350,77644438,,KEMP
Термостат 2.5TDI VW LT/Crafter,069121113,77646058,4116.87D1,KEMP
"Термостат Audi100,A6 92-05 2,6-4,2  6-х циліндровий",077121113D,77643232,077121113B,KEMP
Термостат Cheri Amulet 87г/C,480-1306020,77642320,,KEMP
"Термостат Daewoo Lanos, Nubira, Chevrolet Aveo, Laceti 16Vз корпусом",96282726,77642792,,KEMP
Термостат Daewoo Matiz Tico 0.8-1.0,94580182,77642791,1303075,KEMP
"Термостат Daewoo Nexia, Lanos, Nubira",96143939,77641845,,KEMP
Термостат Ford Escort Fiesta Focus Mondeo 1.6-1.8 16V 2.4i-2.9,6866389,77645457,,KEMP
Термостат Ford Escort Fiesta Focus Transit Connect 1.8-2.5 D,1086282,776415,,KEMP
Термостат Ford Escort Fiesta Sierra Scorpio Transit 1.0-2.0,1635905,77645456,,KEMP
Термостат M112/113 Mercedes Benz W210,4281.87D,,1122000015,KEMP
Термостат M271 Mercedes Benz W203/211,3457.90D,,2712000015,KEMP
Термостат Mercedes OM 601;602;603 2.3-3.0 D  TD,6012000115,77645430,,KEMP
"Термостат Mercedes T1 Sprinter Vito Vario  D TD 75""C",6012000215,77645431,,KEMP
Термостат Opel Vectra Ascona Kadet 1.3-1.6i 87 C.,036121113B,77644035,,KEMP
Термостат VW/Audi  5-х циліндровий,035121113B,77643233,,KEMP
"Термостат VW/Audi 1,5-2,0 75-99 4-х циліндровий",056121113D,776416,050121113C,KEMP
"Термостат VW/Audi 1,5-2,0 75-99 4-х циліндровий",050121113C,77643234,056121113D,KEMP
Термостат VW/Audi A100 A6 VW T4 LT 2.4 2.5 TDI,035 121 113 B,7764725,069121113,KEMP
Термостат VW/Audi A3 3.2V6 VW T4 3.2 LT 2.4 D -TD 2.8 VR6,075121113D,77644036,,KEMP
Термостат VW/Audi A6 A7 A8 3.2 FSI 05-08,06E121111G,77647822,06E 121 111 G,KEMP
Термостат з корпусом Opel Vectra Omega 1.8-2.0 86-95г.,1338049,77641234,,KEMP
Тетмомуфта Ford Transit  2.5 д,88VB-8A616-AA,77641398,,KEMP
Тетмомуфта Ford Transit 2.4 D 2000 --,2C11-8C617-BA,77641399,,KEMP
Толкатель клапана Mercedes Benz M112/113,11615,,1130500280,KEMP
"Тормозной  поршень перед, fi 60 x 58  DB Sprinter W 901-904 от 1995 DB Vito от 1",046,,,KEMP
Трамблер Daewoo Nexia,01103678,77642794,"1306,6340",KEMP
Трамблер безвакуумный  Audi-100 88-95 5-ти цилиндровый,034905205H,77641338,,KEMP
Трамблер безвакуумный VW / Audi 88-96  4х цилиндровый,050905205BA,7764138,037905205N,KEMP
"Трамблер безвакуумный VW / Audi 90-96 2,0 (2E:ABK)  4х цил. (4 imp.)",037905237AX,77647718,0 986 237 640,KEMP
"Трамблер безвакуумный VW / Audi 94-96 2,0   4х цилиндровый",037905237DX,77641337,,KEMP
Трамблер безвакуумный VW 1.0-1.4,030905205AB,7764888,030905205A,KEMP
Трамблер вакуумный  Audi-100 84-90 5-ти цилиндровый,034905205L,7764137,,KEMP
Трамблер вакуумный VW / Audi 1.6-1.8  4х цилиндровый,027905205,7764673,,KEMP
Тріскавка зчеплення Ford Transit ->97г.,01386,77643609,,KEMP
Трос cцепления  Audi 100 84-91 механика,443721335D,7764705,,KEMP
Трос cцепления  VW Passat B-2,321721335H,7764733,,KEMP
Трос газа Daewoo Lanos,96351875,77641970,,KEMP
Трос газа Daewoo Matiz,96316840,77643446,,KEMP
Трос газа Ford Sierra Scorpio 1.8-2.0,88BB9C799FC,77645294,88BB9C799FC,KEMP
Трос газа VW LT 2.8 TDI,2D1721555B,77644771,,KEMP
Трос газа VW Passat 87-96г.,3A1721555,77644322,,KEMP
Трос газа VW T4,7210.02,,701721555K,KEMP
Трос газа VW T4,701721555AA,77643468,,KEMP
Трос газу Daewoo Nexia,96130368,77642995,,KEMP
Трос газу VW Golf 2 Jetta 2,191723555,77644323,,KEMP
Трос двери  Аudi-80 86-94   R правый,893837082B,7764999,,KEMP
Трос замка боковой правой раздвижной двери Renault Kangoo 97>07,05.0327,,8200516256,KEMP
Трос замка задней распашной правой двери (нижний короткий) Renault Kangoo,05.0326,,7700303592,KEMP
Трос зчеплення  VW Golf-2Jetta2  1.0-1.3 84-91  механіка,191721335J,77644336,,KEMP
Трос зчеплення Ford Transit 86-97г.,88VB7K533AA,77645260,6177410,KEMP
Трос зчеплення VW Caddy2 Polo 96-00 Seat Ibiza Cordoba автомат регулювання,6K1721335C,77644338,,KEMP
"Трос зчеплення VW Golf 2, 84-91 автоматична регулювання",191721335AB,776492,,KEMP
Трос зчеплення VW Golf 3 Vento 1.6-1.8 автоматична регулювання,1H1721335A,77644337,,KEMP
Трос зчеплення VW Golf-2 1.6-1.8 84-91 механіка,191721335C,7764530,,KEMP
Трос капота Ford Transit,6167097,77644370,,KEMP
Трос капота Mercedes Benz Vito,7504,,6397500159,KEMP
Трос капота Vito W638,7517,,6387500159,KEMP
Трос открывания сдвижной левой двери Renault Kangoo,05.0325,,8200182967,KEMP
Трос открывания сдвижной правой двери Renault Kangoo,05.0324,,8200182966,KEMP
Трос ручника Audi-100 91-94 (барабан) короткий,,776491,,KEMP
Трос ручника Audi-100 91-94 (супорт),,776490,,KEMP
Трос ручника Audi-80 86-91г. (суцільний),,77642595,,KEMP
Трос ручника VW Golf 2 -88 ( довжина 1760 мм),,7764527,,KEMP
Трос ручника VW Golf 2 88->1527mm,191609721E,776487,,KEMP
Трос ручника VW Golf-4/ Bora/ Octavia ( 1740 мм),,7764528,,KEMP
Трос ручника VW T4 (барабан. тормоза),32-0074,77644488,,KEMP
Трос ручного гальма Cheri Amulet,A11-3508090,77641788,,KEMP
Трос ручного гальма Chevrolet Aveo L,96534870,77643447,,KEMP
Трос ручного гальма Chevrolet Aveo R,96534871,77643448,,KEMP
Трос ручного гальма Daewoo Lanos R,96245829,77641956,96230546,KEMP
Трос ручного гальма Opel Record E,522542,77645268,,KEMP
Трос ручного гальма задній Mercedes Sprinter 4t  VW LT 28-46 -- L,9044200185,77643214,,KEMP
Трос ручного гальма задній Mercedes Sprinter 4t  VW LT 28-46 -- R,9044200285,77643213,,KEMP
Трос ручного гальма передній Mercedes Sprinter,9014202085,77643179,,KEMP
Трос ручного тормоза Daewoo Lanos L,96230545,77641955,,KEMP
Трос спидометра Ford Sierra мех 5ст.,6115156,77641916,13.1510,KEMP
Трос спидометра Ford Transit T15,6934504,77645297,FT-T15,KEMP
Трос стояночного тормоза задний (барабаны) Fiat Scudo/Peugeot Expert,04.0414,,1473321080,KEMP
Трос сцепления Cheri Amulet (мех.),A15-1602040AB,77643426,,KEMP
Трос сцепления Ford Transit 86-97г.,32-0082,77643608,,KEMP
Трос сцепления Opel Kadet D,90157009,77645259,,KEMP
Трос сцепления Opel Vectra A 1.6-1.7D,90345229,77645256,,KEMP
Трос сцепления Opel Vectra A 1.6-1.7D,90345229,77645255,,KEMP
Трос сцепления Opel Vectra A 2.0,669166,77645254,90344416,KEMP
Трос сцепления VW T4,7210.04,,701721335B,KEMP
Трос сцепленияRenault Kangoo 1.5/1.9dCi 01>,506 0200,,7700421960,KEMP
Тросс капота VW Golf 2 Jetta2,192823531D,77644326,,KEMP
"Тросс спидометра VW  Golf-2 1,6-1,8",191957803A,7764732,191957803D,KEMP
Тросс спидометра VW Passat В2 80-88,321957803AF,7764317,,KEMP
Тросс спидометра VW Passat В3 88-93,357957803A,7764532,,KEMP
Трубка змащення турбіни berlingo/partner/scudo 1.6hdi 08-,3M5Q 6K679 AD,77648931,,KEMP
Трубка ТНВД M601/602 Mercedes Benz Bus,0862,,6020700333,KEMP
Трубка ТНВД M601/602 Mercedes Benz Bus,0861,,6010704033,KEMP
Трубка топливная Mercedes Benz M605/606,0762,,6050700732,KEMP
Трубка топливная Mercedes Benz M611/612,0722,,6110706832,KEMP
Трубка топливнаяMercedes Benz Sprinter OM611 00->,100 0850,,6110707632,KEMP
Тяга вибору передач КПП VW Golf-2 84-91 (73.5мм),191711595A,7764487,,KEMP
Тяга вибору передачі КПП VW Golf-2 84-91 (195мм),191711574AD,77643995,,KEMP
Тяга вибору передачі КПП VW Golf-2 84-91 (220мм),191711574,77641539,,KEMP
Тяга вибору передачі КПП VW Golf-2 84-91 (86мм),191711595,7764910,,KEMP
Тяга заднего стабилизатора VW Caddy III,5050.01,,2K0505465B,KEMP
Тяга задняя верхняя розвала Audi100/A6 Quattro 84-97 L,443505351P,7764717,,KEMP
Тяга задняя верхняя розвала Audi100/A6 Quattro 84-97 R,443505352P,7764718,,KEMP
Тяга переднего стабилизатора VW Caddy III,4110.09,,1K0411315B,KEMP
Тяга переднего стабилизатора левая Mercedes Benz Sprinter 906,3297,,9063201789,KEMP
Тяга переднего стабилизатора правая Mercedes Benz Sprinter 906,3298,,9063201889,KEMP
Тяга переднего стабилизатораCitroen Jumpy/Fiat Scudo 07>,502 0008,,508756,KEMP
Тяга переднего стабилизатораRenault Trafic 01>,502 0006,,8200002870,KEMP
Тяга рулевая  VW Golf-2  84-91  без г/у,191419821,7764519,,KEMP
Тяга рулевая Chery Amulet,A-113003055,77641858,,KEMP
Тяга рулевая Chevrolet Lacetti,96407484,77641711,,KEMP
Тяга рулевая Daewoo Lanos L,7848281,77642777,,KEMP
Тяга рулевая Ford Sierra 82-92 г.,FD-AX-3140,77641552,83BB3L519EA,KEMP
Тяга рулевая Ford Transit 86-00г.,92VB3L519AB,77641551,6197402/3149160,KEMP
Тяга рулевая Opel Corsa B Combo 93-00 с Г.У.,OP-AX-5577,77642649,0322158,KEMP
Тяга рулевая Opel Movano Renault Master,4501261,77642514,7701470362,KEMP
Тяга рулевая Opel Omega A 87-03г. L,OP-DS-5587,77642650,322 169,KEMP
Тяга рулевая Opel Omega A 87-03г. R,OP-DS-5586,77642651,322 168,KEMP
Тяга рулевая Opel Omega A Senator B  L,OP-DS-5402,77642646,32 2142,KEMP
Тяга рулевая Opel Omega A Senator B  R,OP-DS-5406,77642647,32 2143,KEMP
Тяга рулевая Opel Omega B 94 -03г. L,322169,77643631,322169,KEMP
Тяга рулевая Opel Omega B 94 -03г. R,322168,77643632,322168,KEMP
Тяга рулевая Renault Master Opel Movano,7701470362,77642588,7701470362,KEMP
"Тяга рулевая VW Cadi 3, Golf 5, Passat B6. Octavia A5",VO-AX-1867,77642645,1K0423810A,KEMP
Тяга рулевая продольная MB 207-410 (короткая),6014601505,77641989,11448,KEMP
Тяга рульова  VW Golf-3  91-98  під г/у,1H0422821,77641872,,KEMP
Тяга рульова  VW Golf-3 Vento 92-98  без г/у,VO-AX-7181,77645082,,KEMP
Тяга рульова  VW Golf-3 Vento 92-98  без г/у,1H0419821,77642643,VO-AX-7181,KEMP
Тяга рульова  VW Passat B3  88-94 375mm (без наконечника) під г/у,357422803,7764909,357422821B,KEMP
Тяга рульова  VW Passat B3 88-93  без г/у,357419803,77642644,VO-AX-7157,KEMP
Тяга рульова  VW T4 (без наконечника),701419821C,77641850,,KEMP
Тяга рульова  VW T5  03- (без наконечника) L/R,7H0419803C,77642495,,KEMP
Тяга рульова Chevrolet Aveo (Шанхай) 14*14*215,13095110,77641515,93732355,KEMP
Тяга рульова Dacia Logan Sandero 05->,6001547606,77643637,6001550441,KEMP
Тяга рульова Daewoo Lanos R,7848282,77642778,,KEMP
Тяга рульова Ford Escort Orion 90-99 г.без Г/У,FD-AX-0007,77642653,91AB3L519BA,KEMP
Тяга рульова Ford Escort Orion 90-99 г.с Г/У,91AB3L519CB,77642513,,KEMP
Тяга рульова Ford Focus C-MAX,1251937,77642470,,KEMP
Тяга рульова Ford Transit 00->L.  16*1.5,4059923,77642484,,KEMP
Тяга рульова Ford Transit 00->R.  20*1.5,4059924,77642485,,KEMP
Тяга рульова Ford Transit Conect Focus 1,1085520,77642479,,KEMP
Тяга рульова Mercedes Sprinter,9014600155,77643196,,KEMP
Тяга рульова Mercedes Sprinter VW Crafter 06->,9064600055,77643921,20MR0101,KEMP
Тяга рульова Mercedes Vito V clas 638,ME-AX-6341,77641992,6384600205,KEMP
Тяга рульова Mercedes Vito Viano 639,6394600255,77644022,LMI2766301,KEMP
Тяга рульова Opel Astra G Zafira,1603213,77641887,,KEMP
Тяга рульова Opel Corsa B Combo 93-00 без Г.У.,OP-AX-5576,77642648,0322155,KEMP
Тяга рульова Opel Corsa D06-> Fiat Punto 05->,1603543,77647474,G2-1142,KEMP
Тяга рульова Opel Omega A Senator B L,322142,77642488,,KEMP
Тяга рульова Opel Omega A Senator B R,322143,77642489,,KEMP
Тяга рульова Opel Vectra B 95-03г. L/R,OP-AX-5581,77642652,324186,KEMP
Тяга рульова Opel Vivaro Renault Trafic 2,4408474,77642518,7701473333,KEMP
Тяга рульова Peugeot 806 Exspert Fiat Scudo Citroen Jumpi,9947713,77646660,,KEMP
Тяга рульова Renault Kangoo Clio 98-> CMI m12*1,7701472120,77642499,,KEMP
Тяга рульова Renault Trafic 2  Opel Vivaro,7701473333,77642589,7701473333,KEMP
"Тяга рульова VW Cadi 3, Golf 5, Passat B6. Octavia A5",1K0423810A,77642476,,KEMP
"Тяга рульова VW G4, Bora, Scoda Octavia, Audi A3  ->00",1J0422807,77641874,,KEMP
"Тяга рульова VW G4, Bora, Scoda Octavia, Audi A3  00->",1J0422807B,77641873,,KEMP
"Тяга рульова VW Passat B5, Audi A4, A6, A8  96-04",4D0419801B,7764106,4D0422821,KEMP
"Тяга рульова VW Passat B5, Audi A4, A6, A8 96-04",8D0419801B,77643540,4D0422821,KEMP
Тяга рульова VW Polo (9N) Scoda Fabia,6Q0423803B,77642491,6Q0423821B,KEMP
Тяга рульова з наконечником Mercedes Vito V clas 638,6384600205S,77643181,6384600205,KEMP
"Тяжка КПП (длинная.), Sprinter 906 - Vito Viano (639)",2652,,6392670117,KEMP
Тяжка МКП (1&R) Mercedes Benz Bus,601 260 4437,,6012604437,KEMP
"Тяжка МКП (2,3,4,5) Mercedes Benz Bus",601 260 3937,,6012603937,KEMP
Указатель поворота Skoda Octavia 00-10 L прозрачный 96-00г.,1U0953155D,77647774,1U0 953 155D,KEMP
Указатель поворота Skoda Octavia 00-10 R прозрачный 96-00г.,1U0953156D,77647775,1U0 953 156D,KEMP
Указатель поворота VW LT 28-46 белый L  96-06г.,9530.12,77644076,,KEMP
Указатель поворота VW LT 28-46 белый R  96-06г.,9530.13,77644075,,KEMP
Указатель поворота VW LT 28-46 Желтый L  96-06г.,2D0953041,77644073,,KEMP
Указатель поворота VW LT 28-46 Желтый R  96-06г.,2D0953042,77644074,,KEMP
Указатель поворота VW Passat B5 L прозрачный 96-00г.,3B0953041B,77641241,,KEMP
Указатель поворота VW Passat B5 R прозрачный 96-00г.,3B0953042B,77641242,,KEMP
Указатель поворота на дзеркалі VW Passat B5 B6 Golf 5;Plus Sharan Eos R 00г.прав,1K0949102,77643334,,KEMP
Указатель поворота на зеркале VW Passat B5 B6 Golf 5;Plus Sharan Eos L 00г.,1K0949101,77643333,,KEMP
Указатель поворота на зеркале VW Touareg L 07-11г.,7L6949101C,77647831,7L6 949 101 C,KEMP
Указатель поворота на зеркале VW Touareg R 07-11г.,7L6949102C,77647830,7L6 949 102 C,KEMP
Уплотнитель передней левой двери VW T5,8370.29,,7H0837911L,KEMP
Уплотнитель передней правой двери VW T5,8370.30,,7H0837912L,KEMP
Уплотнительное кольцо маслянного радиатора Mercedes Benz M651,02.18.095,,6511840780 / 6511840280,KEMP
Уплотнительное кольцо маслянного радиатора Mercedes Benz M651,02.18.094,,6511840580 / 6511840080,KEMP
Упор петли двери задней MB Sprinter 901-904,9017430429,77645861,901 743 04 29,KEMP
Успокійник ланцюга VW Audi Skoda 1.2-1.4 1.4TSI TFSI 08->,03C109469K,77647776,03C 109 469 K,KEMP
Успокоитель цепи MB OM 604;605;606,6060500216,77643858,,KEMP
Успокоитель цепиFord Sierra Scorpio 2.0 DOHC (длинный),96XM-6K297-AA,77642722,,KEMP
Успокоювач  ремня Г.Р.М. Audi A4 A6 Skoda Superb 2.0 1.8T 20V,06B109477A,77642921,,KEMP
Фара Skoda Octavia A5 R (6 pin ) права,1Z1941018P,77647844,2012177152,KEMP
Фара Skodf Octavia A5 L (6 pin ) левая,1Z1941017P,77647843,2012178152,KEMP
Фара левая Mercedes Benz Sprinter,8289,,9018200161,KEMP
Фара передня L Chevrolet Aveo,,77641739,,KEMP
Фара передня R Chevrolet Aveo,,77641740,,KEMP
Фара передняя L Lacetti,96458809,77641705,,KEMP
Фара передняя L Lanos мех,96304611,77641284,,KEMP
Фара передняя R  Lanos мех,96304610,77641285,,KEMP
Фара передняя R Lacetti,96458810,77641706,,KEMP
Фара правая Mercedes Benz Sprinter,8290,,9018200261,KEMP
Фара противотум.в бампер L Lacetti 4N сед.,96551093,77641302,,KEMP
Фара противотум.в бампер R Lacetti 4N сед.,96551094,77641303,,KEMP
Фара противотум.в бампер R Lanos,96303262,77641287,,KEMP
Фара противотуманная передняя L Amulet A15,HD21-4005-1L,77642732,,KEMP
Фара противотуманная передняя R Amulet A15,HD21-4005-1R,77642733,,KEMP
Фередо диска зчеплення 190 мм 2шт,,7764625,,KEMP
Фередо диска зчеплення 200 мм 2шт,,7764626,,KEMP
Фередо диска зчеплення 210мм 2шт,,7764112,,KEMP
Фередо диска зчеплення 215мм 2шт,,77647567,D-213 d-150,KEMP
Фиксатор двери Fiat Ducato 06>,050142,,8724H5,KEMP
Фиксатор задней двери Peugeot Boxer/Citroen Jumper/Fiat Ducato,050093,,872453,KEMP
Фильтр  воздушный Focus I 98-> Connect 2002  >,1480568,77643133,LX798,KEMP
Фильтр  воздушный Scorpio 2.0i OHC,1579565,77643132,LX119,KEMP
Фильтр  воздушный Sierra 2.0 OHC (карбюратор),6132769,77643134,LX294,KEMP
Фильтр  воздушный Transit 92 ->,6610580,77643131,LX583,KEMP
Фильтр вакуумной системыMercedes Benz Sprinter/VW LT,0742,,0000780956 / 702129965,KEMP
Фильтр воздуха   VW T5,LX786,77645281,,KEMP
Фильтр воздуха Audi A3 TT VW Passat 03-> 346*136 1.4-2.0,1K0129620D,77642817,,KEMP
Фильтр воздуха Audi A3 VW Passat Octavia Cadi3 04->h221D136d68,1K0129620C,77643798,1F0129620,KEMP
Фильтр воздуха MB Sprinter  VW LT (c поролоном),BG52004-1,77644773,,KEMP
Фильтр воздуха MB Sprinter Vito CDI  VW LT 28-45 TDI 00-06,LX 513/1,77645820,0030948304,KEMP
Фильтр воздуха MB Sprinter Vito CDI  VW LT 28-45 TDI 00-06,LX 511/1,77645285,0030947504,KEMP
Фильтр воздуха MB Vito Viano,LX-1573,77645283,LX1573,KEMP
Фильтр воздуха MB Vito Viano 2.2 CDI,AF-8164,77645073,,KEMP
Фильтр воздуха MB W203;204 W211 1.8-2.0,2710940204,77643948,,KEMP
Фильтр воздуха Renault Kangoo 1.5 DCI 2001->,LX1258,77645823,,KEMP
"Фильтр воздуха Renault Trafic Opel Vivaro 1,9 DI 2001->",LX704-1,77645284,LX704/1,KEMP
Фильтр воздуха Renault Trafic Opel Vivaro 2.0 CDI,165464556R,77645819,,KEMP
Фильтр воздуха VW Crafter 06->Sprinter (906),LX1845,77645279,0000902651,KEMP
Фильтр воздуха VW Crafter 06->Sprinter (906),2E0129620D,77645,LX1845,KEMP
Фильтр воздуха VW Transporter T4 ->96г.,AF-354,77645068,,KEMP
Фильтр воздуха VW Transporter T4 96-03г.,LX537,77645282,074129620,KEMP
Фильтр воздушный  Daewoo Matiz,96314494,77644208,,KEMP
Фильтр воздушный Audi A6 2.5 TDI -97,SX339,,AP179,KEMP
Фильтр воздушный Chevrolet Lacttti,96553450,77641708,,KEMP
"Фильтр воздушный Citroen Berlingo, Peugeot Partner 1.9-2.0 HDi 2003-",SX1568,,AP080/10,KEMP
"Фильтр воздушный Citroen Jumper, Boxer, Ducato, Daily, под топливную систему Cav",SX611,,C17278,KEMP
Фильтр воздушный Dacia Logan 1.4-1.6 бензин 2006- с предфильтром,SX2061-1,,AP134/10,KEMP
Фильтр воздушный Fiat Doblo 1.4i 2005-2009,SX1827,,AP022/2,KEMP
Фильтр воздушный Fiat Doblo Fiorino 1.3JTD 2004-,SX1920,,C3877/1,KEMP
Фильтр воздушный Fiat Ducato 2006-,SX2059,,C17237,KEMP
"Фильтр воздушный Fiat Scudo, Jumpy, Expert 1995-2007",SX572,,AP090=AP021,KEMP
"Фильтр воздушный Fiat Scudo, Jumpy, Expert 2007-",SX2022,,AP090/6,KEMP
Фильтр воздушный Ford Connect 02-/Focus 99-04,SX798-1,,AP074/1,KEMP
Фильтр воздушный Ford Transit 01- Tranzit,SX935,,LX935,KEMP
Фильтр воздушный Ford Transit 2.0-2.5D 1994-2000,SX492,,LX492,KEMP
Фильтр воздушный Ford Transit 2.5D 1994-2000 (короткий),SX857,,AP023/2,KEMP
"Фильтр воздушный MB Sprinter, VW LT 96-",SX511_1,,AP157,KEMP
Фильтр воздушный MB Vito 638 96-,SX678,,AP158,KEMP
Фильтр воздушный Mercedes Benz M276,LX 2841/7,,2760940504,KEMP
Фильтр воздушный Opel Vivaro Renault Trafic 2.0-2.5 06->,LX1583,77645822,,KEMP
Фильтр воздушный Renault Kangoo 1.5DCI 01-,SX1258,,AP134/6,KEMP
Фильтр воздушный Renault Kangoo/Clio/Logan 1.5 DCI 2008- с предфильтром,SX957/2,,AP185/2,KEMP
Фильтр воздушный Renault Master/Movano 2011-,SX1883,,C30011,KEMP
Фильтр воздушный Renault Trafic,A1265,,8200799782,KEMP
Фильтр воздушный Skoda Fabia 1.2 40 KW 01-08,SX1080,,AP149/4,KEMP
Фильтр воздушный Skoda Fabia 1.2 47 KW 01-08,SX1475,,AP183/1,KEMP
Фильтр воздушный Skoda Octavia I 1996-,SX684,,AP149/1,KEMP
"Фильтр воздушный VW Caddy I 83>92, Golf I/II 1.6/1.8",SX266,,AP013,KEMP
Фильтр воздушный VW Caddy II 1.6 Бензин 1995-2004,SX417,,AP060,KEMP
Фильтр воздушный VW Caddy II 1.9 D TDI 1995-2004,SX418,,AP140,KEMP
"Фильтр воздушный VW Caddy II 1.9 SDI 1995-2004
""",SX997,,AP139/1,KEMP
"Фильтр воздушный VW Caddy III, Golf 1.4-1.6 с рамкой 2006-2010",SX2010,,AP183/3,KEMP
Фильтр воздушный VW Golf IV 1.6 2000-,SX977,,AP149/3,KEMP
Фильтр воздушный VW Passat B3 B4 Audi A6 -97,SX296,,AP005,KEMP
"Фильтр воздушный VW Passat B5, SuperB, A4, A6 1996-2004 2.5 TDI",SX593/1,,AP179/1,KEMP
"Фильтр воздушный VW Passat B5, SuperB, A4, A6 1996-2004, BMW E32/E38 M60",SX622,,AP063/1,KEMP
"Фильтр воздушный VW T3 81-92, B2, G2",SX54,,C34109/1,KEMP
Фильтр воздушный VW T4 1996-2004,SX537,,AP157/2,KEMP
Фильтр воздушный VW T4 1996-2004 с предфильтром,SX538,,AP157/3,KEMP
Фильтр воздушный VW T5 2004-,SX786,,AP157/4,KEMP
Фильтр воздушный VW T5 2004-  с предфильтром,SX864,,AP157/5,KEMP
"Фильтр воздушныйMB Sprinter, VW LT 96- (с сеткой)",SX511-M,,AP157,KEMP
Фильтр воздушныйMB Vito 639 03-12,SX1573,,AP158/1,KEMP
"Фильтр воздушныйRenault Kangoo, Clio, Logan 1.9D 1997-",SX993,,AP134/3,KEMP
Фильтр воздушныйRenault Trafic 1.9 01-,SX704/1,,AP134/2,KEMP
Фильтр воздушныйVW Caddy III Passat B6 Octavia II Прямоугольный 2003-2012,SX1211,,1K0129620,KEMP
Фильтр воздушныйVW Crafter 06-,SX1845,,AP157/6,KEMP
Фильтр масла (бензин),06A115561B,7764553,OC264,KEMP
Фильтр масла Audi A3A4A6 VW Caddy3 Golf Skoda 00->,06A115561E,77645396,OC264,KEMP
Фильтр масла Daewoo Lanos,94797406,77643450,1300025,KEMP
Фильтр масла MB 207;209 W123 OM 616;617,E196HND03,77643947,6171800125,KEMP
Фильтр масла MB Sprinter (906) Vito (639),0001802609,77646066,OX345,KEMP
Фильтр масла MB Sprinter Vito CDI OM 611,OX153D3,77645280,6111800009,KEMP
Фильтр масла MB Sprinter Vito Vario,OX123/1D,77643173,,KEMP
"Фильтр масла Renault Opel Vivaro 2,0 DCI 01->",OF-631,77645072,,KEMP
Фильтр масла Renault Trafic Master Opel Vivaro Movano 1.9 DCI 98->,16-143220005,77645067,,KEMP
Фильтр масла VW/Audi  1.0-1.6 FSI 1.4 16V 96->,030115561AB,77642893,,KEMP
Фильтр масла VW/Audi  1.8;2.0 TFSI 07->,06J115561B,77643370,,KEMP
Фильтр масла VW/Audi 1.4-2.5TDI 05-> (вставка),071115562A,77643847,OX188D,KEMP
Фильтр масла VW/Audi 1.9-2.5TDI (вставка),OX143D,77645278,074115562,KEMP
Фильтр масла VW/Audi 1.9-2.5TDI (вставка),074115562,77642818,,KEMP
Фильтр масла VW/Audi 2.0 TFSI 05-> (вставка),06D115562,77643849,,KEMP
Фильтр масла VW/Audi 2.7;3.0;4.2TDI (вставка),057115561L,77643403,,KEMP
Фильтр масла АКПП MB AClass Vaneo,1683770395,77644332,,KEMP
Фильтр масла АКПП MB C;E;G;R;Class 01->,2212770195,77644318,A2212770195,KEMP
Фильтр масла АКПП MB Sprinter 03-> Vito (639)  CDI,1402770095,77644321,A1402770095,KEMP
"Фильтр масла для АКПП 6ст, VW Audi  04->(гидрофильтр)",02E305051C,77647735,44176,KEMP
Фильтр маслянный Ford 1.8 д,OC 203,77641216,,KEMP
Фильтр маслянный Ford Sierra  2.3 д,S 7330,77641213,,KEMP
Фильтр маслянный Ford Sierra ОНС,OC 23,77641212,,KEMP
Фильтр маслянный Ford Transit  2.5 д -- 2000 г.,ОС 232,77641210,XS4Q6714AB,KEMP
Фильтр маслянный Ford Transit  2000 -- вставка,EFL 914,77641211,,KEMP
Фильтр масляный Berlingo/Jumpy/Scudo/Expert/Partner 1.6 HDI/MJET,L343C,,1109Z6,KEMP
"Фильтр масляный MB Sprinter 3.0CDI 06-, OM642",FOE380D,,OX380D,KEMP
"Фильтр масляный MB Sprinter/Vito CDI, OM611/612/646 3 резинки (ECO вставка)",FOE153D3,77648058,OX153D3,KEMP
Фильтр масляный MB Sprinter/Vito/C/E ОМ651 09-,FOE153/7D2,,OX153/7D2,KEMP
Фильтр масляный Nemo/Doblo/Combo 1.3-2.0 HDI/MJET/CDTI,L400,,55206816,KEMP
Фильтр Масляный Renault =50mm (низкий),7700274177,77645967,,KEMP
"Фильтр масляный VW T4 2.5TDI 91-03, LT 2.4D 88-96 H=185mm",FOM105,,SM122,KEMP
Фильтр масляныйFiat Doblo 1.3/1.6D Multijet 10-,FOE553,,OE682/2,KEMP
Фильтр масляныйFiat Doblo/Combo 1.3JTD/CDTI 04- (UFI),FOE418,,OE682,KEMP
Фильтр масляныйFiat Doblo/Combo 1.3JTD/CDTI 04>(Purflux),FOE371,,OE670,KEMP
Фильтр масляныйMB,H97W05,,,KEMP
Фильтр масляныйMB DB W140/R129 600S/SL,FOE147,,OM591,KEMP
Фильтр масляныйMB Sprinter TDI 96- OM602,FOE123/1,,OE610A,KEMP
"Фильтр масляныйMB Sprinter/Vito CDI, OM611/612/646 3 резинки",FOE153/3,,OE640/5,KEMP
Фильтр масляныйMB W123/201 M102 -85,FOE34D,,OM509,KEMP
Фильтр масляныйVW T5/Caddy III 03- (Hengst type),FOE188H,,OE650/1,KEMP
Фильтр масляный-вставка 2.2/2.5 dCi Master/Trafic/Laguna 01-,7701479124,77645963,,KEMP
Фильтр Салона  Audi A3  VW Passat Cadi 3 Octavia A5 04->(угольный),1K1819653A,77643395,,KEMP
Фильтр салона Mercedes Benz W140,8305,,1408350047,KEMP
Фильтр салона Mercedes Benz W202.210,8306,,2108300618,KEMP
Фильтр салона Mercedes Vito (639) 03.->,SA229,77645961,LA229,KEMP
Фильтр салона Renault Trafic Opel Vivaro 2001->,SA382,77645960,LA382,KEMP
Фильтр салона угольный Mercedes Vito (639) 03.->,SAK229,77645962,LA229,KEMP
Фильтр салона угольный Renault Trafic Opel Vivaro 2001->,SAK382,77645959,LA382,KEMP
Фильтр салона угольный компл.2шт.Mercedes Benz W210,8314,,2108300218,KEMP
Фильтр салонаMercedes Benz W166/W205/W213,LA 877,,1668300218,KEMP
Фильтр салонный Fiat Ducato/Boxer/Jumper 06-,SA411,,CU2544,KEMP
Фильтр салонный Iveco Daily 06-14,SA439,,CU2952,KEMP
"Фильтр салонный Opel Vivaro, Trafic, 01- противоаллергенный антибактериальный",ECO382,77642439,,KEMP
"Фильтр салонный Renault Trafic, Vivaro, Megane, Scenic 13-",SA686,,LA868,KEMP
Фильтр салонный VW T4 96-03,SA65,,CU1738,KEMP
Фильтр салонный VW T5 03-/Audi Q7/Touareg/Cayenne 02-,SA182,,CUK2842,KEMP
"Фильтр салонный угольный Renault Megane III 08-, Fluence 14-",SAK684,77647468,LA684,KEMP
"Фильтр салонныйAudi 100 -94, A6 96-98 (без кондицонера)",SA46,,K1032,KEMP
"Фильтр салонныйAudi A4 01-08, A6 97-05 угольный",SAK93,,K1078A,KEMP
Фильтр салонныйAudi A6 04-11 (2 шт),SA239/S,,K1162-2X,KEMP
Фильтр салонныйAudi A6 94-97 (с кондиционером),SA58,,K1036,KEMP
Фильтр салонныйFiat Doblo 10-/Combo 12-/Nemo/Bipper/Qubo 08- угольный,SAK457,,K1228A,KEMP
"Фильтр салонныйFiat Scudo, Jumpy, Expert 07- угольный",SAK412,,K1238A,KEMP
"Фильтр салонныйFord Focus 98-, Transit Connect 02- угольный",SAK78,,K1054A,KEMP
Фильтр салонныйMB E-клас W124 92-98 (2 pcs),SA862-S,,K12422X,KEMP
"Фильтр салонныйMB M-клас W164, GL-клас W164 (2шт)",SA295-S,,K1200-2,KEMP
Фильтр салонныйMB Sprinter/Crafter 06-,SA307,,K1288A,KEMP
Фильтр салонныйMB Sprinter/Crafter 06- угольный,SAK307,,K1288A,KEMP
Фильтр салонныйMB Sprinter/Crafter 06- угольный (без пластика),SAK307NP,,K1288A,KEMP
Фильтр салонныйMB Sprinter/LT 95-06 угольный,SAK83,,K1088A,KEMP
"Фильтр салонныйRenault Kangoo 08-, Master 10-/ MB Citan 13-",SA468-S,,CU2418-2,KEMP
Фильтр салонныйSkoda Fabia 99-10,SA120,,K1079,KEMP
Фильтр салонныйVW Caddy III/Golf V/Passat B6/Octavia 04>,SA181,,K1111,KEMP
"Фильтр салонныйVW Passat B5 96-00, Audi A4, A6 96-00  (390*150*25)",SA45,,K1004,KEMP
"Фильтр салонныйVW Passat B5+ 00-05, Skoda Octavia 96-11 (283*207*30)",SA63,,K1047,KEMP
Фильтр салонныйVW T4 96-03,SAK65,,K1037A,KEMP
Фильтр салонныйVW T5 03-/Audi Q7/Touareg/Cayenne 02- угольный,SAK182,,K1155A,KEMP
Фильтр топлива  VW/Audi 03-> 1.2-1.6  4bar,6Q0201051C,77642939,S1832B,KEMP
Фильтр топлива  VWTiguan Skoda Octavia 2.0 TDI 10->,3C0127434A,77647731,3C0 127 434 A,KEMP
Фильтр топлива MB Sprinter 2t-4t Vito OM601-603,KC63/1D,77643090,,KEMP
Фильтр топлива MB Sprinter 901-904 Vito 638 CDI,FM100/2,77645870,KL100/2,KEMP
Фильтр топлива VW Toureg  3.6 4.2 FSI 10г.->,7P0919679,77647826,A2C53356346Z,KEMP
Фильтр топлива VW Toureg  Audi Q7 3.0 4.2 FSI TFSI 10г.->,7L8919679,77647825,229-025-011-001Z,KEMP
Фильтр топлива VW/Audi Skoda 1.6-2.0 TDI 12-> (вставка),5Q0127177C,77647771,PU8014,KEMP
Фильтр топлива для HP-031,50014336,77644408,KC59/B33003PR,KEMP
"Фильтр топливный Fiat Ducato, Jumper, Boxer, Iveco Daily TDI 90-",FC18,,KC18,KEMP
Фильтр топливный Fiat Ducato/Jumper/Boxer/Daily 1.9/2.0/2.2/2.5/2.8 D/TDI/HDi,FC68,,WK842/2,KEMP
Фильтр топливный Ford Transit 2.2;2.4 TDCi 00->,6C119176AA,77641208,1685861,KEMP
Фильтр топливный Ford Transit 2.5D 97г.->,97FF917676AA,77643136,,KEMP
Фильтр топливный Ford Transit 2.5D/TD -97,FC90,,CS433,KEMP
Фильтр топливный MB C-клас W203 CDI OM611/612 01>,FM179,,PP841/4,KEMP
"Фильтр топливный MB Sprinter OM642,646,651 09- (с датчиком)",FM912,,PP840/8,KEMP
Фильтр топливный MB Sprinter TDI -99,FC63-1D,FC63/1D,WK817/3X,KEMP
"Фильтр топливный VW LT 88-, T388-, /Golf II 87- (без подогрева, с болтом)",FM41,,KL41,KEMP
Фильтр топливный VW LT2.4D -88/T3 1.6D/TD -88/Golf II -87 (без подогр.),FC80,,CS701,KEMP
"Фильтр топливный VW Passat B5, A4, A6, A8 2.5TDI 97-",FM154,77647062,PP839/4,KEMP
Фильтр топливный VW Transporter T5 1.9-2.5TDI,7H0127401A,77642398,KL 229/4,KEMP
Фильтр топливныйVW Caddy SDI 04-,FE220,,PE973/3,KEMP
Фильтр топливныйVW Caddy TDI 04-,FE178,,PE973,KEMP
Фильтр топливныйVW Caddy система Mann 04-,FE228,,PE973/2,KEMP
Фильтр топливныйVW Crafter TDI 06-,FE222,,PE973/4,KEMP
Фильтр топливныйVW LT 2.5-2.8TDI 96-06,FM147,,PP839/1,KEMP
Фильтр топливныйVW T4 TDI,FM75,,PP839,KEMP
Фіксатор дверей низ kangoo/master -08 ezc-re-153,8200316163,77645158,,KEMP
Фіксатор задньої двері Peugeot Boxer/Citroen Jumper/Fiat Ducato,1303898080,77647399,1303898080,KEMP
Фіксатор трубок ТНВД Mercedes Benz OM601/602 83->,6030780141,77646164,603 078 01 41,KEMP
Фільтр кабіни VW T5 Audi Q7 Porch Cayenne 280*217*30,7H0819631,77643795,LA182,KEMP
Фільтр масла (дизель),068115561B,7764281,,KEMP
Фільтр масла Audi A4 A6 A8  2.8-3.2 FSI 05->,06E115562A,77643850,,KEMP
Фільтр масла Mercedes Sprinter 2t-4t Vito W202W124W210 2.0-3.0D/TD,E172HD35,77643088,,KEMP
"Фільтр масла Renault Opel Vivaro 2,0 DCI 06->",FOE441D,77645966,8200362442,KEMP
Фільтр масла VW/Audi  1.2  1.4 FSI TFSI TSI 03->,03C115561B,77642892,,KEMP
Фільтр масла VW/Audi  1.4 FSI 1.4-1.6 16V  04->,03C115577A,77642891,,KEMP
Фільтр масла VW/Audi 2.4-2.8 97-05,078115561J,7764726,,KEMP
"Фільтр масла VW2,8VR6 2,9VR (вставка)",021115562,77647734,021 115 562,KEMP
Фільтр масла VWSkoda 3.6 V6 FSI 08->,03H115562,77647733,03H 115 562,KEMP
Фільтр масла для АКПП (4 ст.)Audi 80 A4 A6 A8 VW Passat VWT4 91-00,01M325429,77643372,,KEMP
Фільтр масла для АКПП (5 ст.)Audi A4 A6 A8 VW Passat B5,01V325429,77643371,,KEMP
"Фільтр масла для АКПП 7ст, VW Audi  09->(гідрофільтр)",0BH325183B,77647773,V10-2287,KEMP
Фільтр масла для АКПП VW Audi 06->,02E325429,77647727,V10-0717,KEMP
Фільтр масла для АКПП VW Audi Q7 06-10,0AT325429,77647737,V10-2218,KEMP
Фільтр масляний Chery Amulet,480-1012010,77641827,,KEMP
Фільтр масляний Ford CVH,OC 235,77641215,,KEMP
Фільтр масляний Ford Mondeo  ЗЭТЭК,OC 266,77641214,,KEMP
Фільтр масляний VW/Audi 2.3VR5; 2.8V6 VR6; 4.2;3.7; 3.2V6; (вставка),021115562A,77642940,021115561B,KEMP
Фільтр палива  VW/Audi 03-> 1.2TFSI-2.0-3.2V6   6.4bar,1K0201051C,77642824,6Q0 201 051,KEMP
Фільтр палива Audi A4 A6 A8 Q5 Q7 2.0-3.0 TDI 07->,8T0127401A,77647821,KL596,KEMP
Фільтр палива Audi A6 2.7 TDI 04-11,4F0127435,77647729,KL 454,KEMP
"Фільтр палива Mercedes Sprinter 2,5t-5t 06-> Vito CDI  03->",KL313,77643945,6460920001,KEMP
"Фільтр палива Mercedes Sprinter 2,5t-5t 06-> Vito CDI  03->",6460920301,77643089,KL313,KEMP
"Фільтр палива Mercedes Sprinter 2,5t-5t 06-> Vito CDI 03->",KL228/2D,77643813,,KEMP
Фільтр палива Mercedes Sprinter 2t-4t Vito OM601-603,H35WK02,77643852,,KEMP
Фільтр палива Mercedes W123; MB100 MB207-409  OM615-617,H31WK01,77644317,,KEMP
Фільтр палива Mercedes W124;202;210; Sprinter (бензин),0024772701,77643946,KL65,KEMP
Фільтр палива VW   Audi   07->TFSI FSIг.,7L0919679,77647846,05822,KEMP
Фільтр палива VW AMAROK 2.0 BITDI TDI 10->,2H0127401A,77647728,KL787,KEMP
Фільтр палива VW Touareg 3.0 V6 TDi Audi Q7 3.0:4.2 V6 TDI 07-10г. (вставка),7L6127177C,77643807,KX 192D,KEMP
Фільтр палива VW Toureg  Audi Q7 3.2-6.0  07-10г.,7L5919679,77647824,SC 7063 P,KEMP
"Фільтр палива VW Toureg 5,0 TDi 07-10г. (вставка)",7L6127434A,77647732,PU1040 x,KEMP
Фільтр палива VW/Audi 09-> 2.0 TDI(вставка),7N0127177,77647730,KX342,KEMP
Фільтр палива VW/Audi Skoda 1.6-2.0 TDI 12-> (вставка),5Q0127177,77647772,KX386,KEMP
"Фільтр палива бензин VW/Audi 86-03 transporter iii,iv scudo/jumpy/expert",1H0201511A,7764464,KL2,KEMP
Фільтр палива бензин VW/Audi Skoda Octavia VW T5,1J0201511A,77642821,KL79,KEMP
Фільтр паливний  VW Audi   1.6-2.0 TDI (вставка),3C0127177,77642404,KX220D,KEMP
Фільтр паливний  VW Crafter 2.5 TDI (вставка),2E0127159,77646286,KX222D,KEMP
Фільтр паливний  VW Skoda   1.9-2.0 TDI(вставка),1K0127177B,77642403,,KEMP
Фільтр паливний Daewoo Nexia,96130396,77644203,GF-0396,KEMP
"Фільтр паливний Fiat Doblo 1.9 MJTD 05-, Fiorino 1.3 JTD 08-",FM566,77647063,PP966/2,KEMP
"Фільтр паливний Ford Escort, Mondeo  ЗЭТЭК",92FB-9155-A1B,77641209,,KEMP
Фільтр паливний Ford Transit 2.5D->97р.,6202100,77643135,,KEMP
"Фільтр паливний Renault Master, Movano, Trafic, Vivaro, 1.9-3.0 dCi, 03-",FE204DH,77641456,KX204D,KEMP
Фільтр паливний Skoda Fabia VW Polo Ibiza 1.4-1.9TDI,6Q0127401A,77642400,,KEMP
Фільтр паливний Skoda Octavia A5 1.9-2.0 TDI(вставка) 1.9/2.0 tdi/sdi caddy iii,1K0127434,77642402,KX178,KEMP
Фільтр паливний VW  Audi 1.9-2.0TDI VW LT 2.5TDI,1J0127401A,77642399,KL147D,KEMP
Фільтр паливний VW  Audi A4 A6 A8 VW Passat  2.5TDI 97-05,057127401A,77643848,KL 154,KEMP
Фільтр паливний VW  Audi Fiat Opel 1.6-2.5D TD,H70WK02,77642819,,KEMP
Фільтр паливний VW  Audi Ford Opel 1.6-2.4D TD,H70WK04,77642820,,KEMP
Фільтр паливний VW Polo Lupo Arosa 1.4-1.9 TDI/SDI,6N0127401H,77642453,1GD127401,KEMP
Фільтр паливний VW Polo Skoda Fabia Audi A3 00->,6Q0201511,77642840,,KEMP
Фільтр повітря  VW Touareg 3.0-4.2 Porsc Cayenne 3.0-4.8  10->,7P0129620,77647819,LX2024/1,KEMP
Фільтр повітря 280*186*42,1L0129620B,7764592,036129620,KEMP
Фільтр повітря Audi 100 84-91/Polo/VW T2,021129620,7764590,027129620,KEMP
Фільтр повітря Audi 80 A100 A6 VW Passat B3 Golf 2,191129620,77642826,,KEMP
Фільтр повітря Audi 80 A100 VW Golf 1/2 Passat 1/2 Polo Derbi Skoda Felicia,056129620,77643802,LX208,KEMP
Фільтр повітря Audi A3  VW Passat Cadi 3 Octavia A5 03-> 1.6-2.0,1F0 129 620,77643391,,KEMP
Фільтр повітря Audi A3  VW Passat Cadi 3 Octavia A5 04-> 2.0TFSI,06F133843A,77643392,,KEMP
Фільтр повітря Audi A3 VW Passat Octavia Caddi 3 04-> 1.6-2.0TDI 345*136,1K0129620E,77643799,LX1482,KEMP
Фільтр повітря Audi A4 1.8-3.0 00-04г. 267*213*69,06C133843,77643793,,KEMP
Фільтр повітря Audi A4 A5 Q5 1.8:2.0TFSI 2.0 TDI 07-> 322*128*58,8K0133843E,77643797,LX2046,KEMP
Фільтр повітря Audi Q7 VW Touareg 392*186,7L0129620,77642823,LX793,KEMP
Фільтр повітря Mercedes Sprinter 906  VW LT Crafter 2006->,BG09011,77644772,,KEMP
Фільтр повітря Mercedes Sprinter Vito CDI VW LT 28-45 TDI 00-06,0030947504,77643804,LX 511/1,KEMP
Фільтр повітря Mercedes T1 208-410 з корпусом неразбірний,0030945104,77643803,LX 388,KEMP
Фільтр повітря VW Golf 4 Borra Scoda Octavia 364*185,1J0129620A,7764589,,KEMP
Фільтр повітря VW Polo  Skoda Fabia Practic Seat Cordoba Ibiza 1.4;1.9TDI CDI,6Q0129620,77643393,,KEMP
Фільтр повітря VW Polo Skoda Fabia Practic Seat Cordoba Ibiza 1.4;1.6 00->,036129620F,77643801,LX571/1,KEMP
Фільтр повітря VW Polo Skoda Fabia Practic Seat Cordoba Ibiza 1.4;1.6 06->,036129620H,77643796,LX2010,KEMP
Фільтр повітря VW Polo Skoda Fabia Romster Seat Ibiza 1.0-1.4 06-> 213*218,5Z0129620,77643800,LX998,KEMP
Фільтр повітря VW T5,AF8046,77643610,,KEMP
Фільтр повітря VW T5,7H0129620,77645337,LX786,KEMP
Фільтр повітря VW Transporter T4 96-03г.,074129620,77642825,,KEMP
Фільтр повітря А-4/А-6 В-5 254*213*57,058133843,7764591,LX622,KEMP
Фільтр повітряний Chevrolet Aveo,96536696,77641749,,KEMP
Фільтр повітряний Doblo/Combo,95513089,77646619,A1227,KEMP
Фільтр повітряний Fiat Doblo Fiorino 1.3JTD 2004-,55183265,77647845,C3877/1 SX1920,KEMP
Фільтр повітряний Renault Trafic 2.0/2.5 01-,SX1583,,AP137/3,KEMP
Фільтр Салона вугільний Audi A1;A2 VW Polo Skoda Fabia Mercedes G clas 97->,6Q0819644,77643397,6Q0819663,KEMP
Фільтр Салона вугільний Audi A1;A2 VW Polo Skoda Fabia Seat (вугільний),6Q0819644,77643398,,KEMP
Фільтр Салона вугільний Audi A3  VW Passat Cadi 3 Octavia 97->(вугільний),1J0819644,77643396,,KEMP
Фільтр Салона вугільний Audi A3  VW Passat Cadi 3 Octavia A5 04->(вугільний),1K1819653B,77643394,,KEMP
Фільтр салону вугільний Audi A4 A6 Allroad 00-> 300*205*30,4B0819439C,77647820,4B0 819 439 C,KEMP
Фланець головки VW Audi Skoda 97->(один датчик 3виходи),06A121132A,77645379,06A121133A,KEMP
Фланець головки алюмінієвий 97->(один датчик 2виходу+відвід),06A121133J,77643367,,KEMP
Фланець головки алюмінієвий 97->(один датчик 2виходу+відвід),06A121132,77643366,06A121133D,KEMP
Фланець датчика (1-вих+ 1відвід і 1дат) VW/Audi,06A121133P,77644311,,KEMP
Фланець датчика (2-вих і 2 датч) VW/Audi,037121132G,7764937,,KEMP
"Фланець датчика (2-вих і 2датч) VW G2,Passat,T4/A80, A100",037121132B,7764474,037121133B,KEMP
Фланець датчика (2-вих+ 1відвід і 1дат) VW/Audi,037121133F,7764938,037121133E,KEMP
Фланець датчика (2-вих+ 1відвід і 1дат) VW/Audi  1.2;1.4;1.9;2.0;2.5TDI,038121132C,77643962,23720,KEMP
Фланець датчика (2-вих+1відвід і 1дат) VW Passat В3 Golf 1.9D/TD 88-93,068121132A,7764475,,KEMP
"Фланець задній 1,6-2,0 Audi/VW",026121145E,77641003,,KEMP
"Фланець задній 1,6-2,0 Audi/VW",026121144A,7764997,026121145E,KEMP
Фланець задній 1.8 16V GTI 1.8 G60 Audi/VW,027121133E,77645251,,KEMP
Фланець задній Audi 80 B4 1.9TD 2.0,048121145B,77645381,,KEMP
"Фланець напівосі передної (вал проміжний)VW T-5, 1.9",02Z409345B,77643421,,KEMP
"Фланець напівосі передньої (вал проміжний)VW T-4, 1996>(22*37)",02G409345,77644945,,KEMP
Фланець охолодження (кришка термостата) VW Audi 1.6-2.0,055121121F,77645382,301210121055F,KEMP
Фланець охолодження (кришка термостата) VW Audi 1.6-2.0 1.9TDI 93->,037121121A,77645385,107635756,KEMP
Фланець охолодження (кришка термостата) VW Audi 2.3;2.4D;2.5TDI,074121121B,77645383,,KEMP
Фланець охолодження 1дат Audi A3 VW Bora Skoda Octavia 1.8 1.8T,06A121132Q,77645384,121100005,KEMP
Фланець охолодження Audi A4 A6 VW Passat B5 1.8-2.7,06B121121,77645380,,KEMP
Фланець охолоджувальної рідини 2дат Audi A3 VW  Bora Skoda Octavia 1.8 1.8T,06A121133F,77643966,,KEMP
Фланець охолоджувальної рідини Audi A4 A6 VW Passat B5 1.8-1.8T (трійник),058121132B,77645462,,KEMP
Фланш датчика (2-вых и 1дат) VWAudi 1.9 TDI,028121132,77645252,108191,KEMP
Фланш датчика (2-вых и 1дат) VWPolo 1.7-1.9SDI,028121132C,77643834,,KEMP
Фланш датчика (2-вых+1отвод и 1дат) VW Passat В3 Golf 1.9D/TD 88-93,028121132A,77643833,,KEMP
"Флянец полуоси передней (вал промежуточный)VW T-4, 1996>(22*37)",49-0671,77643292,49-0671,KEMP
"Флянец полуоси передней (вал промежуточный)VW T-5, 2.5-3.2",0A5409343,77643380,,KEMP
Фонарь Ford Transit 86 -- задний  L,6695706,77641149,,KEMP
Фонарь Ford Transit 86 -- задний  R,6 695 705,77641150,,KEMP
Фонарь Ford Transit Connect 2002-> задний  L,1369234,77644109,,KEMP
Фонарь Ford Transit Connect 2002-> задний  R,1369221,77644108,,KEMP
Фонарь Ford Transit Connect 2009-> задний  L,9T1613405AC,77647089,,KEMP
Фонарь Ford Transit Connect 2009-> задний  R,9T1613404AC,77647090,,KEMP
Фонарь Ford Transit V184 2001 -- задний  L,1205706,77644104,,KEMP
Фонарь Ford Transit V184 2001 -- задний  R,1205701,77644105,,KEMP
Фонарь Ford Transit V347 2006 -- задний  L,1435881,77644106,,KEMP
Фонарь дополнительного стоп сигнала VW T5,9450.24,,7E0945096A,KEMP
Фонарь задний Daewoo Lanos L внутрений,96304631,77641974,,KEMP
Фонарь задний Daewoo Lanos R внутрений,96304632,77641975,,KEMP
Фонарь задний Daewoo Lanos R наружный,96304621,77641973,,KEMP
Фонарь задний L Chevrolet Lacetti,96551225,77641709,,KEMP
Фонарь задний R Chevrolet Lacetti,96551226,77641710,,KEMP
Фонарь задний левый Mercedes Benz Sprinter CDI,8220,,0008261556,KEMP
Фонарь задний правый Mercedes Benz Sprinter,8223,,9068200264,KEMP
Фонарь задний правый Mercedes Benz Sprinter CDI,8221,,0008261656,KEMP
Фонарь наружный   SKODA OCTAVIA 96->L левый,1U6945095,77647857,1U6 945 095,KEMP
Фонарь наружный   SKODA OCTAVIA A5 04->L,1Z5945111,77647861,1Z5945257A,KEMP
Фонарь наружный   SKODA OCTAVIA A5 04->R,1Z5945112,77647862,1Z5945258A,KEMP
Фонарь наружный   VW Caddy3 2003-> Lлевый,2K0945095G,7764100,,KEMP
Фонарь наружный   VW Caddy3 2003-> R правый,2K0945096G,77644070,,KEMP
Фонарь наружный   VW T4  L,701945111,77644090,9450.07,KEMP
Фонарь наружный   VW T5  L желтый поворотник (ляда) левый,7H0945095G,77647877,,KEMP
Фонарь наружный   VW T5  R  желтый  поворотник(ляда) правый,7H0945096F,77644067,,KEMP
Фонарь наружный   VW T5 L белый поворотник(ляда),7H0945095H,77644068,,KEMP
Фонарь наружный   VW T5 L желтый поворотник(ляда) левый,7H0945095F,776498,,KEMP
Фонарь наружный   VW T5 R   желтый поворотник (ляда) правый,7H0945096G,77647876,,KEMP
"Фонарь наружный  Audi-100, A-6 94-  малиновый L",4A5945217B,7764965,,KEMP
"Фонарь наружный  Audi-100, A-6 94-  малиновый R",4A5945218B,7764966,,KEMP
Фонарь наружный  VW LT28-46 96-2006г. R,2D0945112C,77644071,394 5018,KEMP
Фонарь наружный VW Crafter  30-50 2006-> L левый,2E0945095,7764101,,KEMP
Фонарь наружный VW Crafter  30-50 2006-> R,2E0945096,77644072,,KEMP
Фонарь противотуманный задний VW T4,701945729,77644092,,KEMP
Форсунка Ford Transit  2.5 D 88-94,894F9E527ABB,77641198,,KEMP
Форсунка Ford Transit  2.5 D 91-94,26632,77641199,,KEMP
Форсунка Ford Transit  2.5 D 94-00,33706,77641200,,KEMP
Форсунка Ford Transit  2.5 TD 94-00,33408,77641401,,KEMP
Форсунка омивача фар Audi A4 08- ліва,8K0955101A,77644295,,KEMP
Форсунка омивача фар Audi A4 08- права,8K0955102A,77644296,,KEMP
Форсунка омивача фар Audi A6 04-11 ліва,4F0955101,77644289,,KEMP
Форсунка омивача фар Audi A6 04-11 права,4F0955102,77644290,,KEMP
Форсунка омивача фар Audi A6 08-11 ліва,4F0955101B,77644287,,KEMP
Форсунка омивача фар Audi A6 08-11 права,4F0955102B,77644288,,KEMP
Форсунка омивача фар Audi A6 11- ліва,4G0955101,77644291,,KEMP
Форсунка омивача фар Audi A6 97-02,4B0955102,77644284,,KEMP
Форсунка омивача фар Audi Q5 ліва,8R0955101,77644285,,KEMP
Форсунка омивача фар Audi Q5 права,8R0955102,77644286,,KEMP
Форсунка омивача фар VW Golf 08-,5K0955978A,77644297,,KEMP
Форсунка омивача фар VW Passat 05-10 ліва,3C0955103,77644293,,KEMP
Форсунка омивача фар VW Passat 05-10 права,3C0955104,77644294,,KEMP
Форсунка омивача фар VW Passat CC  L ліва,3C8955103,77644298,,KEMP
Форсунка омивача фар VW Passat CC  R права,3C8955104,77645159,,KEMP
Форсунка омывателя фар Audi A6 11- правая,4G0955102,77644292,,KEMP
Форсунка омывателя фар Audi A6 97-05,4Z7955101,77644283,,KEMP
Форсунка омывателяMercedes Benz Sprinter 906,8604,,0008604547,KEMP
Форсунка паливна (бензинова) VW Audi 83-90г.,0437502045,77642211,,KEMP
Форсунка паливна (бензинова) VW Audi 87-95г. (дрібна різьба),0437502043,77642210,,KEMP
Хомут корпуса топливного фильтра Peugeot Partner/Citroen Berling,11.0104,,1904.26,KEMP
Хрестовина карданна Mercedes Benz 408-913 (38x55.8mm),GU-7300,77644181,,KEMP
Хрестовина карданного вала Ford Transit  2000 ->,GU-220,77641246,,KEMP
Хрестовина карданного вала Mercedes Vario (31*110mm),GU-3111,77644053,,KEMP
Хрестовина карданної передачі Mercedes Benz 408-913 (38x55.8mm),U-730,77645079,,KEMP
Цепь с натяжителем Ford Sierra Scorpio 2.3:2.5 T TD,SLP08105,77644460,,KEMP
"Цилиндр сцепления главный  Audi-100,A6 82-97",4A0721401,7764194,6284003031,KEMP
Цилиндр сцепления главный Daewoo Lanos,96184062,77641288,,KEMP
Цилиндр сцепления главный MB  208-410 ->96г.,0012958606,77643281,60-425-010,KEMP
Цилиндр сцепления главный MB 100 ->96г.,60-425-002,77643581,6312900012,KEMP
Цилиндр сцепления главный Mercedes Benz Bus,2986,,0012958606,KEMP
Цилиндр сцепления главный Mercedes Benz W123,2977,,0012954406,KEMP
Цилиндр сцепления главный Mercedes Benz W201,2968,,0012956806,KEMP
"Цилиндр сцепления рабочий  Audi-100,80,A6,A8 88-97",4A0721261,7764166,893721261,KEMP
Цилиндр сцепления рабочий MB W124 MB123:126 W460-463,2012900311,77645433,,KEMP
Цилиндр сцепления рабочий VW Caddy,7210.03,,1K0721261,KEMP
Цилиндр тормозной главный Audi A100 ;200 82-91 (23.81mm),443611021,77645348,,KEMP
Цилиндр тормозной главный Audi A80 B4;A100  90-94 A6 94-97 (23.81mm),4A0611021A,77645347,,KEMP
Цилиндр тормозной главный Ford Sierra,83BB2140SA,77641156,,KEMP
Цилиндр тормозной главный Ford Transit 98 -- (с бачком),98VB2B507AA,77641157,,KEMP
Цилиндр тормозной главный MB 207-310 d23мм,0034308201,77643580,60215001,KEMP
Цилиндр тормозной главный MB 207-310 d25мм,0044302801,77643519,BG42014-1,KEMP
Цилиндр тормозной главный VW TransporterT4 Pas.B3 Golf3 (алюминий)  (без АВS),357611019B,77643872,03.2122-1042.3,KEMP
"Цилиндр тормозной задний Ford Sierra Escort 86- (22,22mm)",1006012,77641439,040356,KEMP
Цилиндр тормозной задний Ford Transit 91 -- Т12,92VB2261BA,77641153,,KEMP
Цилиндр тормозной задний Ford Transit 91 -- Т15,92VB2261CA,77641154,YС15-2261AA,KEMP
Цилиндр тормозной задний Ford Transit --91 г  (корот.база),73VB2261AB,77641152,1554476,KEMP
Цилиндр тормозной задний MB 207-310 d15.87,MGH-581,77642539,,KEMP
Циліндр  зчеплення головний Mercedes W201;W202;W124;W210,0012951006,77643310,2022900122,KEMP
Циліндр гальмівний головний Astra G Zafira A (23.81mm),H23900881,77645341,9193225,KEMP
Циліндр гальмівний головний Audi A3 VW Golf4 Octavia (ABS),1J1614019,77645398,1J0614019,KEMP
Циліндр гальмівний головний Audi A4 A6 03->,4b3611021,77645346,,KEMP
Циліндр гальмівний головний Audi A4 A6 A8 VW Passat B5 96-05 (25.4mm),4D0611021,77647818,4D0 611 021,KEMP
Циліндр гальмівний головний Audi A4 A6 VW Passat B5 97-05 (23.81mm),8D0611021B,77645345,,KEMP
Циліндр гальмівний головний Audi A4 A6 VW Passat B5 97-05 (25.4mm),8E0611021,77645344,,KEMP
Циліндр гальмівний головний Cheri Amulet,A11-3505010,77641786,,KEMP
Циліндр гальмівний головний Kdet E Vectra A Astra F (20.64mm),0558102,77645340,,KEMP
Циліндр гальмівний головний Kdet E Vectra A Astra F (22.2mm),558058,77645342,,KEMP
Циліндр гальмівний головний Mercedes Sprinter (d 23.81mm),0004314701,77645070,MGH-308,KEMP
Циліндр гальмівний головний Opel Combo Corsa Tigra (ABS) (20.64mm),558009,77645397,93492467,KEMP
"Циліндр гальмівний головний VW Passat B2,В3 Golf 2,3 (без АВS) 4 отв.",1H1611019,7764708,1H1601019C,KEMP
Циліндр гальмівний головний VW TransporterT4 Pas.B3 Golf3 (чавун)  (без АВS),357611019,77644344,,KEMP
Циліндр гальмівний головний VWCaddy2 Skoda Felicia (20.64mm),6U0611019,77645350,,KEMP
Циліндр гальмівний головний VWPollo Skoda Fabia (20.64mm),6Q0611019E,77645349,,KEMP
"Циліндр гальмівний задній   VW Golf,Passat/Audi 80",171611051B,7764102,3.3214-0812.3,KEMP
"Циліндр гальмівний задній   VW Golf,Passat/Audi 80 A100 d20.64 (алюм.)",3A0611053,77645421,,KEMP
Циліндр гальмівний задній   VW T4 (20.64mm),721611047,77642154,,KEMP
Циліндр гальмівний задній Cheri Amulet,A11-3502190,77641785,,KEMP
Циліндр гальмівний задній Daewo Lanos Aveo,90235422,77642809,,KEMP
Циліндр гальмівний задній Daewo Lanos Chevrolet Aveo,96574718,77645343,90443261,KEMP
Циліндр гальмівний задній Ford Mondeo 93-96,67660266,77642080,6808555,KEMP
Циліндр гальмівний задній Ford Sierra Escort (20.64mm),1006011,77641438,040115,KEMP
Циліндр гальмівний задній Kdet E Astra F (17.5mm),0550143,77641436,040300,KEMP
Циліндр гальмівний задній Vectra A  Astra F (19.05mm),90235422,77641450,BRC611162,KEMP
Циліндр гальмівний задній Vectra B Astra H Zafira A (20.64mm),0986475869,77645339,,KEMP
Циліндр зчеплення головний  Audi A2A3 Skoda Octavia VW Golf4 Bora,6284009131,77643967,1J1721388A,KEMP
Циліндр зчеплення головний  Audi A2A3 Skoda Octavia VW Golf4 Bora,1J1721388A,77642837,,KEMP
Циліндр зчеплення головний  Audi A2A3 Skoda Octavia VW Golf5 Cadi3,1K0721388A,77643401,,KEMP
Циліндр зчеплення головний  Audi A4 A6 Skoda Superb VW Passat  95-05,8E1721401K,77642839,6284009938,KEMP
Циліндр зчеплення головний  VW Golf 3 Vento 92-г.,1H1721401,77641442,,KEMP
Циліндр зчеплення головний  VW T4,701721401,77641448,6284600626,KEMP
Циліндр зчеплення головний Audi-80 B3B4 Audi100 A6 ->-97,1130601000,77641028,4A0721401A,KEMP
Циліндр зчеплення головний Mercedes Sprinter 208-413,0002903212,77642561,,KEMP
Циліндр зчеплення робочий  Audi 2 Skoda Fabia VW Polo,6Q0721261,77642835,,KEMP
Циліндр зчеплення робочий  Audi A2A3 Skoda Octavia VW Transporter T4 95-03,1J0721261H,77642836,,KEMP
Циліндр зчеплення робочий  Audi A3 Skoda Octavia Fabi VW Caddy3 Golf Passat 00->,6Q0721261D,77643837,6283005802,KEMP
Циліндр зчеплення робочий  Audi A3 Skoda Octavia VW  Golf Polo 1.4-1.6  00->,1J0721261F,77643836,,KEMP
Циліндр зчеплення робочий  Audi A3 Skoda Octavia VW Caddy3 Golf Passat 00->,1K0721261,77643835,6283000047,KEMP
Циліндр зчеплення робочий  Audi A4 A6 Skoda Superb VW Passat  95-05,8E0721257M,77642838,6283000045,KEMP
"Циліндр зчеплення робочий  VW Passat B3/B4,Golf3 93-95",357721261A,7764545,,KEMP
"Циліндр зчеплення робочий  VW Transporter T4 91-96 Pas. B3/B4,Golf3 93-95",357721261,77644302,,KEMP
"Циліндр зчеплення робочий Audi-100,80 78-88г.",443721261,77641019,,KEMP
Циліндр зчеплення робочий Mercedes  208-410 ->96г.,0022951307,77643282,60-425-001,KEMP
Циліндр зчеплення робочий Mercedes 100,60-425-006,77643516,60-425-006,KEMP
Циліндр зчеплення робочий Mercedes Sprinter 210 MB123;116,0002954007,77645432,0002953407,KEMP
Чашка передней пружины усиленная Mercedes Benz W210,6201,,2106260119,KEMP
Чехол резиновый кулисы КПП MB123,1232670097,77643096,,KEMP
Чохол гумовий кулісти КПП Mercedes Benz W124,1242670097,77642933,,KEMP
Шайба під форсунки Mercedes Sprinter CDI - TDI,6110170060,77644301,924.867,KEMP
Шайба под форсунки MB  OM 601-602-603,693.758,77644692,,KEMP
Шайба разбега коленвала(дистанционная шайба) VW Audi 1.4-2.0 94->к-кт 4 шт,78635600,7764322,026198421/04-3527,KEMP
"Шарнірний комплект, приводний вал  VW  T5 1.9 TDI в зборі R (внутрішній)прав",7H0498104F,77643255,24564,KEMP
"Шарнірний комплект, приводний вал  VW  T5 2,5 TDI в зборі R (внутрішня) прав",7H0498104G,77643422,,KEMP
Шаровая опора Audi-80 86-91 17 мм L   с Г.У.левая,855407365A,7764854,,KEMP
Шаровая опора Audi-80 86-91 17 мм R  с Г.У. правая,855407366A,7764855,,KEMP
Шаровая опора Chevrolet Aveo,96535089,77641978,5300168,KEMP
Шаровая опора Ford Escort 90-98 Fiesta 89-95,FD-BJ-4122,77642675,1047853,KEMP
Шаровая опора Ford Escort 90-98 Fiesta 89-95,1047853,77642508,,KEMP
Шаровая опора Ford Transit 2.0-2.4TDI00-06 2.2 06->,4616978,77646652,,KEMP
Шаровая опора Ford Transit 85-92г.,FD-BJ-3389,77642673,86VB3395A1C,KEMP
Шаровая опора Ford Transit 92-00г.,92VX3K209AA,77642674,FD-BJ-4130,KEMP
Шаровая опора Ford Transit 92-00г.,92VX3K209AA,77641550,,KEMP
Шаровая опора Lanos Nex.Esp,94788122,77641290,1603164,KEMP
Шаровая опора Mercedes Benz Sprinter,3312,,9063380227,KEMP
Шаровая опора Mercedes Benz Vito,3323,,6393330227,KEMP
Шаровая опора Opel Omega A Senator B пер R,352827,77641883,,KEMP
Шаровая опора Opel Omega B Vectra B Astra G.Astra H,0352800,77641881,,KEMP
Шаровая опора Opel Vectra A Astra F,OP-BJ-5567,77642669,1603167,KEMP
Шаровая опора Opel Vivaro Renault Trafic Nissan Primastar 06-> нижняя,4431869,77643641,7701477385,KEMP
Шаровая опора Skoda Felicia Favorit VW Cadi2,SK-BJ-8223,77642664,6U0407807,KEMP
Шаровая опора VW Golf4 Bora Skoda Octavia Audi A3 пер.L,1J0407365A,77641875,,KEMP
Шаровая опора VW Golf4 Bora Skoda Octavia Audi A3 пер.R,1J0407366A,77641876,,KEMP
Шаровая опора VW LT28-35 82-96г. нижняя,VO-BJ-3245,77642659,281407187B,KEMP
Шаровая опора VW T2-T3 84- 91г. верхняя,251407361,77642948,VO-BJ-3270,KEMP
Шаровая опора VW T2-T3 84- 91г. нижняя,251407187,77642658,VO-BJ-3269,KEMP
Шаровая опора VW T4 91-г. верхняя,701407187B,77641459,FE 10577,KEMP
Шаровая опора VW T4 95-03г. нижняя,VO-BJ-0370,77642661,7D0407361,KEMP
Шаровая опора VW T4 95-03г. нижняя,7D0407361,77642501,,KEMP
Шаровая опора верхняяMaster Movano 98-,SM7719,,77 00 312 851,KEMP
Шаровая опора нижнего рычага MB Sprinter VW LT 28-46,9013331227,77643219,,KEMP
Шаровая опора нижняяDucato 02-06 (1.4t),SM6667,,1 331 640 080,KEMP
Шаровая опора нижняяDucato 06-,SM1196,,10FI3210,KEMP
Шаровая опора нижняяDucato 94-02 (1.4t),SM4538,,1 302 368 080,KEMP
Шаровая опора нижняяLT Sprinter 96-06,SM8875,,901 333 11 27,KEMP
Шаровая опора нижняяTrafic Vivaro 01-06,SM7219,,27219,KEMP
Шаровая опора нижняяTrafic Vivaro 06-,SM0773,,77 01 477 385,KEMP
Шаровая оппора MB 100 (631),ME-BJ-6287,77642706,6313200228,KEMP
Шаровая оппора MB C-Class W202 E-Class W210,2023330027,77642676,ME-BJ-6331,KEMP
Шестерня 5-ї передачі Chery Amulet,A11-3AD15311159A,77641817,,KEMP
Шестерня 5-ї передачі Chery Amulet,A11-3AD015311361AA,77641816,,KEMP
Шестерня коленвала DAEWOO Lanos 1.5,96144520,7764879,,KEMP
Шестерня коленвала DAEWOO Lanos 1.6,96352740,77643476,,KEMP
Шестерня колінвала VW/Audi,049105263C,7764729,049105263C,KEMP
Шестерня колінвала VW/Audi 1.6 D TD 1.9 D/TD,028105263E,77644037,100295,KEMP
Шестерня привода спидометра (белая) 16зуб. VW G2-3,171957821A,77641538,,KEMP
Шестерня распредвала +ТНВД VW/Audi LT T4,074130111,77643514,,KEMP
Шестерня Спидометра F Transit (желтая)(22зуб),958T17271AA,77644144,,KEMP
Шестерня Спидометра F Transit (зеленая)(21зуб),958T17271EA,77644145,,KEMP
Шина (Усилитель)бампера передн. Audi-100 84-91,443807089A,7764547,,KEMP
Шкворень MB 207-310 77-95г.(D23*132),6013300019,77643143,,KEMP
Шкив генератора Daewoo Lanos,93740819,77644199,13046270,KEMP
Шкив гидроусилителя VW T4 LT Crafter 96->,074121031,77643467,,KEMP
Шкив коленвала Ford Transit  Conect Focus 1.8TDCI,1151392,77643520,1151392/MG,KEMP
Шкив коленвала Ford Transit  Mondeo 3 DI/TDDI/TDCI,1351731,77643521,1351731/MG,KEMP
Шкив коленвалаVW LT/T4/Crafter 2.5 TDI,310 5001,,074105251N,KEMP
Шків Г.У (6 руч 126mm),,,8200246248,KEMP
"Шків Г.У (6 руч 130mm)pulley for R Clio end 
Kango 00-07 6*130mm",,,,KEMP
Шків генератора (обгонний) Mercedes Sprinter W210 Vario,6041500060,77643215,,KEMP
Шків генератора (обгонний) Mercedes W210 W203 CDI,6111500360,77643218,,KEMP
Шків генератора VW /Audi Skoda 1.4-1.9-2.0TDI 1.6;1.8T  96-05,022903119A,77643977,3014000810,KEMP
Шків генератора VW LT 2.8 2002-> T4 2.5TDI,55473,77643873,55473/MG,KEMP
Шків генератора VW Passat Audi A4A6SkodaSuperB 1.9-2.0TDI 1.6;1.8T  96->,535000510,77643980,,KEMP
Шків генератора VW Passat Audi A4A6SkodaSuperB 1.9-2.0TDI 1.6;1.8T  96->,028903119AB,77643979,3014000600,KEMP
Шків генератора VWTransporter T5 Cady3 Crafter TDI Skoda Fabia Octavia TDI CDI,535001210,77643978,,KEMP
"Шків гідросилення VW Golf-2, Passat B3, Audi 80  84-94",027145255,7764319,,KEMP
Шків колінвала VW T4 96-03 LT28-46 96-06 2.5TDI,074105251T,77645071,,KEMP
Шків колінвала VW T5 Octavia Sharan 03 -> 1.9TDI,1000530006,77643469,038105243K,KEMP
"Шланг вентиляции картера VWPassat  Audi A4 1,8T 1.8 20V 1.9 TDI 03-06 (тройник)",06B103221H,77647840,06B 103 221 H,KEMP
Шланг вентиляции картера VWPassat  Audi A4 A6 2.4 2.8 96-00,078103224R,77644899,,KEMP
Шланг вентиляції картера Mercedes OM604;605;606 W202 W210,6060160481,77643389,014001049,KEMP
Шланг вентиляції картера VW  Audi 96->,078103213B,77644911,,KEMP
Шланг вентиляції картера VW  Audi Skoda,078103235K,77644926,06F103253K,KEMP
Шланг вентиляції картера VW Audi  2.0 TFSi: GTI 04->,06F103221E,77644897,,KEMP
"Шланг вентиляції картера VWPassat  Audi A4 1,8T 1.8 20V  00-08",06B103221G,77647839,06B 103 221 G,KEMP
Шланг вентиляції картера VWPassat  Audi A4 A6 2.4 2.8 96-00,078103223B,77644898,,KEMP
Шланг вентиляції картера W Pass 2.0 89-96,037103493AB,7764691,,KEMP
"Шланг вентиляції картера W Passat,Golf 94-97 2.0 89-96(без пластика)",037103493AK,77643377,,KEMP
"Шланг вентиляції картера W Passat,Golf 94-97 2.0 89-96+037103211(пластик)",037103211,7764724,037103493AK+037103211,KEMP
Шланг гальмівний Audi 10083-90г.,FT2151,77641729,443611775,KEMP
Шланг гальмівний задній  Chevrolet Aveo,FT0195,77643741,96407749,KEMP
Шланг гальмівний задній Audi A4 95-01,FT4776,77643781,8D0611775B,KEMP
Шланг гальмівний задній Audi A80 100 VW Golf Passat Transporter T4,FT4672,77643775,171611775,KEMP
Шланг гальмівний задній Dacia Logan Sondero Renault Rapid,FT4637,77641717,7704003765,KEMP
Шланг гальмівний задній Daewoo Matiz,96320284,77643329,,KEMP
Шланг гальмівний задній Daewoo Nubira Chevrolet Laceti -- L,FT0192,77643739,96404803,KEMP
Шланг гальмівний задній Daewoo Nubira Chevrolet Laceti -- R,FT0193,77643740,96404804,KEMP
Шланг гальмівний задній Ford Escort -- 90 - LH,FT2102,77642303,,KEMP
Шланг гальмівний задній Ford Escort -- 90 - LH 280mm,FE86-1,77641190,,KEMP
Шланг гальмівний задній Ford Escort -- 90 - RH,FT2103,77642304,,KEMP
"Шланг гальмівний задній Mercedes Sprinter 3,5-4t 06->",FT0279,77643746,9064280935,KEMP
Шланг гальмівний задній Mercedes Sprinter 4.6-5t WV CRAFTER 30-50 06->,FT0281,77643747,9064280435,KEMP
Шланг гальмівний задній Mercedes Vito Viano (639),FT0276K-K,77643744,6394280435,KEMP
Шланг гальмівний задній Peugeot Partner 96->,FT1152,77641714,,KEMP
Шланг гальмівний задній VW CADDi  3,FT0245,77643742,2K0611775D,KEMP
Шланг гальмівний задній VW Golf 5 Caddy 3 Skoda Octavia A5,FT0359 K-K,77643756,1K0611775C,KEMP
Шланг гальмівний задній VW Golf Audi A1-A3 TT Skoda Octavia Fabia,FT4798,77643784,6X0611775,KEMP
Шланг гальмівний задній VW LT28-46,FT0332,77643750,2D0611775,KEMP
Шланг гальмівний задній VW T5,FT0363,77643758,7H0611776,KEMP
Шланг гальмівний задній VW T5 (внутрішній),FT0364,77643759,7H0611775,KEMP
Шланг гальмівний передній  Mercedes Vito Viano (639),FT0275K-K,77643743,6394280835,KEMP
Шланг гальмівний передній 355 мм різьба А.А.М10х1 VW B3 B4,535611701,7764859,,KEMP
Шланг гальмівний передній Dacia Logan Sondero Renault Rapid,FT2798,77643778,6001547819,KEMP
Шланг гальмівний передній Daewoo Matiz,96316525,77643330,,KEMP
Шланг гальмівний передній Ford Escort  90 --  RH,FE91-1,77641192,,KEMP
Шланг гальмівний передній Mercedes Sprinter 3.5-5t WV CRAFTER 30-50 06->,FT0282,77643748,9064280635,KEMP
Шланг гальмівний передній Mercedes Vito,FT0579 K-K,77641722,6384280835,KEMP
Шланг гальмівний передній Mercedes W123 W124 MB207-410 450mm,4634280235,77648223,1234280535,KEMP
Шланг гальмівний передній Mercedes W123 W124 MB207-410 450mm,1234280335,77641719,1234280535,KEMP
Шланг гальмівний передній Opel Astra F Ascona C Kadet E Vectra A,FT2812,77643769,90235568,KEMP
Шланг гальмівний передній Opel Kadet E L,FT2810,77641716,562336,KEMP
Шланг гальмівний передній Opel Kadet E R,FT2811,77643767,562344,KEMP
Шланг гальмівний передній Peugeot 806 F Scudo 96->,FT4712 K-K,77641728,1479197080,KEMP
Шланг гальмівний передній Peugeot Partner Berlingo 96->,FT1158 K-K,77641715,,KEMP
Шланг гальмівний передній Renault Trafic Opel Vivaro 01->,FT4639 K-K,77643773,4409164,KEMP
Шланг гальмівний передній VW G3 Vento різьба АА 435mm,FT1718 K-K,77641727,1H0611701,KEMP
Шланг гальмівний передній VW G3 Vento різьба АА 435mm,1H0611701,77645389,1H0611701,KEMP
Шланг гальмівний передній VW Golf 5 Caddy 3 Skoda Octavia A5,FT0357 K-K,77643755,1K0611701B,KEMP
Шланг гальмівний передній VW Golf Passat B2 Audi A80 A100 Chery Amulet,FT1716,77643763,171611701G,KEMP
Шланг гальмівний передній VW LT28-35,FT1429,77643762,281611775B,KEMP
Шланг гальмівний передній VW Lupo Polo Seat Arosa,FT4772 K-K,77643780,6N0611701B,KEMP
Шланг гальмівний передній VW Polo Skoda Fabia,FT0352 K-K,77643754,6Q0611701F,KEMP
Шланг гальмівний передній VW Sharan Ford Galaxy Seat  Alhambra,7M0611701D,77645392,611370001,KEMP
Шланг гальмівний передній VW T3 LT40-55,FT2309,77643764,251611775B,KEMP
Шланг гальмівний передній VW T5,FT0362,77643757,7H0611701D,KEMP
Шланг гальмівний передній VW T5 08->,FT0434,77643760,7H8611701B,KEMP
Шланг гальмівний передній VW Transporter T4 90-03,FT0338 K-K,77643752,7D0611702,KEMP
Шланг гальмівний передній VWTransporter T4 90-98,701611701,77645390,701611701,KEMP
Шланг гальмівний передній VWTransporter T4 92-03,7D0611701C,77645391,611355001,KEMP
"Шланг генератора (бронир.), Ford Transit 2.5D/TD",1113713,77644267,864F2908A2D,KEMP
"Шланг гидроусилителя руля Audi-100, A6 92-97 2.6-2.8",4A1422893AA,7764692,,KEMP
Шланг обратки топлива на дизельный двигатель VW 1.6-2.4D/TD,1M.,77641582,,KEMP
Шланг тормозной Citroen Jumper Fiat Ducato 94-02г.,FT1157 K-K,77641724,480671,KEMP
Шланг тормозной задний  MB Sprinter 3.5t 4*4  06->,FT0283,77643749,9064280835,KEMP
Шланг тормозной задний Daewoo Lanos Nexia,96215570,77641720,,KEMP
Шланг тормозной задний MB Sprinter 412,52-0062,77641721,,KEMP
Шланг тормозной задний MB Vito,FT576,77641723,,KEMP
Шланг тормозной задний MB100,FT4051 K-K,77643771,6314280335,KEMP
Шланг тормозной задний Mercedes Benz W210,4232,,2104280035,KEMP
Шланг тормозной задний VW Golf4 Bora Skoda Octavia Fabia,FT4778 K-K,77643782,1J0611775,KEMP
Шланг тормозной задний VW Passat Audi A4;A8 Super B 95-05г.,FT4775K-K,77642306,8D0611775E,KEMP
Шланг тормозной передний   Ford Transit 92-> LH,6577424,77644459,,KEMP
Шланг тормозной передний   Ford Transit 92-> RH,6577423,77644458,,KEMP
Шланг тормозной передний  Ford Coureir  LH,FCU95-1,77641188,,KEMP
Шланг тормозной передний  Ford Coureir  RH,FCU95-2,77641189,,KEMP
Шланг тормозной передний  Ford Escort  90 --  LH,FE91-2,77641193,,KEMP
Шланг тормозной передний  Ford Transit 92-> LH,92VB2078BA,77642715,,KEMP
Шланг тормозной передний  Ford Transit 92-> RH,92VB2078AA,77642716,,KEMP
Шланг тормозной передний /задний MB Sprinter WV CRAFTER 06->,FT0278,77643745,9064280535,KEMP
Шланг тормозной передний 270 мм резьба А.А М10х1,431611775,7764860,,KEMP
Шланг тормозной передний 340 мм резьба А.В М 10х1 VW G2 B2 B3,171611701L,7764851,,KEMP
Шланг тормозной передний Audi A100 A6 91-97,FT4744,77643776,4A0611707,KEMP
Шланг тормозной передний Audi A1-A3 VW G4Bora Skoda Octavia 435mm,FT4779,77643783,1J0611701,KEMP
Шланг тормозной передний Audi A80-90 A4 88-96,FT4748,77643777,893611707,KEMP
Шланг тормозной передний Daewoo Nubira Chevrolet Laceti -- R,FT0191,77643738,96397201,KEMP
Шланг тормозной передний Ford Escort  95 --  LH,FE95-1,77641194,,KEMP
Шланг тормозной передний Ford Escort  95 -- RH,FE95-2,77641195,,KEMP
Шланг тормозной передний MB Vito,FT579,77641718,,KEMP
Шланг тормозной передний MB W123 W124 MB207-410,52-0033,77643296,,KEMP
Шланг тормозной передний MB W123 W124 W140 310mm,FT1774 K-K,77641726,1234280635,KEMP
Шланг тормозной передний MB100,FT4050 K-K,77643770,6314280035,KEMP
Шланг тормозной передний Renault Kango 97->,FT4771 K-K,77643779,7700312022,KEMP
Шланг тормозной передний VW G4Bora Skoda Octavia 435mm,1J0611701,77641713,,KEMP
Шланг тормозной передний VW Passat Audi A4;A6 97г.->,FT4774,77642305,8D0611707,KEMP
Шланг тормозной передний VWTransporter T4 90-96,520045MG,77644475,52-0045/MG,KEMP
Шланг тормозной передний VWTransporter T4 96-03 L,FT0341 K-K,77643751,7D0611701E,KEMP
Шланг тормозной передний VWTransporter T4 96-03 R,FT0343K-K,77643753,7D0611701D,KEMP
Шрус  VW Amarok 2.0 зовнішній,2H0498099X,77648554,,KEMP
Шрус  VW Passat 05-11  внутрішній,3C0498103A,77648572,,KEMP
Шрус Audi  A4 A5  07->зовні.,8K0498099C,77647920,24687,KEMP
Шрус Audi  A6 A8  04->,4F0498099A,77648535,24681,KEMP
Шрус Audi  Q7 07-> VW Touareg  02-10  зовнішний,7L6498099C,77648577,24462,KEMP
Шрус Audi  Q7 VW Touareg  02-10  внутрішній,7L0498103A,77648547,24236,KEMP
Шрус Audi  Q7 VW Touareg  02-10  зовнішній,7L0498099C,77648539,24237,KEMP
"Шрус Audi 80 2.6-2.8 100, A6 91-97 2.8  Audi90 2.3 20V зовніш ABS",77642019,77642019,22639,KEMP
"Шрус Audi 80 86-91 1,6  зовніш болт",776434,776434,22543,KEMP
"Шрус Audi 80 86-96 1,8-2,3  зовніш болт",776435,776435,22551,KEMP
"Шрус Audi 80 86-96 1,8-2,3 ABS наруж болт",776436,776436,22550,KEMP
"Шрус Audi 80/100/Passat 1,9-2,3 79-;AUDI 80 16V  92-  внутрішній",7764764,7764764,20273,KEMP
"Шрус Audi A3 ,TTVW Golf4 Bora  08->  зовнішній",1J0498099E,77648578,21522,KEMP
Шрус Audi A3 Q3 TT VW Passat  05->  внутрішній,5N0498103AV,77648579,,KEMP
Шрус Audi A4 A5 Q5  08->  зовнішній,8K0498099B,77648576,24685,KEMP
Шрус Audi A4 A6 00->,8E0498099,77648534,23693,KEMP
Шрус Audi A4 VW Passat 1.9 TDI 95->  внутрішній,8D0407417L,77648573,22827,KEMP
Шрус Audi A4 VW Sharan 95->  внутрішній,4E0498103,77648571,,KEMP
Шрус Audi-100 /200 2.2T 85-91  зовніш гайка ABS,77642020,77642020,22577,KEMP
Шрус Audi-100 80-88  зовніш гайка,776437,776437,20271,KEMP
"Шрус Audi-100 89 -91 1,8-2,3  зовніш. болт",443498099DX,776433,22560,KEMP
"Шрус Audi-100 89 -91 1,8-2,3  наруж. болт ABS",77642021,77642021,22566,KEMP
"Шрус Audi-100, A6 91-97 2,0- 2,6  ( без ABS наруж)",4A0498099B,77645132,,KEMP
"Шрус Audi-100, A6 91-97 2,0- 2,6  ABS зовніш",776427,776427,22541,KEMP
"Шрус Audi-100, A6 91-97 2.8 ABS наруж",7764745,7764745,22591,KEMP
"Шрус Audi-100, A6 91-97 2.8 ABS наруж  ( без ABS наруж)",4A0498099,77643102,22591,KEMP
"Шрус Chevrolet Aveo 1,2- 1.4 16V ABS зовнішній 22*19*52",77642022,77642022,21847,KEMP
Шрус Chevrolet Aveo 1.5 ABS зовнішній 22*22,77642012,77642012,21865,KEMP
Шрус Chevrolet Aveo 1.5 Lacetti J200внутрішній 29*22,96245311,77642335,1111J200,KEMP
Шрус Chevrolet Aveo 1.5 внутрішній,96391556,77648729,,KEMP
Шрус Chevrolet Aveo 1.5 внутрішній 22*29,96888653,77648558,1111T250,KEMP
Шрус Chevrolet Aveo 1.6 ABS зовнішній 22*22,96183139,77642018,25078,KEMP
Шрус Chevrolet Cruze 09->  внутрішній,13318014,77648543,,KEMP
Шрус Chevrolet Cruze 09-> зовнішній,13318006,77648575,,KEMP
Шрус Chevrolet Evanda Epica внутренний,96489833,77641171,,KEMP
Шрус Chevrolet Evanda Epica зовнішній 28*32,77642014,77642014,22199,KEMP
Шрус Chevrolet Laceti 1.6 ABS зовнішній 33*22,96273760,77642017,24988/808019,KEMP
Шрус Dacia Logan Sandero 04-> зовнішній z21*30,6001548102,77648544,24160,KEMP
Шрус Daewoo Lanos 1.4-1.6 V16 АКП зовнішній з ABS 33*22,CVN8619,77642013,22197,KEMP
Шрус Daewoo Lanos Lachetti Nubira 1.6 16V 97- зовнішній 33*29 cABS,7764768,7764768,21947,KEMP
Шрус Daewoo Matiz Tico Chevrolet Spark (Matiz) внутрішній,96567442,77648569,,KEMP
Шрус Daewoo Matiz Tico Chevrolet Spark (Matiz) внутрішній,96273572,77648567,,KEMP
Шрус Daewoo Matiz зовнішній з ABS,96273571,77641037,21189,KEMP
"Шрус Daewoo Nexia, Lanos внутрішній",26010773,77643591,,KEMP
"Шрус Daewoo Nexia, Lanos внутрішній    GP",26010773,77643140,,KEMP
"Шрус Daewoo Nexia, Lanos зовнішній 22*29",7764744,7764744,21482,KEMP
Шрус Daewoo Nubira Chevrolet Laceti  внутрений 34*29,96245286,77648542,,KEMP
"Шрус Ford Scorpio, Sierra abs",77643335,77643335,21561,KEMP
"Шрус Ford Scorpio, Sierra abs (без гарантії)",1493963,7764735,21561,KEMP
Шрус Mercedes Mercedes Benz W164  07->(z30*37),A1643300801,77648545,1643300801,KEMP
Шрус Mercedes Mercedes Benz W164 CDI 06->(z30*39),1643302001,77648546,1643302001,KEMP
Шрус Mercedes Vito (638) 108-112 CDI 99-03; ABS:48: 27*36 зовнішн,77642299,77642299,20228,KEMP
Шрус Mercedes Vito (638) 108-112 CDI 99-03; внутрений,6383342334,77643109,21727,KEMP
Шрус Mercedes Vito (638) 108-112 CDI 99-03; внутрений,0144980010,77644366,26-1030,KEMP
Шрус Mercedes Vito (638) OM2.3 D TD 96-03; Opel Omega 2.0-3.0внутрішній,6383341734,77643649,21490,KEMP
Шрус Mercedes Vito (639)  Viano зовнішній,6393500710,77644735,24168,KEMP
Шрус Mercedes Vito (639)  Viano наружний,25-1606,77643575,,KEMP
Шрус Mercedes Vito/V Class 96-03;  A:27/F:27/O:38/X/ABS:48 зовні,7764766,7764766,20985,KEMP
Шрус Mercedes Vito/V Class 96-03;  A:27/F:27/O:38/X/ABS:48 наружн,25-1298MG,77643588,20985,KEMP
Шрус Mercedes Vito/V Class 96-03;  A:27/F:27/O:38/X/ABS:48 наружн,0003300036,77643104,20985,KEMP
Шрус Mercedes Vito/V Class 96-03;  A:27/F:27без ABS зовнішній,A6383340534,77643107,20985,KEMP
"ШРУС Opel 1,0-1,3/1,4/1.6 OHC/1,7DAstra G+Clas 1.4  внутренний",7764765,7764765,21451,KEMP
"ШРУС Opel 1,6D/1,6S -84;1,8 81-91;2,0 84-;1,7D 91- внутренн",7764767,7764767,21457,KEMP
ШРУС Opel Astra F Vectra B 1.4-1.6 ABS   91-02г.зовнішній,90345303,77642441,20181,KEMP
ШРУС Opel Astra G  98-05г.зовніш 33*22,77644993,77644993,21195,KEMP
"ШРУС Opel Astra H Vectra C Insignia Zafira 1.9-2,0 CDTI   05г.зовніш",1603275,77648565,23984,KEMP
"ШРУС Opel Astra H Zafira 1,4-1,6 04->г.наруж 33*22",77643648,77643648,23985,KEMP
ШРУС Opel Astra H Zafira 1.2 16V-2.0DTI 00-05г.зовніш 33*22,93182575,77642300,93182575,KEMP
ШРУС Opel Astra H Zafira 1.3-1.8 05г.зовнішній,1603274,77648541,23987,KEMP
ШРУС Opel Astra H Zafira 1.9 CDTI  2.0 TURBO 05г.зовнішній,1603270,77648540,23997,KEMP
"ШРУС Opel Astra H Zafira B 1.2-1,6 05г.внутрішній",93182585,77648566,93182585,KEMP
ШРУС Opel Astra J  1.3-1.6 09->.зовніш,13296183,77648557,,KEMP
ШРУС Opel Corsa D 1.0-1.2 05->Fiat Punto 1.2,25-1594MG,77647457,1603411/24297,KEMP
ШРУС Opel Corsa D 1.0-1.2 05->Fiat Punto 1.2,1603411,77648728,24297/25-1594MG,KEMP
"ШРУС Opel Kadet  зовнішній 1,3",90157131,7764329,21452,KEMP
"ШРУС Opel Kadet зовнішній 1,8",7764330,7764330,21455,KEMP
"ШРУС Opel Vectra 2,0 abs зовнішній",0374176,7764331,21427,KEMP
ШРУС Opel Vectra C Signum 1.8-2.2 16V 2.0 DTI 16V 02->,77643650,77643650,23798,KEMP
Шрус Peugeot 806 Ekspert Fiat Scudo Citroen Jumpy,9617408188,77644948,24543,KEMP
Шрус Skoda Fabia 1.2-1.4 Audi A2 VW Polo 00->,77642015,77642015,21586,KEMP
Шрус Skoda Fabia 1.2-1.4 VW Polo FOX  99-08 без рульового підсилювача,6Q0498099CX,77648563,,KEMP
Шрус Skoda Fabia Rapid VW Polo 02--> внутрішній,6QD498103,77648580,,KEMP
Шрус Skoda Fabia Rapid VW Polo 10-> зовнішній,6R0407763F,77643592,,KEMP
Шрус Skoda Oktavia 1.4-1.6/Golf-4 97-05 наруж.,7764738,7764738,20338,KEMP
Шрус Skoda Oktavia 1.6-2.0/Golf-4 97-05/Passat 2.8 зовні.,7764739,7764739,20340,KEMP
Шрус VW  Passat  Golf V/Octavia A5  1.4 05-> зовніш,1K0498099D,77648550,23687,KEMP
Шрус VW Caddi 3  0.4-> 1.9TDI внутрішній,1K0498103E,77644947,25177,KEMP
Шрус VW Caddi 3  0.4-> 1.9TDI вутренний,26-5009,77644039,1K0498103E,KEMP
Шрус VW Caddy 3  Passat/Golf/Octavia A5 Audi A1-A3.1.2- 2.0TDI 00-> внутрішній,1K0498103A,77648552,1K0498103A,KEMP
Шрус VW Caddy 3  Passat/Golf/Octavia A5 Audi A1-A3.1.2- 2.0TDI 00-> зовніш,5M0498099,77648559,,KEMP
Шрус VW Caddy 3  Passat/Golf/Octavia A5 Audi A3.1.6- 2.0TFSI 00-> внутрішній,1K0498103C,77648570,1K0498103C,KEMP
Шрус VW Caddy 3 1.4-2.0 Passat B6/Golf V/Octavia A5 .1.4TSI 2.0TDI 05-> зовніш,1K0407311L,77646973,23689,KEMP
Шрус VW Caddy 3 1.9TDI/Passat B6/Golf V/Octavia .1.8TSI 2.0TDI 05-> зовнішній,5N0498099,77647480,25225,KEMP
Шрус VW Caddy 3 1.9TDI/Passat B6/Golf V/Octavia .1.8TSI 2.0TDI 05-> наруж,77642011,77642011,23691,KEMP
"Шрус VW Golf -1,2,3 81-99 /Audi-80 81-87  1,3-1,6  зовніш",776429,776429,22461,KEMP
Шрус VW Golf 4:5/Octavia .1.4-1.6 97-> внутрішній,1K0498103B,77648551,24749,KEMP
"Шрус VW Golf-1,2,3,4 74-05/Passat В-2,-3  88-93 Audi-80 74-94 1,3-1,6 внутр",776425,776425,20258,KEMP
"Шрус VW Golf-1,2,3,4 Passat В-2,-3  Audi-80 Skoda Seat 1,3-1,6 внутр",6N0498103,77648737,22455,KEMP
"Шрус VW Golf-1,2,374-05/Passat В-2, 74-86 Audi-80 74-89 1,3-1,6 наруж",321498099F,77643138,20260,KEMP
Шрус VW Passat 96-05/A4/A6 1.6-2.0 abs зовні.,7764740,7764740,22681,KEMP
Шрус VW Passat 96-05/A4/A6 1.9-2.8 abs наруж.,7764741,7764741,22763,KEMP
Шрус VW Passat 96-05/A4/A6 2.6 2.8 95-00 Passat 2.3 VR5 зовніш ABS,77642016,77642016,22747,KEMP
Шрус VW Passat 96-05/A4/A6 Scoda SuperB 1.9TDI 00-> наруж. ABS,77642010,77642010,21091,KEMP
"Шрус VW Passat В3,B2/Golf-1,2,3  81-99 1,8-2,0  внутр",776426,776426,22497,KEMP
"Шрус VW Passat В3,B4/Golf-1,2,3 1,8-2,0 /Audi-80 81-87 зовніш",776430,776430,23548,KEMP
Шрус VW Polo/Golf/Octavia Fabia Audi A2 TT 98-> внутрішній,1J0498103K,77643106,25307,KEMP
Шрус VW Sharan Galaxy Alhambra 95-> зовнішній,7M0498099V,77648536,21572,KEMP
"Шрус VW Transporter T4  92-96 1,9-2,4 ABS зовніш",776432,776432,20596,KEMP
"Шрус VW Transporter T4  92-96 1,9-2,4 зовніш",776431,776431,20595,KEMP
Шрус VW Transporter T4  96-  зовні,7764742,7764742,22900,KEMP
Шрус VW Transporter T4  96-  зовні abs,7764743,7764743,22901,KEMP
Шрус VW Transporter T4 91-94  внутрішній,7764763,7764763,20597,KEMP
Шрус VW Transporter T4 96-03  внутрішній,26-1024,77643423,,KEMP
Шрус VW Transporter T4 96-03 внутрішній,77643605,77643605,22902,KEMP
"Шрус VW Transporter T5  0.3-> 1,9-2,0 ABS зовні 27*38",7H0498099,77644539,23979,KEMP
"Шрус VW Transporter T5  0.3-> 1,9-2,0 ABS зовніш 27*38",7H0498099,77643293,23 979,KEMP
Шрус VW Transporter T5  0.3-> 2.5TDI ABS зовні 29*38,7H0498099A,77644540,23981,KEMP
Шрус VW Transporter T5  0.3-> 2.5TDI ABS зовніш 29*38,7H0498099A,77643294,23 981,KEMP
"Шрус VW Transporter T5  0.3-09 1,9-2,5 внутрішній",7H0498103X,77648553,24566,KEMP
"ШРУС ВАЗ 2108, 2109",7764736,7764736,20817,KEMP
Шрус зовнішній Citroen Berlingo 08->C4 04->Peugeot Partner,32722X,77648555,21731,KEMP
Шрус зовнішній Fiat Ducato Boxer Jumper 94->,9566722380,77644473,20633,KEMP
Шрус зовнішній Fiat Ducato Boxer Jumper 94->,9566722180,77648564,20986,KEMP
Шрус зовнішній Fiat Scudo 1.9D,9619947580,77644949,24526,KEMP
Шрус зовнішній Ford Escort 1.4 - 1.6 - 90 г,77641166,77641166,21760,KEMP
Шрус зовнішній Ford Escort 1.4 - 1.8 д  90,77641170,77641170,23736,KEMP
Шрус зовнішній Ford Escort 90 - 2 підш,77641169,77641169,FD 815,KEMP
Шрус зовнішній Ford Fiesta 96->г,96AG3K183AB,77641238,20188,KEMP
Шрус зовнішній Ford Fiesta1.0 - 1.1 89 - 94 г,FD 819,77641168,,KEMP
Шрус зовнішній Ford Focus,77641167,77641167,FD 808,KEMP
Шрус зовнішній Ford Focus 2 04->C MAX 1.8-2.0 07->,1223725,77648549,24868,KEMP
Шрус зовнішній Ford Focus 2 1.4-1.6 04->C MAX 1.6 07->,1306055,77648548,24925,KEMP
Шрус зовнішній Ford Focus 3 11->C MAX  10->(27*24),1692086,77648574,,KEMP
Шрус зовнішній Ford Mondeo  93-00,1023250,77648538,20978,KEMP
Шрус зовнішній Ford Mondeo 3  00-07,1S7W3B413DA,77648537,21449,KEMP
Шрус зовнішній Ford Sierra Scorpio 4*4 (передній зовнішній),1627944,77647652,77647652,KEMP
Шрус зовнішній Ford Transit  2000 -- ( 26 шліц ),FD-821A48T,77641172,,KEMP
Шрус зовнішній Ford Transit  2000 -- ABS ( 28*26 шліц ),1C153A327BA,77643295,24065,KEMP
Шрус зовнішній Ford Transit  Connect,25-1489,77644379,25-1489/MG,KEMP
Шрус зовнішній Ford Transit  Connect (75 PS),SS9201,77644130,,KEMP
Шрус зовнішній Ford Transit  Connect (90PS),4512587,77644734,25123,KEMP
Шрус зовнішній Renault Trafic 2.0 2006->,8200452268,77646974,24874,KEMP
Шрус зовнішній Renault Trafic 2001->,77644541,77644541,22274/25-1549MG,KEMP
ШРУС карданного вала Audi A100 quattro,443498101B,77643940,,KEMP
ШРУС Москвич 2141,7764737,7764737,22996,KEMP
Шрус наружный Fiat Ducato Boxer Jumper 2006->,25-5040/MG,77644494,25-5040MG,KEMP
Шрус наружный Ford Focus 3  11-> 27*23,BV6Z-3B436-B,77648556,25412,KEMP
Шрус наружный Ford Transit V184 2000 -- ABS ( 28*26 шлиц ),SS4148,77644148,4119948,KEMP
Шрус наружный Renault Master 1998-> ABS,251371MG,77644474,25-1371/MG,KEMP
Шрус наружный Renault Master 2001-> ABS,251453MG,77644132,25-1453/MG,KEMP
Шрус наружный Renault Trafic 2001->,25-1549/MG,77644133,,KEMP
"Шрус треш внутрішній Ford Transit  Connect, (75 PS)",SS1437,77645178,2T143W007BA,KEMP
Шрус трешип внутрений Ford Fiesta Escort Orion,90AG4635AA,77642602,,KEMP
"Шрус трешип внутрений Ford Transit  Connect, (90 PS)",1501261,77645179,2T143W007AA/*SS1438,KEMP
Шрус тришип внутрішній Fiat Ducato Boxer Jumper 06->,46308312,77641035,,KEMP
Шрус тришип внутрішній Ford Focus 1.4-1.6 98->,XS4C3W007AA,77642603,1061883,KEMP
Шрус тришип внутрішній Ford Transit 2001->z26 d38,4119965,77642604,IC153W007AA,KEMP
"Шрус трьохшипний внутрішній Ford Focus 1,8-2,0 98-05",1061888,77648581,,KEMP
Штуцер насоса Г.У. Ford 00->,7C34 3F656 AA,77648928,,KEMP
Шыльдик 313 SDI,9018172214,,901 817 2214,KEMP
Шыльдик 316 SDI,9018175014,77646898,901 817 5014,KEMP
Щеточный узел  на стартер VW Audi,232968,77647968,232968,KEMP
Щеточный узел  на стартер VW Audi (тип Bosch),1004336900,77645393,068911209,KEMP
Щеточный узел  на стартер VW Audi (тип Bosch),1004336733,77643075,078911209,KEMP
"Щітка склоочищувачів VW/ Audi, Ford, Opel, Mersedes, BMW 450 mm",337002408,7764775,,KEMP
"Щітка склоочищувачів VW/Audi, Ford, Opel, Mersedes, BMW  550mm",3397118902,7764747,,KEMP
"Щітки дворниківVW/Audi,  500mm",,7764799,,KEMP
"Щітки склоочисників  VW/Audi, Ford, Opel, Mersedes, BMW  400 mm",357955427,7764400,/SWF117226,KEMP
"Щітки склоочищувачівVW/Audi, Ford, Opel, Mersedes, BMW  530mm",337002715,7764774,,KEMP
Щуп уровня масла с крышкой Renault Trafic 2.0 CDi,7701069551,77644918,,KEMP
Эмблема решетки радиатора OCTAVIA TOUR,1U0853621C,77647832,1U0 853 621C,KEMP
